id,group,markType,markTypeName,title,lat,lng,layer,time,version,sourceUrl
1pk237840ty,地点,201,庇护所,,1387,-1457,G,1743250485558,4,https://wiki.biligame.com/rocom/Data:Mapnew/type/201/json?action=raw
1ex8a1tqqah,地点,201,庇护所,大型眠枭庇护所,497,-1225,G,1743251925145,4,https://wiki.biligame.com/rocom/Data:Mapnew/type/201/json?action=raw
1oh2dwd4wdq,地点,201,庇护所,,130,-1148,G,1743252011502,4,https://wiki.biligame.com/rocom/Data:Mapnew/type/201/json?action=raw
2l9gayvb8bu,地点,201,庇护所,,621,1403,G,1743662220778,4,https://wiki.biligame.com/rocom/Data:Mapnew/type/201/json?action=raw
26anolwjz4f,地点,201,庇护所,,579,1694,G,1743662230671,4,https://wiki.biligame.com/rocom/Data:Mapnew/type/201/json?action=raw
1ovly67y52,地点,201,庇护所,,-2,2331,G,1743662261910,4,https://wiki.biligame.com/rocom/Data:Mapnew/type/201/json?action=raw
hqnxm0vmil,地点,201,庇护所,,11,1726,G,1743662279613,4,https://wiki.biligame.com/rocom/Data:Mapnew/type/201/json?action=raw
rhl9bzuywb,地点,201,庇护所,,72,1137,G,1743662320427,4,https://wiki.biligame.com/rocom/Data:Mapnew/type/201/json?action=raw
b8ppspm32m,地点,201,庇护所,,-458,1101,G,1743662346766,4,https://wiki.biligame.com/rocom/Data:Mapnew/type/201/json?action=raw
11j5ev49y8o,地点,201,庇护所,,1257,253,G,1743662380440,4,https://wiki.biligame.com/rocom/Data:Mapnew/type/201/json?action=raw
26lnmrcdjf,地点,201,庇护所,,776,1,G,1743662404235,4,https://wiki.biligame.com/rocom/Data:Mapnew/type/201/json?action=raw
1w5jx52hagi,地点,201,庇护所,,513,94,G,1743662421298,4,https://wiki.biligame.com/rocom/Data:Mapnew/type/201/json?action=raw
276k61cy6h3,地点,201,庇护所,,-61,93,G,1743662441799,4,https://wiki.biligame.com/rocom/Data:Mapnew/type/201/json?action=raw
1ba2ql3b7bi,地点,201,庇护所,,-266,-2131,G,1743662510286,4,https://wiki.biligame.com/rocom/Data:Mapnew/type/201/json?action=raw
15de6e2vabr,地点,201,庇护所,,-695,-2094,G,1743662538759,4,https://wiki.biligame.com/rocom/Data:Mapnew/type/201/json?action=raw
zuw1xxnkfw,地点,201,庇护所,,-836,-2663,G,1743662562364,4,https://wiki.biligame.com/rocom/Data:Mapnew/type/201/json?action=raw
2h8hfx074n,地点,201,庇护所,,-1304,-1621,G,1743662805271,4,https://wiki.biligame.com/rocom/Data:Mapnew/type/201/json?action=raw
26sdqahy5c5,地点,201,庇护所,,-1653,-2993,G,1743662827653,4,https://wiki.biligame.com/rocom/Data:Mapnew/type/201/json?action=raw
491gatkjxs,地点,201,庇护所,,-2021,-1895,G,1743662851824,4,https://wiki.biligame.com/rocom/Data:Mapnew/type/201/json?action=raw
dzys0sjddr,地点,201,庇护所,,-1504,-870,G,1743662868095,4,https://wiki.biligame.com/rocom/Data:Mapnew/type/201/json?action=raw
2k6glnztikk,地点,201,庇护所,,-1223,-1028,G,1743662879299,4,https://wiki.biligame.com/rocom/Data:Mapnew/type/201/json?action=raw
widc3kf3d4,地点,201,庇护所,,-168,474,G,1743662939848,4,https://wiki.biligame.com/rocom/Data:Mapnew/type/201/json?action=raw
27kqls8huy8,地点,201,庇护所,,-924,373,G,1743662972656,4,https://wiki.biligame.com/rocom/Data:Mapnew/type/201/json?action=raw
1hs0yeey8iw,地点,201,庇护所,,1566,848,G,1743663072680,4,https://wiki.biligame.com/rocom/Data:Mapnew/type/201/json?action=raw
146uvdmr33b,地点,201,庇护所,,-848,-589,G,1744155632231,4,https://wiki.biligame.com/rocom/Data:Mapnew/type/201/json?action=raw
xld1ojh928,地点,201,庇护所,,-65,-1879,G,1744272935712,4,https://wiki.biligame.com/rocom/Data:Mapnew/type/201/json?action=raw
1kqd8s0bdux,地点,201,庇护所,,-567,-953,G,1744273001193,4,https://wiki.biligame.com/rocom/Data:Mapnew/type/201/json?action=raw
2czp4kr8jpk,地点,201,庇护所,,730,2737,G,1744273211593,4,https://wiki.biligame.com/rocom/Data:Mapnew/type/201/json?action=raw
v4qtbbbg6k,地点,201,庇护所,,371,-380,G,1744375442860,4,https://wiki.biligame.com/rocom/Data:Mapnew/type/201/json?action=raw
1vntweg7mcn,地点,201,庇护所,,-1465,69,G,1745716204775,4,https://wiki.biligame.com/rocom/Data:Mapnew/type/201/json?action=raw
1ns95h3o0of,地点,201,庇护所,,-1196,-490,G,1745716318319,4,https://wiki.biligame.com/rocom/Data:Mapnew/type/201/json?action=raw
2poyro24kmo,地点,201,庇护所,,184,913,G,1747044078448,4,https://wiki.biligame.com/rocom/Data:Mapnew/type/201/json?action=raw
ezevdy7qmo,地点,210,小庇护所,,927,2073,G,1743662196880,4,https://wiki.biligame.com/rocom/Data:Mapnew/type/210/json?action=raw
2ev1p39usuy,地点,210,小庇护所,地下,219,1486,B1,1743662289562,4,https://wiki.biligame.com/rocom/Data:Mapnew/type/210/json?action=raw
20vp63h9zd3,地点,210,小庇护所,,909,-1113,G,1743662471239,4,https://wiki.biligame.com/rocom/Data:Mapnew/type/210/json?action=raw
jexaj7zoti,地点,210,小庇护所,,-396,64,G,1743662922598,4,https://wiki.biligame.com/rocom/Data:Mapnew/type/210/json?action=raw
jexatb5ip9,地点,210,小庇护所,,-1016,-2217,G,1744272895214,4,https://wiki.biligame.com/rocom/Data:Mapnew/type/210/json?action=raw
1kqd8s0au8j,地点,210,小庇护所,,-474,-1281,G,1744272975763,4,https://wiki.biligame.com/rocom/Data:Mapnew/type/210/json?action=raw
22ni58hdz3h,地点,210,小庇护所,,-500,312,G,1744273134573,4,https://wiki.biligame.com/rocom/Data:Mapnew/type/210/json?action=raw
26hqxfb5ohn,地点,210,小庇护所,,-774,-322,G,1745716380219,4,https://wiki.biligame.com/rocom/Data:Mapnew/type/210/json?action=raw
1inxgz277dy,地点,210,小庇护所,,-900,296,G,1746153910054,4,https://wiki.biligame.com/rocom/Data:Mapnew/type/210/json?action=raw
6ikgsqvsnt,地点,202,传送点,商店街周边的魔力之源,1292,-1434,G,1743568350425,4,https://wiki.biligame.com/rocom/Data:Mapnew/type/202/json?action=raw
20hiqb238yx,地点,202,传送点,月牙湖岸的魔力之源,688,-1617,G,1743568485930,4,https://wiki.biligame.com/rocom/Data:Mapnew/type/202/json?action=raw
16jxhl4rbcs,地点,202,传送点,彼得大道的魔力之源,1298,851,G,1743568812604,4,https://wiki.biligame.com/rocom/Data:Mapnew/type/202/json?action=raw
1p5vnlmnm4q,地点,202,传送点,王国城堡的魔力之源,-442,1740,G,1743569234378,4,https://wiki.biligame.com/rocom/Data:Mapnew/type/202/json?action=raw
361qye05th,地点,202,传送点,港口驻地的魔力之源,39,2423,G,1743569326965,4,https://wiki.biligame.com/rocom/Data:Mapnew/type/202/json?action=raw
1g07zhymvpo,地点,202,传送点,向日葵海岸的魔力之源,909,2416,G,1743569387532,4,https://wiki.biligame.com/rocom/Data:Mapnew/type/202/json?action=raw
11ts8mqd475,地点,202,传送点,月兔暗港的魔力之源,700,1748,G,1743569438849,4,https://wiki.biligame.com/rocom/Data:Mapnew/type/202/json?action=raw
b92slohg3,地点,202,传送点,望风半岛的魔力之源,415,1812,G,1743569490771,4,https://wiki.biligame.com/rocom/Data:Mapnew/type/202/json?action=raw
1o2vyaqydk2,地点,202,传送点,监管区的魔力之源,447,1302,G,1743569541922,4,https://wiki.biligame.com/rocom/Data:Mapnew/type/202/json?action=raw
23586lfjon0,地点,202,传送点,二叠山丘的魔力之源,117,787,G,1743569577596,4,https://wiki.biligame.com/rocom/Data:Mapnew/type/202/json?action=raw
20oly6ie2mc,地点,202,传送点,拾荒港口的魔力之源,854,421,G,1743569637060,4,https://wiki.biligame.com/rocom/Data:Mapnew/type/202/json?action=raw
1dqoyyh8z5w,地点,202,传送点,沉船漩涡的魔力之源,1165,-212,G,1743569706244,4,https://wiki.biligame.com/rocom/Data:Mapnew/type/202/json?action=raw
1x1geizkvb9,地点,202,传送点,咸水湾的魔力之源,659,-46,G,1743569757829,4,https://wiki.biligame.com/rocom/Data:Mapnew/type/202/json?action=raw
45ux69rub,地点,202,传送点,信仰者村落的魔力之源,163,293,G,1743569837876,4,https://wiki.biligame.com/rocom/Data:Mapnew/type/202/json?action=raw
29u9ma6mf9k,地点,202,传送点,晨曦山的魔力之源,58,368,G,1743569839304,4,https://wiki.biligame.com/rocom/Data:Mapnew/type/202/json?action=raw
1oysfq7gm9p,地点,202,传送点,圣所前哨的魔力之源,-8,-446,G,1743569941437,4,https://wiki.biligame.com/rocom/Data:Mapnew/type/202/json?action=raw
2o0pd5f0qyi,地点,202,传送点,聆风塔地的魔力之源,282,-1038,G,1743570000762,4,https://wiki.biligame.com/rocom/Data:Mapnew/type/202/json?action=raw
1f7v408llbo,地点,202,传送点,奥贝斯坦湖的魔力之源,-21,-1722,G,1743570102068,4,https://wiki.biligame.com/rocom/Data:Mapnew/type/202/json?action=raw
2f24wx6mhaz,地点,202,传送点,轻风山的魔力之源,-183,-2237,G,1743570168603,4,https://wiki.biligame.com/rocom/Data:Mapnew/type/202/json?action=raw
jt3q8k1gh2,地点,202,传送点,,-716,-2811,G,1743570238886,4,https://wiki.biligame.com/rocom/Data:Mapnew/type/202/json?action=raw
1r8bg9p8xj5,地点,202,传送点,挽风屏障的魔力之源,-1108,-2355,G,1743570294977,4,https://wiki.biligame.com/rocom/Data:Mapnew/type/202/json?action=raw
51ebr14m6u,地点,202,传送点,风眠圣所的魔力之源,-768,-1608,G,1743570634326,4,https://wiki.biligame.com/rocom/Data:Mapnew/type/202/json?action=raw
2ib40tulcze,地点,202,传送点,风息山口的魔力之源,-439,-1041,G,1743570700026,4,https://wiki.biligame.com/rocom/Data:Mapnew/type/202/json?action=raw
1ybjbpbokd7,地点,202,传送点,回填山涧的魔力之源,-578,-187,G,1743570770971,4,https://wiki.biligame.com/rocom/Data:Mapnew/type/202/json?action=raw
ty7hpejne4,地点,202,传送点,采邑地的魔力之源,-426,79,G,1743570771756,4,https://wiki.biligame.com/rocom/Data:Mapnew/type/202/json?action=raw
1azfwqfe7cc,地点,202,传送点,甜水农庄的魔力之源,-846,380,G,1743570981804,4,https://wiki.biligame.com/rocom/Data:Mapnew/type/202/json?action=raw
gno89mo4wj,地点,202,传送点,银蛇河口的魔力之源,-630,1425,G,1743571036371,4,https://wiki.biligame.com/rocom/Data:Mapnew/type/202/json?action=raw
21rlnhf5293,地点,202,传送点,咕嘟咕嘟浅滩的魔力之源,110,1406,G,1743571090855,4,https://wiki.biligame.com/rocom/Data:Mapnew/type/202/json?action=raw
250kre2wtaz,地点,202,传送点,岚语峰西侧的魔力之源,-1607,-2806,G,1743571289691,4,https://wiki.biligame.com/rocom/Data:Mapnew/type/202/json?action=raw
1ap65sveyx,地点,202,传送点,星霜崖地的魔力之源,-1900,-1945,G,1743571365257,4,https://wiki.biligame.com/rocom/Data:Mapnew/type/202/json?action=raw
1xj6g7lm126,地点,202,传送点,圣羽祭台的魔力之源,-1716,-1137,G,1743571427295,4,https://wiki.biligame.com/rocom/Data:Mapnew/type/202/json?action=raw
1ebymkt5jxr,地点,202,传送点,旧飞艇航道的魔力之源,-1312,-979,G,1743571484975,4,https://wiki.biligame.com/rocom/Data:Mapnew/type/202/json?action=raw
5fkshdpaja,地点,202,传送点,黑水峡的魔力之源,-1338,54,G,1745716081302,4,https://wiki.biligame.com/rocom/Data:Mapnew/type/202/json?action=raw
19swmhav6ya,地点,202,传送点,恶水沼泽的魔力之源,-1211,-398,G,1745716126450,4,https://wiki.biligame.com/rocom/Data:Mapnew/type/202/json?action=raw
26sdr8gk12l,地点,202,传送点,独角兽领地的魔力之源,-801,-302,G,1745716339309,4,https://wiki.biligame.com/rocom/Data:Mapnew/type/202/json?action=raw
175757f82fg,地点,203,炼金台,炼金台,895,-1366,G,1743568173388,4,https://wiki.biligame.com/rocom/Data:Mapnew/type/203/json?action=raw
1ktwue2pgay,地点,203,炼金台,炼金台,906,-1835,G,1743568541898,4,https://wiki.biligame.com/rocom/Data:Mapnew/type/203/json?action=raw
sdhqpwidz8,地点,203,炼金台,炼金台,1076,943,G,1743568902980,4,https://wiki.biligame.com/rocom/Data:Mapnew/type/203/json?action=raw
1st1795g0xp,地点,203,炼金台,炼金台,-485,1860,G,1743569076669,4,https://wiki.biligame.com/rocom/Data:Mapnew/type/203/json?action=raw
nufpogjqym,地点,203,炼金台,,-1734,-2966,G,1743661600574,4,https://wiki.biligame.com/rocom/Data:Mapnew/type/203/json?action=raw
2ko6nck3y32,地点,203,炼金台,,-1870,-1682,G,1743661622094,4,https://wiki.biligame.com/rocom/Data:Mapnew/type/203/json?action=raw
xhtfgpq9ut,地点,203,炼金台,,-1091,-1606,G,1743661653349,4,https://wiki.biligame.com/rocom/Data:Mapnew/type/203/json?action=raw
1ym65jz86dd,地点,203,炼金台,,-600,-2152,G,1743661674817,4,https://wiki.biligame.com/rocom/Data:Mapnew/type/203/json?action=raw
qlorwj7se5,地点,203,炼金台,,69,-2340,G,1743661690493,4,https://wiki.biligame.com/rocom/Data:Mapnew/type/203/json?action=raw
xe9tizyuj7,地点,203,炼金台,,-666,-940,G,1743661730323,4,https://wiki.biligame.com/rocom/Data:Mapnew/type/203/json?action=raw
4g4o68jq2b,地点,203,炼金台,,200,-885,G,1743661779635,4,https://wiki.biligame.com/rocom/Data:Mapnew/type/203/json?action=raw
1g07zjhnzfr,地点,203,炼金台,,-367,-344,G,1743661817895,4,https://wiki.biligame.com/rocom/Data:Mapnew/type/203/json?action=raw
1vntvgh392l,地点,203,炼金台,,-208,545,G,1743661830573,4,https://wiki.biligame.com/rocom/Data:Mapnew/type/203/json?action=raw
18fa2fahqe0,地点,203,炼金台,,-982,560,G,1743661843928,4,https://wiki.biligame.com/rocom/Data:Mapnew/type/203/json?action=raw
16gdvoycjcq,地点,203,炼金台,,-501,935,G,1743661858554,4,https://wiki.biligame.com/rocom/Data:Mapnew/type/203/json?action=raw
rai1gjzbbz,地点,203,炼金台,,192,2581,G,1743661877023,4,https://wiki.biligame.com/rocom/Data:Mapnew/type/203/json?action=raw
2ib40vcw2xs,地点,203,炼金台,,-7,1033,G,1743661899487,4,https://wiki.biligame.com/rocom/Data:Mapnew/type/203/json?action=raw
zyfnvn2r2q,地点,203,炼金台,,210,315,G,1743661914258,4,https://wiki.biligame.com/rocom/Data:Mapnew/type/203/json?action=raw
jwnc7sfwd0,地点,203,炼金台,,314,-490,G,1743661934996,4,https://wiki.biligame.com/rocom/Data:Mapnew/type/203/json?action=raw
1nhmbny5bil,地点,203,炼金台,,-1066,-136,G,1745716156301,4,https://wiki.biligame.com/rocom/Data:Mapnew/type/203/json?action=raw
7axc9c0s2b,地点,204,副本,海枝枝的守护地,1276,-1865,G,1743498944019,4,https://wiki.biligame.com/rocom/Data:Mapnew/type/204/json?action=raw
1jcqpcbgbii,地点,204,副本,恩佐的临时实验室,1278,-1402,G,1743568308554,4,https://wiki.biligame.com/rocom/Data:Mapnew/type/204/json?action=raw
1ahpv4yi8km,地点,204,副本,琉璃水母的守护地,1334,-600,G,1743759351271,4,https://wiki.biligame.com/rocom/Data:Mapnew/type/204/json?action=raw
10uc5jakuyz,地点,204,副本,九幽菇的守护地,493,-843,G,1744157794252,4,https://wiki.biligame.com/rocom/Data:Mapnew/type/204/json?action=raw
2jhnccrx0lm,地点,204,副本,迷迷箱怪的守护地,-581,-1904,G,1744194899018,4,https://wiki.biligame.com/rocom/Data:Mapnew/type/204/json?action=raw
11mp11ny38g,地点,204,副本,鳗尾兽的守护地,-1103,-2663,G,1744196268000,4,https://wiki.biligame.com/rocom/Data:Mapnew/type/204/json?action=raw
1sf87fuvee,地点,204,副本,精灵矿工,-946,-971,G,1744360695158,4,https://wiki.biligame.com/rocom/Data:Mapnew/type/204/json?action=raw
4joafiiery,地点,204,副本,浮落幽谷,-1102,-2229,G,1744360761678,4,https://wiki.biligame.com/rocom/Data:Mapnew/type/204/json?action=raw
1xq9og37get,地点,204,副本,尖嘴狐仙的守护地,-1622,-2520,G,1744360813013,4,https://wiki.biligame.com/rocom/Data:Mapnew/type/204/json?action=raw
17xk129nxwm,地点,204,副本,雪灵的守护地,-1985,-1464,G,1744360918118,4,https://wiki.biligame.com/rocom/Data:Mapnew/type/204/json?action=raw
1slxzqtbb26,地点,204,副本,风眠圣所,-1260,-1757,G,1744360989118,4,https://wiki.biligame.com/rocom/Data:Mapnew/type/204/json?action=raw
8hgnw70552,地点,204,副本,皇家狮鹫的守护地,-298,-14,G,1744361074950,4,https://wiki.biligame.com/rocom/Data:Mapnew/type/204/json?action=raw
2ot2908izpa,地点,204,副本,叮叮恶魔的守护地,762,349,G,1744361176382,4,https://wiki.biligame.com/rocom/Data:Mapnew/type/204/json?action=raw
1cr8vyeg78e,地点,204,副本,地下管道,1260,1040,G,1744361270942,4,https://wiki.biligame.com/rocom/Data:Mapnew/type/204/json?action=raw
2cavv271hh9,地点,204,副本,水晶屋,1347,941,G,1744361319869,4,https://wiki.biligame.com/rocom/Data:Mapnew/type/204/json?action=raw
1gw4haihdwt,地点,204,副本,彼得大道下水道入口,1446,1357,G,1744361458349,4,https://wiki.biligame.com/rocom/Data:Mapnew/type/204/json?action=raw
1jcqppgdcp9,地点,204,副本,圆号鱼的守护地,274,989,G,1744362628493,4,https://wiki.biligame.com/rocom/Data:Mapnew/type/204/json?action=raw
1mwcnf9tfud,地点,204,副本,上升管道,220,1710,地下,1744363252341,4,https://wiki.biligame.com/rocom/Data:Mapnew/type/204/json?action=raw
1ascp83luat,地点,204,副本,斑枭的守护地,-152,1421,G,1744363470757,4,https://wiki.biligame.com/rocom/Data:Mapnew/type/204/json?action=raw
2b7w5rcjoyk,地点,204,副本,大隐于市,-525,1817,G,1744363654428,4,https://wiki.biligame.com/rocom/Data:Mapnew/type/204/json?action=raw
1v9ng1f0z3i,地点,204,副本,晶石蜗的守护地,378,489,G,1744375948462,4,https://wiki.biligame.com/rocom/Data:Mapnew/type/204/json?action=raw
1r8bgn0y5v8,地点,204,副本,镜中世界,-830,954,G,1744376008244,4,https://wiki.biligame.com/rocom/Data:Mapnew/type/204/json?action=raw
26anoxpja8t,地点,204,副本,石冠王蜥的守护地,-635,1184,G,1744376035229,4,https://wiki.biligame.com/rocom/Data:Mapnew/type/204/json?action=raw
27vdgjcc7nj,地点,204,副本,怖哭菇的守护地,-984,-40,G,1745716169151,4,https://wiki.biligame.com/rocom/Data:Mapnew/type/204/json?action=raw
203cbjpkt1q,地点,204,副本,古拉多的守护地,-1528,-171,G,1745716241678,4,https://wiki.biligame.com/rocom/Data:Mapnew/type/204/json?action=raw
257oeffhwhj,地点,204,副本,幻影屋,814,-1323,G,1776580733367,4,https://wiki.biligame.com/rocom/Data:Mapnew/type/204/json?action=raw
291wqsf552q,地点,205,服装店,皮卡服装店,890,-1293,G,1743568127986,4,https://wiki.biligame.com/rocom/Data:Mapnew/type/205/json?action=raw
1v63tqcmtsz,地点,205,服装店,皮卡服装店,1286,1122,G,1743568749667,4,https://wiki.biligame.com/rocom/Data:Mapnew/type/205/json?action=raw
m66cpqrf3p,地点,205,服装店,皮卡服装店,-607,1822,G,1743569126197,4,https://wiki.biligame.com/rocom/Data:Mapnew/type/205/json?action=raw
q3yq6ehlfk,地点,206,商店,安妮商店,825,-1325,G,1743568153793,4,https://wiki.biligame.com/rocom/Data:Mapnew/type/206/json?action=raw
omsl4nv332,地点,206,商店,精灵道具店,1242,1044,G,1743568975966,4,https://wiki.biligame.com/rocom/Data:Mapnew/type/206/json?action=raw
14vo4ny90sc,地点,206,商店,精灵道具店,-566,1724,G,1743569185340,4,https://wiki.biligame.com/rocom/Data:Mapnew/type/206/json?action=raw
t5v1j1osop,地点,206,商店,月兔酒馆商店,463,1779,B1,1776910484537,4,https://wiki.biligame.com/rocom/Data:Mapnew/type/206/json?action=raw
1pk2inwhmkf,地点,206,商店,兰斯洛特商店,-500,1720,G,1776910624895,4,https://wiki.biligame.com/rocom/Data:Mapnew/type/206/json?action=raw
27a478xv8ys,地点,206,商店,白银骑士团商店,-512,1705,G,1776910626852,4,https://wiki.biligame.com/rocom/Data:Mapnew/type/206/json?action=raw
20s5zfmr7av,地点,206,商店,易西商店,-1517,-2723,G,1776910950327,4,https://wiki.biligame.com/rocom/Data:Mapnew/type/206/json?action=raw
piphvj42gm,地点,206,商店,萌萌商店,182,-804,G,1776911000694,4,https://wiki.biligame.com/rocom/Data:Mapnew/type/206/json?action=raw
6ikw469180,地点,206,商店,工匠协会商店,520,483,G,1776911025264,4,https://wiki.biligame.com/rocom/Data:Mapnew/type/206/json?action=raw
actnn4s3s2,地点,206,商店,万事通商店,834,-1342,G,1776911077922,4,https://wiki.biligame.com/rocom/Data:Mapnew/type/206/json?action=raw
19pdevhr2hf,地点,206,商店,博得商店,895,-1346,G,1776911118931,4,https://wiki.biligame.com/rocom/Data:Mapnew/type/206/json?action=raw
22gfcctl6w1,地点,206,商店,鹅鹅鹅长椅,884,-1324,G,1776911123233,4,https://wiki.biligame.com/rocom/Data:Mapnew/type/206/json?action=raw
2o49eejabss,地点,206,商店,可丽希亚商店,901,-1533,G,1776911148348,4,https://wiki.biligame.com/rocom/Data:Mapnew/type/206/json?action=raw
2kdk8talnh0,地点,206,商店,菲尔特商店,896,-1534,G,1776911157267,4,https://wiki.biligame.com/rocom/Data:Mapnew/type/206/json?action=raw
klh11oya51,地点,206,商店,福尔摩斯侦探社商店,1485,1090,G,1776911373269,4,https://wiki.biligame.com/rocom/Data:Mapnew/type/206/json?action=raw
1vux3du87n4,地点,207,扭蛋机,音乐唱片,-149,909,G,1743778601648,4,https://wiki.biligame.com/rocom/Data:Mapnew/type/207/json?action=raw
1y4g3xbxh07,地点,207,扭蛋机,可可果,835,-1354,G,1743778812759,4,https://wiki.biligame.com/rocom/Data:Mapnew/type/207/json?action=raw
14aehzovg4f,地点,207,扭蛋机,恶系灵石,-1400,-328,G,1745627502431,4,https://wiki.biligame.com/rocom/Data:Mapnew/type/207/json?action=raw
1kfqflez7ii,地点,207,扭蛋机,国王球套餐,-537,1959,G,1745636991690,4,https://wiki.biligame.com/rocom/Data:Mapnew/type/207/json?action=raw
2poyravsil8,地点,207,扭蛋机,,675,-169,G,1746247377949,4,https://wiki.biligame.com/rocom/Data:Mapnew/type/207/json?action=raw
1ltcyzjq58j,地点,207,扭蛋机,冬羽雀蛋,-1738,-2942,G,1746247433219,4,https://wiki.biligame.com/rocom/Data:Mapnew/type/207/json?action=raw
weu3aztery,地点,207,扭蛋机,,1324,923,G,1772272184078,4,https://wiki.biligame.com/rocom/Data:Mapnew/type/207/json?action=raw
vbufsf135u,地点,207,扭蛋机,羽翼的 粉末,-807,-1647,G,1776160658754,4,https://wiki.biligame.com/rocom/Data:Mapnew/type/207/json?action=raw
1zw9hnrvntj,地点,207,扭蛋机,咕噜噜的 宇宙,-110,-1670,G,1776160821591,4,https://wiki.biligame.com/rocom/Data:Mapnew/type/207/json?action=raw
t2bf8xkvpb,地点,207,扭蛋机,故障 机器人,554,1858,G,1776160870015,4,https://wiki.biligame.com/rocom/Data:Mapnew/type/207/json?action=raw
2jl7cz5gycy,地点,207,扭蛋机,矿石 大亨,848,173,G,1776160924402,4,https://wiki.biligame.com/rocom/Data:Mapnew/type/207/json?action=raw
xzjh49qcfj,地点,208,重量解谜,精灵称重,891,-1789,G,1743599446639,4,https://wiki.biligame.com/rocom/Data:Mapnew/type/208/json?action=raw
mgt6jed2o8,地点,208,重量解谜,,1025,-1281,G,1743599659208,4,https://wiki.biligame.com/rocom/Data:Mapnew/type/208/json?action=raw
1bh5yi4rexx,地点,208,重量解谜,,1292,-684,G,1743759650917,4,https://wiki.biligame.com/rocom/Data:Mapnew/type/208/json?action=raw
9nzz1dkqfp,地点,208,重量解谜,,-114,-1463,G,1744154280918,4,https://wiki.biligame.com/rocom/Data:Mapnew/type/208/json?action=raw
ealmadmzgi,地点,208,重量解谜,,-95,884,G,1744656658946,4,https://wiki.biligame.com/rocom/Data:Mapnew/type/208/json?action=raw
26vxd0flrqp,地点,208,重量解谜,,12,-910,G,1745369063089,4,https://wiki.biligame.com/rocom/Data:Mapnew/type/208/json?action=raw
21df8kr2nb9,地点,208,重量解谜,,-32,-1390,G,1745397108101,4,https://wiki.biligame.com/rocom/Data:Mapnew/type/208/json?action=raw
2dhf6ry0xmx,地点,208,重量解谜,,-817,2420,G,1745398134857,4,https://wiki.biligame.com/rocom/Data:Mapnew/type/208/json?action=raw
45hv5swtgu,地点,208,重量解谜,,-647,2401,G,1745398144302,4,https://wiki.biligame.com/rocom/Data:Mapnew/type/208/json?action=raw
41y9eqdxy4,地点,208,重量解谜,,1685,836,G,1745800048412,4,https://wiki.biligame.com/rocom/Data:Mapnew/type/208/json?action=raw
70ajo55fvj,地点,208,重量解谜,,327,-2180,G,1746157024416,4,https://wiki.biligame.com/rocom/Data:Mapnew/type/208/json?action=raw
1z3w8f9hz0c,地点,208,重量解谜,,-262,-606,G,1746243637372,4,https://wiki.biligame.com/rocom/Data:Mapnew/type/208/json?action=raw
2jzdpschkfc,地点,208,重量解谜,,1221,1432,G,1769771306408,4,https://wiki.biligame.com/rocom/Data:Mapnew/type/208/json?action=raw
xaqjntug6q,地点,208,重量解谜,,1273,1243,G,1769937114738,4,https://wiki.biligame.com/rocom/Data:Mapnew/type/208/json?action=raw
2gfrgbhgdzv,地点,209,小游戏,,-966,-2128,G,1744190826459,4,https://wiki.biligame.com/rocom/Data:Mapnew/type/209/json?action=raw
1qn1sxpsy9g,地点,209,小游戏,,-1274,-1595,G,1744194107764,4,https://wiki.biligame.com/rocom/Data:Mapnew/type/209/json?action=raw
k7a69s66d2,地点,209,小游戏,,-1427,-2841,G,1744196568502,4,https://wiki.biligame.com/rocom/Data:Mapnew/type/209/json?action=raw
2h84bwfts10,地点,209,小游戏,,1195,-1467,G,1744385511972,4,https://wiki.biligame.com/rocom/Data:Mapnew/type/209/json?action=raw
1y4g47kdpob,地点,209,小游戏,,1078,-1102,G,1744397669180,4,https://wiki.biligame.com/rocom/Data:Mapnew/type/209/json?action=raw
klgm89vqfk,地点,209,小游戏,,7,766,G,1744657588369,4,https://wiki.biligame.com/rocom/Data:Mapnew/type/209/json?action=raw
20olyoj10y2,地点,209,小游戏,,-148,2264,G,1744659099146,4,https://wiki.biligame.com/rocom/Data:Mapnew/type/209/json?action=raw
1xq9opc4ybu,地点,209,小游戏,,-579,-1207,G,1744920008394,4,https://wiki.biligame.com/rocom/Data:Mapnew/type/209/json?action=raw
ppsbdlyh9s,地点,209,小游戏,,-1002,-1961,G,1745628538096,4,https://wiki.biligame.com/rocom/Data:Mapnew/type/209/json?action=raw
2lczxt8sbq0,地点,209,小游戏,,-352,2006,G,1745636890201,4,https://wiki.biligame.com/rocom/Data:Mapnew/type/209/json?action=raw
24thkpd3ixy,地点,209,小游戏,,-712,530,G,1746154206118,4,https://wiki.biligame.com/rocom/Data:Mapnew/type/209/json?action=raw
4job97nz79,地点,209,小游戏,,849,-2073,G,1746156530934,4,https://wiki.biligame.com/rocom/Data:Mapnew/type/209/json?action=raw
1w20cmzsoxt,地点,209,小游戏,,0,854,G,1746785036353,4,https://wiki.biligame.com/rocom/Data:Mapnew/type/209/json?action=raw
1cnpn78h0q6,地点,209,小游戏,,752,2448,G,1773055545838,4,https://wiki.biligame.com/rocom/Data:Mapnew/type/209/json?action=raw
imkterv978,地点,209,小游戏,,1369,1059,G,1774941299540,4,https://wiki.biligame.com/rocom/Data:Mapnew/type/209/json?action=raw
225siajktcc,地点,209,小游戏,,598,-252,G,1776359222412,4,https://wiki.biligame.com/rocom/Data:Mapnew/type/209/json?action=raw
2eri37bqtu1,收集,801,果实,伊雷龙（160图鉴）,-545,971,G,1743769276553,4,https://wiki.biligame.com/rocom/Data:Mapnew/type/801/json?action=raw
k06y7a70ve,收集,801,果实,机械方方的果实,663,338,G,1743769339434,4,https://wiki.biligame.com/rocom/Data:Mapnew/type/801/json?action=raw
1t3o15m4aq2,收集,801,果实,小翼龙的果实,449,1230,G,1743769373002,4,https://wiki.biligame.com/rocom/Data:Mapnew/type/801/json?action=raw
1teauyrk0nm,收集,801,果实,裘洛的果实,534,2132,G,1743769396050,4,https://wiki.biligame.com/rocom/Data:Mapnew/type/801/json?action=raw
1x500k09huy,收集,801,果实,布鲁斯的果实,492,2580,G,1743769424554,4,https://wiki.biligame.com/rocom/Data:Mapnew/type/801/json?action=raw
1zi2n7l3xt6,收集,801,果实,圣剑侍从的果实,-519,-765,G,1744154832618,4,https://wiki.biligame.com/rocom/Data:Mapnew/type/801/json?action=raw
v8afn9thj0,收集,801,果实,小黑猫（90图鉴）,-712,-2814,G,1745236570876,4,https://wiki.biligame.com/rocom/Data:Mapnew/type/801/json?action=raw
20hir2nebo9,收集,801,果实,大耳帽兜（120图鉴）,-1935,-2174,G,1745236861337,4,https://wiki.biligame.com/rocom/Data:Mapnew/type/801/json?action=raw
k7a6qzkju0,收集,801,果实,咔咔羽毛的果实,231,-1829,G,1745236921448,4,https://wiki.biligame.com/rocom/Data:Mapnew/type/801/json?action=raw
2psicrw2mls,收集,801,果实,深蓝鲸（100图鉴）,985,-612,G,1745237043952,4,https://wiki.biligame.com/rocom/Data:Mapnew/type/801/json?action=raw
146uvvip8hr,收集,801,果实,墨鱿士（50图鉴）,414,-524,G,1745237218624,4,https://wiki.biligame.com/rocom/Data:Mapnew/type/801/json?action=raw
25sxnndfmbj,收集,801,果实,仪使者的果实,-871,-893,G,1745237571519,4,https://wiki.biligame.com/rocom/Data:Mapnew/type/801/json?action=raw
1092ieuuxti,收集,801,果实,噼啪鸟的果实,-86,-114,G,1745237998775,4,https://wiki.biligame.com/rocom/Data:Mapnew/type/801/json?action=raw
28gn3xqqvg2,收集,801,果实,波多西的果实,261,899,B1,1745238421426,4,https://wiki.biligame.com/rocom/Data:Mapnew/type/801/json?action=raw
2nx65pws1no,收集,801,果实,伏地兽的果实,1465,-1408,G,1775146052453,4,https://wiki.biligame.com/rocom/Data:Mapnew/type/801/json?action=raw
xzjhvdnlpp,收集,801,果实,可爱猿的果实,-22,2601,G,1775935084415,4,https://wiki.biligame.com/rocom/Data:Mapnew/type/801/json?action=raw
1f4bx1jv9ob,收集,801,果实,厉毒小萝的果实,-1200,-337,G,1776163178939,4,https://wiki.biligame.com/rocom/Data:Mapnew/type/801/json?action=raw
1ne2oqsnboc,收集,802,眠枭之星（蓝）,眠枭之星,1272.298259,-1502.749482,,,,https://map.17173.com/rocom/maps/shijie
1c2fm1cs39x,收集,802,眠枭之星（蓝）,眠枭之星,1246.241621,-1827.365965,,,,https://map.17173.com/rocom/maps/shijie
1cd2fui8gat,收集,802,眠枭之星（蓝）,墙角尖上,1349.661455,-1708.547427,,,,https://map.17173.com/rocom/maps/shijie
2m8weaxwopg,收集,802,眠枭之星（蓝）,眠枭之星,1132.233943,-1076.288426,,,,https://map.17173.com/rocom/maps/shijie
7axcdu0q6r,收集,802,眠枭之星（蓝）,猫头鹰,-992.158706,-825.887863,,,,https://map.17173.com/rocom/maps/shijie
2hf7jhpm4is,收集,802,眠枭之星（蓝）,星星,-1910.580089,-1284.309082,,,,https://map.17173.com/rocom/maps/shijie
md9koio54r,收集,802,眠枭之星（蓝）,星星,-1801.161637,-2260.360117,,,,https://map.17173.com/rocom/maps/shijie
1ae697fqx8j,收集,802,眠枭之星（蓝）,眠枭之星,-1221.526856,-2743.430869,,,,https://map.17173.com/rocom/maps/shijie
1zsph7wrja8,收集,802,眠枭之星（蓝）,眠枭之星,-1850.807554,-2387.831252,,,,https://map.17173.com/rocom/maps/shijie
27a3sjvfork,收集,802,眠枭之星（蓝）,风车轴承上的眠枭之星,-614.297277,-1301.526024,,,,https://map.17173.com/rocom/maps/shijie
17xk1hu1dva,收集,802,眠枭之星（蓝）,风车顶上,-374.091374,-1378.554636,,,,https://map.17173.com/rocom/maps/shijie
2fy1f6eees4,收集,802,眠枭之星（蓝）,眠枭之星,-979.003397,-2535.063627,,,,https://map.17173.com/rocom/maps/shijie
2jak5196xho,收集,802,眠枭之星（蓝）,眠枭之星,887.042709,-1102.013224,,,,https://map.17173.com/rocom/maps/shijie
2fgbdm3qj1n,收集,802,眠枭之星（蓝）,11,-1388.815069,-1819.621783,,,,https://map.17173.com/rocom/maps/shijie
29n6fct7vqz,收集,802,眠枭之星（蓝）,眠效之星,-1843.366304,-977.470702,,,,https://map.17173.com/rocom/maps/shijie
hg14wqxboh,收集,802,眠枭之星（蓝）,猫头鹰雕像眠枭之星,544.456975,-1990.032893,,,,https://map.17173.com/rocom/maps/shijie
r6ygmpy5ol,收集,802,眠枭之星（蓝）,用魔法打掉,-884.199506,-2016.050336,,,,https://map.17173.com/rocom/maps/shijie
nqw4uoq3ze,收集,802,眠枭之星（蓝）,墙壁上出水口,-1056.738365,-1726.494094,,,,https://map.17173.com/rocom/maps/shijie
26los0ax7j,收集,802,眠枭之星（蓝）,船帆上,975.548261,-2024.605231,,,,https://map.17173.com/rocom/maps/shijie
gr7vfm01pu,收集,802,眠枭之星（蓝）,眠枭之星,-1885.109951,-2630.764742,,,,https://map.17173.com/rocom/maps/shijie
2q6ot8apono,收集,802,眠枭之星（蓝）,眠枭之星,-1009.964934,-2959.952705,,,,https://map.17173.com/rocom/maps/shijie
ealn9j6bc4,收集,802,眠枭之星（蓝）,星星,-1689.99387,-1527.904114,,,,https://map.17173.com/rocom/maps/shijie
s2v7rfrf6c,收集,802,眠枭之星（蓝）,桥下的眠枭之星,513.334438,-1956.497876,,,,https://map.17173.com/rocom/maps/shijie
28k703ljqiq,收集,802,眠枭之星（蓝）,烟囱上面,546.208063,-2174.971678,,,,https://map.17173.com/rocom/maps/shijie
2yyu2pj12z,收集,802,眠枭之星（蓝）,对着窗户用星星魔法,556.319865,-2126.492103,,,,https://map.17173.com/rocom/maps/shijie
znt50pz3yj,收集,802,眠枭之星（蓝）,房屋窗户使用星星魔法,484.981203,-2101.960915,,,,https://map.17173.com/rocom/maps/shijie
2c3sxtgdhba,收集,802,眠枭之星（蓝）,塔顶,688.832381,-2104.449415,,,,https://map.17173.com/rocom/maps/shijie
18tgvgweujg,收集,802,眠枭之星（蓝）,眠枭之星,844.098842,-1415.778469,,,,https://map.17173.com/rocom/maps/shijie
2fgbq0bnzsh,收集,802,眠枭之星（蓝）,星,826.092748,-1513.422427,,,,https://map.17173.com/rocom/maps/shijie
13llktxa8ck,收集,802,眠枭之星（蓝）,眠枭之星,892.303405,-1345.709076,,,,https://map.17173.com/rocom/maps/shijie
yvgbvitqj5,收集,802,眠枭之星（蓝）,眠枭之星,804.882382,-1318.701095,,,,https://map.17173.com/rocom/maps/shijie
1a3jsn919pz,收集,802,眠枭之星（蓝）,眠枭之星,869.323084,-1295.206665,,,,https://map.17173.com/rocom/maps/shijie
1py8wfoxdpd,收集,802,眠枭之星（蓝）,蓝星,1009.315438,-1011.085219,,,,https://map.17173.com/rocom/maps/shijie
1ukujj7r0t2,收集,802,眠枭之星（蓝）,风车顶上有个眠心,704.137621,-948.259313,,,,https://map.17173.com/rocom/maps/shijie
imksf3jav6,收集,802,眠枭之星（蓝）,眠枭之星,574.04538,-1005.052284,,,,https://map.17173.com/rocom/maps/shijie
263ku43i50l,收集,802,眠枭之星（蓝）,星星,333.090344,-1508.740851,,,,https://map.17173.com/rocom/maps/shijie
2bt66fp48bq,收集,802,眠枭之星（蓝）,眠枭之星,385.295265,-1650.868383,,,,https://map.17173.com/rocom/maps/shijie
18mdnoe8dky,收集,802,眠枭之星（蓝）,飞船里有一颗,655.241254,-1410.85159,,,,https://map.17173.com/rocom/maps/shijie
229c2l6m5qy,收集,802,眠枭之星（蓝）,眠枭之星,185.436378,-1244.152688,,,,https://map.17173.com/rocom/maps/shijie
1zi30d48jjl,收集,802,眠枭之星（蓝）,眠枭之星,258.392985,-1018.480229,,,,https://map.17173.com/rocom/maps/shijie
2hwxyi6la80,收集,802,眠枭之星（蓝）,眠枭之星,505.856461,-1223.875801,,,,https://map.17173.com/rocom/maps/shijie
q0fhny80by,收集,802,眠枭之星（蓝）,眠枭之星,933.771502,-1538.054354,,,,https://map.17173.com/rocom/maps/shijie
32ijfkdymv,收集,802,眠枭之星（蓝）,眠枭之星,1084.315941,-1298.066202,,,,https://map.17173.com/rocom/maps/shijie
2b0tbzflewa,收集,802,眠枭之星（蓝）,星星魔法,-1864.493323,-2416.205838,,,,https://map.17173.com/rocom/maps/shijie
1qjil7q3dic,收集,802,眠枭之星（蓝）,眠枭之星,411.71909,-1280.831164,,,,https://map.17173.com/rocom/maps/shijie
2mg00o34jdo,收集,802,眠枭之星（蓝）,窗户上,1761.311685,-1408.177569,,,,https://map.17173.com/rocom/maps/shijie
2488aegzpaj,收集,802,眠枭之星（蓝）,星星在船帆上,1615.523005,-1347.07575,,,,https://map.17173.com/rocom/maps/shijie
1i2o6o6lxtg,收集,802,眠枭之星（蓝）,房顶尖上,1788.788172,-1469.180456,,,,https://map.17173.com/rocom/maps/shijie
13mczpkb3x,收集,802,眠枭之星（蓝）,星星,-1583.449301,-2791.113011,,,,https://map.17173.com/rocom/maps/shijie
2clj37mwcc2,收集,802,眠枭之星（蓝）,眠枭之星,-1332.308592,-2491.986986,,,,https://map.17173.com/rocom/maps/shijie
2jl7cpkta5g,收集,802,眠枭之星（蓝）,猫头鹰用魔法,-1513.309371,-2899.458153,,,,https://map.17173.com/rocom/maps/shijie
7p46repo3f,收集,802,眠枭之星（蓝）,星星,-1332.601798,-865.253185,,,,https://map.17173.com/rocom/maps/shijie
1n3g9nmqmuh,收集,802,眠枭之星（蓝）,猫头鹰雕像用星星魔法打,-329.412944,-885.983211,,,,https://map.17173.com/rocom/maps/shijie
1uoe6ru56pi,收集,802,眠枭之星（蓝）,草里有星星,165.682485,-1401.197132,,,,https://map.17173.com/rocom/maps/shijie
1rq1woc2nv2,收集,802,眠枭之星（蓝）,眠枭之星在风车上,70.915679,-1264.096188,,,,https://map.17173.com/rocom/maps/shijie
17carsxwnoc,收集,802,眠枭之星（蓝）,眠枭之星,-42.886244,-1354.756237,,,,https://map.17173.com/rocom/maps/shijie
29n6t52joui,收集,802,眠枭之星（蓝）,帐篷顶,879.0956,-1836.385661,,,,https://map.17173.com/rocom/maps/shijie
6m4hgtv4kg,收集,802,眠枭之星（蓝）,星星,85.585176,-2428.474596,,,,https://map.17173.com/rocom/maps/shijie
p82nhbrdeo,收集,802,眠枭之星（蓝）,猫头鹰雕像/用星星魔法敲一下,-88.481039,-2440.79931,,,,https://map.17173.com/rocom/maps/shijie
16geads72iq,收集,802,眠枭之星（蓝）,断桥上靠近山体,-422.689343,-2345.513103,,,,https://map.17173.com/rocom/maps/shijie
1gli1umklex,收集,802,眠枭之星（蓝）,猫头鹰用星星魔法打一下,-444.291231,-2125.281404,,,,https://map.17173.com/rocom/maps/shijie
24meqdkcsbv,收集,802,眠枭之星（蓝）,眠枭之星*3,-1285.590788,-1763.179311,,,,https://map.17173.com/rocom/maps/shijie
1kqdn8947xu,收集,802,眠枭之星（蓝）,帐篷顶上,-1943.597018,-1691.182404,,,,https://map.17173.com/rocom/maps/shijie
14s4xt30c1t,收集,802,眠枭之星（蓝）,眠枭之星,-1841.907492,-1671.340348,,,,https://map.17173.com/rocom/maps/shijie
1igun1i1ibi,收集,802,眠枭之星（蓝）,帐篷顶上,-1740.949603,-2961.010406,,,,https://map.17173.com/rocom/maps/shijie
1xmqh9wj9wk,收集,802,眠枭之星（蓝）,魔法打一下石像,-1905.117695,-2434.363454,,,,https://map.17173.com/rocom/maps/shijie
oqcm70mtva,收集,802,眠枭之星（蓝）,眠枭之星,-1120.10033,-2972.262971,,,,https://map.17173.com/rocom/maps/shijie
cf9g4gzycx,收集,802,眠枭之星（蓝）,眠枭之星,-555.692077,-2755.97862,,,,https://map.17173.com/rocom/maps/shijie
73ujjrfjfq,收集,802,眠枭之星（蓝）,眠枭之星,-716.604412,-2385.976021,,,,https://map.17173.com/rocom/maps/shijie
28gniau7218,收集,802,眠枭之星（蓝）,星星,-795.513024,-2566.831708,,,,https://map.17173.com/rocom/maps/shijie
myjnc7ca6z,收集,802,眠枭之星（蓝）,眠枭之星,-869.044541,-2754.364059,,,,https://map.17173.com/rocom/maps/shijie
206wbmnbjh4,收集,802,眠枭之星（蓝）,眠枭之星,-797.352227,-2364.681783,,,,https://map.17173.com/rocom/maps/shijie
cmcnzxr0t9,收集,802,眠枭之星（蓝）,树上,-1191.637316,-2793.784387,,,,https://map.17173.com/rocom/maps/shijie
oxfu2jph9s,收集,802,眠枭之星（蓝）,眠枭之星（树上）,-1203.604732,-2822.946281,,,,https://map.17173.com/rocom/maps/shijie
2bt6858on88,收集,802,眠枭之星（蓝）,眠枭之星（树下）,-1204.551095,-2798.190365,,,,https://map.17173.com/rocom/maps/shijie
1f7vj4yjw3y,收集,802,眠枭之星（蓝）,星星,-456.564722,-2331.808958,,,,https://map.17173.com/rocom/maps/shijie
wbajbbk2kh,收集,802,眠枭之星（蓝）,星星,-173.972349,-2403.302801,,,,https://map.17173.com/rocom/maps/shijie
225siczu9pg,收集,802,眠枭之星（蓝）,再打个标防不看标题，这里两颗瀑布左右各一颗,-430.566988,-2293.466896,,,,https://map.17173.com/rocom/maps/shijie
1rtlj0q1d5i,收集,802,眠枭之星（蓝）,瀑布中间层，左右两个,-442.425168,-2284.225291,,,,https://map.17173.com/rocom/maps/shijie
2isuhn61ooc,收集,802,眠枭之星（蓝）,星星,-1126.295254,-2232.587494,,,,https://map.17173.com/rocom/maps/shijie
s6exz8hcuo,收集,802,眠枭之星（蓝）,眠枭之星,-627.83325,-2159.304335,,,,https://map.17173.com/rocom/maps/shijie
1ebz1pj8dt2,收集,802,眠枭之星（蓝）,眠枭之星,-668.764428,-2077.999992,,,,https://map.17173.com/rocom/maps/shijie
skldq3riwj,收集,802,眠枭之星（蓝）,在天上/高空,-656.140236,-1911.499212,,,,https://map.17173.com/rocom/maps/shijie
10xw6c1fpfk,收集,802,眠枭之星（蓝）,眠枭之星,-568.67314,-1744.691053,,,,https://map.17173.com/rocom/maps/shijie
2h4l4pzigjo,收集,802,眠枭之星（蓝）,星,-511.770667,-1814.821511,,,,https://map.17173.com/rocom/maps/shijie
10jpql69nzx,收集,802,眠枭之星（蓝）,瀑布腰中间一首曲子，曲子上方瀑布中间秃石有颗星星,-390.886079,-1861.590659,,,,https://map.17173.com/rocom/maps/shijie
2ilr9rqto3k,收集,802,眠枭之星（蓝）,石碑上,-2082.751367,-1382.415399,,,,https://map.17173.com/rocom/maps/shijie
83amx033wt,收集,802,眠枭之星（蓝）,眠枭之星,-1675.560191,-1865.413112,,,,https://map.17173.com/rocom/maps/shijie
2mjjn8f8vzw,收集,802,眠枭之星（蓝）,眠枭之星,-2088.333044,-2015.713319,,,,https://map.17173.com/rocom/maps/shijie
13w8gfk1c2x,收集,802,眠枭之星（蓝）,眠枭之星,-2016.454008,-2291.9095,,,,https://map.17173.com/rocom/maps/shijie
zyg2yvuiyw,收集,802,眠枭之星（蓝）,星星,-1526.968267,-889.018864,,,,https://map.17173.com/rocom/maps/shijie
77e5hk0inc,收集,802,眠枭之星（蓝）,星星,-1523.970201,-921.019361,,,,https://map.17173.com/rocom/maps/shijie
ls0c3njpa9,收集,802,眠枭之星（蓝）,星星,-1522.972681,-858.018996,,,,https://map.17173.com/rocom/maps/shijie
o8mkiksci0,收集,802,眠枭之星（蓝）,眠枭之星,-1724.443945,-1265.640194,,,,https://map.17173.com/rocom/maps/shijie
1ybjqu2tzih,收集,802,眠枭之星（蓝）,眠枭之星,-1841.465396,-1360.914124,,,,https://map.17173.com/rocom/maps/shijie
2gmv31f2y0h,收集,802,眠枭之星（蓝）,魔法棒互动,-1690.222275,-1450.918916,,,,https://map.17173.com/rocom/maps/shijie
9gx6126hoe,收集,802,眠枭之星（蓝）,眠枭之星,1245.293837,-1441.749764,,,,https://map.17173.com/rocom/maps/shijie
23mynesz7g3,收集,802,眠枭之星（蓝）,幻影屋副本内,807.468205,-1292.922176,,,,https://map.17173.com/rocom/maps/shijie
1cr9aq3nctu,收集,802,眠枭之星（蓝）,帐篷顶,202.133771,-867.260705,,,,https://map.17173.com/rocom/maps/shijie
14olbxbgdme,收集,802,眠枭之星（蓝）,这边雨伞的顶上 使用星星魔法 可以掉落眠心,825.902666,-838.008668,,,,https://map.17173.com/rocom/maps/shijie
2jsal0dt5d8,收集,802,眠枭之星（蓝）,树上面,115.672267,-1780.494663,,,,https://map.17173.com/rocom/maps/shijie
8hh2nwl1uc,收集,802,眠枭之星（蓝）,桥下,6.265324,-1680.204569,,,,https://map.17173.com/rocom/maps/shijie
17je0344bpj,收集,802,眠枭之星（蓝）,星星魔法打窗户,-28.660627,-1577.550714,,,,https://map.17173.com/rocom/maps/shijie
5moei46bv6,收集,802,眠枭之星（蓝）,旗杆上,-16.772913,-1561.513949,,,,https://map.17173.com/rocom/maps/shijie
2e9sgk8ny14,收集,802,眠枭之星（蓝）,木桥底下,-222.906433,-1897.810218,,,,https://map.17173.com/rocom/maps/shijie
19ltsr64fhd,收集,802,眠枭之星（蓝）,对猫头鹰用星星魔法,-321.016499,-1751.876333,,,,https://map.17173.com/rocom/maps/shijie
widr6ty9dv,收集,802,眠枭之星（蓝）,眠枭之星,-530.264051,-1711.644274,,,,https://map.17173.com/rocom/maps/shijie
f2ywey3w1h,收集,802,眠枭之星（蓝）,石头亭子里的眠枭之星,-365.647668,-1053.002256,,,,https://map.17173.com/rocom/maps/shijie
159uzjmyhsa,收集,802,眠枭之星（蓝）,眠枭之星，星星魔法碎石风场飞天,-221.962878,-903.266719,,,,https://map.17173.com/rocom/maps/shijie
1v2kmxgkrsd,收集,802,眠枭之星（蓝）,眠枭之星,-146.318398,-906.456115,,,,https://map.17173.com/rocom/maps/shijie
2mjjn8gxcsk,收集,802,眠枭之星（蓝）,眠枭之星,-2.119254,-919.22045,,,,https://map.17173.com/rocom/maps/shijie
114ze7j2rva,收集,802,眠枭之星（蓝）,眠枭之星,35.035683,-1109.014563,,,,https://map.17173.com/rocom/maps/shijie
lz3jz4pkff,收集,802,眠枭之星（蓝）,眠枭之星风车上,47.438104,-1305.594397,,,,https://map.17173.com/rocom/maps/shijie
1lptqycwvc6,收集,802,眠枭之星（蓝）,眠枭之星,-125.166225,-1298.749981,,,,https://map.17173.com/rocom/maps/shijie
1l83p9rvs2q,收集,802,眠枭之星（蓝）,星星,-364.537463,-1168.718293,,,,https://map.17173.com/rocom/maps/shijie
156bdlx92mf,收集,802,眠枭之星（蓝）,石堆上面,-300.477916,-1507.25706,,,,https://map.17173.com/rocom/maps/shijie
uu4e9ngvry,收集,802,眠枭之星（蓝）,蓝星星,-684.662915,-918.247507,,,,https://map.17173.com/rocom/maps/shijie
aujp54iz4l,收集,802,眠枭之星（蓝）,木楼梯下的猫头鹰雕像，星星魔法敲一下,-741.428974,-1091.060041,,,,https://map.17173.com/rocom/maps/shijie
db5xk1q5l5,收集,802,眠枭之星（蓝）,白色塔顶上,-772.784294,-1229.640239,,,,https://map.17173.com/rocom/maps/shijie
2ekfademh35,收集,802,眠枭之星（蓝）,白色塔顶上,-710.839037,-1297.646247,,,,https://map.17173.com/rocom/maps/shijie
1ywtegf7rfp,收集,802,眠枭之星（蓝）,白色破掉的塔顶上,-694.353085,-1336.647997,,,,https://map.17173.com/rocom/maps/shijie
1habbt3nj9x,收集,802,眠枭之星（蓝）,白色塔顶上,-651.889942,-1410.15231,,,,https://map.17173.com/rocom/maps/shijie
24x1kl5hq9l,收集,802,眠枭之星（蓝）,白色塔顶上,-635.817152,-1485.244895,,,,https://map.17173.com/rocom/maps/shijie
yyzzlrhr6q,收集,802,眠枭之星（蓝）,塔有3个,-830.394408,-1810.167674,,,,https://map.17173.com/rocom/maps/shijie
wlxd4k4s84,收集,802,眠枭之星（蓝）,星星,-984.058862,-1927.106105,,,,https://map.17173.com/rocom/maps/shijie
actngjm7iq,收集,802,眠枭之星（蓝）,星星,-1131.415676,-1944.689022,,,,https://map.17173.com/rocom/maps/shijie
klh0v3mlw1,收集,802,眠枭之星（蓝）,城墙上的平台靠近墙壁,-1361.084809,-1614.51834,,,,https://map.17173.com/rocom/maps/shijie
2m1tljw58gg,收集,802,眠枭之星（蓝）,眠枭之星,-1385.947758,-1538.363738,,,,https://map.17173.com/rocom/maps/shijie
v8au0ivemb,收集,802,眠枭之星（蓝）,帐篷顶,-1093.534003,-1570.867641,,,,https://map.17173.com/rocom/maps/shijie
6t7pqqkyis,收集,802,眠枭之星（蓝）,桥的下方,-1043.200275,-1694.038108,,,,https://map.17173.com/rocom/maps/shijie
qzvmqp5yno,收集,802,眠枭之星（蓝）,猫头鹰雕像用星星魔法激活,-920.965148,-1702.645039,,,,https://map.17173.com/rocom/maps/shijie
eam0x7zf9p,收集,802,眠枭之星（蓝）,星星,-984.95776,-1598.414369,,,,https://map.17173.com/rocom/maps/shijie
2mcgfd1maxw,收集,802,眠枭之星（蓝）,眠枭之星,-891.621373,-1286.472321,,,,https://map.17173.com/rocom/maps/shijie
bftcrfmtbx,收集,802,眠枭之星（蓝）,星星,-1356.57954,-881.751169,,,,https://map.17173.com/rocom/maps/shijie
11xc9p9wbdk,收集,802,眠枭之星（蓝）,眠枭之星,-1307.032932,-872.882109,,,,https://map.17173.com/rocom/maps/shijie
2oc4ems2rg,收集,802,眠枭之星（蓝）,星星,-900.956951,-904.354046,,,,https://map.17173.com/rocom/maps/shijie
2o0psa8fy68,收集,802,眠枭之星（蓝）,房顶上,-973.222036,-1056.194273,,,,https://map.17173.com/rocom/maps/shijie
1st1mdzf5uv,收集,802,眠枭之星（蓝）,眠枭之星（在巢正上方）,-1041.871058,-1013.917792,,,,https://map.17173.com/rocom/maps/shijie
8okajd2f5s,收集,802,眠枭之星（蓝）,星星,-1095.073189,-1143.354768,,,,https://map.17173.com/rocom/maps/shijie
21gz8t2ir3n,收集,802,眠枭之星（蓝）,星星,-1439.397197,-1492.218204,,,,https://map.17173.com/rocom/maps/shijie
2p78ohca030,收集,803,眠枭之星（金）,,-111,2509,G,1743770824427,4,https://wiki.biligame.com/rocom/Data:Mapnew/type/803/json?action=raw
276k635jzma,收集,803,眠枭之星（金）,,-322,710,G,1743770954771,4,https://wiki.biligame.com/rocom/Data:Mapnew/type/803/json?action=raw
361r1q2430,收集,803,眠枭之星（金）,,-300,-107,G,1743770971948,4,https://wiki.biligame.com/rocom/Data:Mapnew/type/803/json?action=raw
20oly9u9fyz,收集,803,眠枭之星（金）,,-319,-85,G,1743770975003,4,https://wiki.biligame.com/rocom/Data:Mapnew/type/803/json?action=raw
gd1ejsalpf,收集,803,眠枭之星（金）,上空,-1,-392,G,1743770989667,4,https://wiki.biligame.com/rocom/Data:Mapnew/type/803/json?action=raw
124f2khuwhv,收集,803,眠枭之星（金）,需要星星魔法击打,1659,1124,G,1743848374531,4,https://wiki.biligame.com/rocom/Data:Mapnew/type/803/json?action=raw
1zsph0qt0y5,收集,803,眠枭之星（金）,,-559,-655,G,1744155292685,4,https://wiki.biligame.com/rocom/Data:Mapnew/type/803/json?action=raw
361r83eh40,收集,803,眠枭之星（金）,,-893,-725,G,1744156180768,4,https://wiki.biligame.com/rocom/Data:Mapnew/type/803/json?action=raw
i8dzk0s4is,收集,803,眠枭之星（金）,地表 星星魔法砸猫头鹰,162,342,G,1744231441893,4,https://wiki.biligame.com/rocom/Data:Mapnew/type/803/json?action=raw
1cr8vz0pi7r,收集,803,眠枭之星（金）,,978,943,G,1744398656631,4,https://wiki.biligame.com/rocom/Data:Mapnew/type/803/json?action=raw
143b9jxqgtc,收集,803,眠枭之星（金）,需要星星魔法击打,1349,1112,G,1744398824608,4,https://wiki.biligame.com/rocom/Data:Mapnew/type/803/json?action=raw
bqfrth6a8f,收集,803,眠枭之星（金）,墙壁海报上,1370,950,G,1744398896719,4,https://wiki.biligame.com/rocom/Data:Mapnew/type/803/json?action=raw
146uvhnosbn,收集,803,眠枭之星（金）,烟囱里,1414,1371,G,1744399069283,4,https://wiki.biligame.com/rocom/Data:Mapnew/type/803/json?action=raw
i8dzmtjai5,收集,803,眠枭之星（金）,,1041,162,G,1744400670957,4,https://wiki.biligame.com/rocom/Data:Mapnew/type/803/json?action=raw
10cm42pi58x,收集,803,眠枭之星（金）,房屋下方,518,1628,G,1744641461265,4,https://wiki.biligame.com/rocom/Data:Mapnew/type/803/json?action=raw
1vux3s3znio,收集,803,眠枭之星（金）,屋顶,520,1659,G,1744641524944,4,https://wiki.biligame.com/rocom/Data:Mapnew/type/803/json?action=raw
1seus00uvcz,收集,803,眠枭之星（金）,塔楼内,228,1020,G,1744641751619,4,https://wiki.biligame.com/rocom/Data:Mapnew/type/803/json?action=raw
7w70ejdvr6,收集,803,眠枭之星（金）,星星魔法,765,273,G,1744641953026,4,https://wiki.biligame.com/rocom/Data:Mapnew/type/803/json?action=raw
2h84c0olp7k,收集,803,眠枭之星（金）,房顶,-287,-565,G,1744642116319,4,https://wiki.biligame.com/rocom/Data:Mapnew/type/803/json?action=raw
2mxpoc9gm7g,收集,803,眠枭之星（金）,星星魔法,-488,-447,G,1744642141547,4,https://wiki.biligame.com/rocom/Data:Mapnew/type/803/json?action=raw
2nizbykcgww,收集,803,眠枭之星（金）,星星魔法,-409,586,G,1744642206879,4,https://wiki.biligame.com/rocom/Data:Mapnew/type/803/json?action=raw
13i1m1o48uj,收集,803,眠枭之星（金）,,-814,777,G,1744642752971,4,https://wiki.biligame.com/rocom/Data:Mapnew/type/803/json?action=raw
25pe1g1ppy7,收集,803,眠枭之星（金）,,-74,963,G,1744656572575,4,https://wiki.biligame.com/rocom/Data:Mapnew/type/803/json?action=raw
257nzrhkqxl,收集,803,眠枭之星（金）,桥下半空,-203,1252,G,1744658084441,4,https://wiki.biligame.com/rocom/Data:Mapnew/type/803/json?action=raw
206vwzz1j9j,收集,803,眠枭之星（金）,,159,2676,G,1744660866759,4,https://wiki.biligame.com/rocom/Data:Mapnew/type/803/json?action=raw
26vxcoqg163,收集,803,眠枭之星（金）,星星魔法,838,2524,G,1744661677035,4,https://wiki.biligame.com/rocom/Data:Mapnew/type/803/json?action=raw
28yd5elfej3,收集,803,眠枭之星（金）,,74,1019,G,1744770888783,4,https://wiki.biligame.com/rocom/Data:Mapnew/type/803/json?action=raw
lkwpvigdlt,收集,803,眠枭之星（金）,,91,-363,G,1745266444001,4,https://wiki.biligame.com/rocom/Data:Mapnew/type/803/json?action=raw
1bkpl7vqatc,收集,803,眠枭之星（金）,,-1104,248,G,1745454654528,4,https://wiki.biligame.com/rocom/Data:Mapnew/type/803/json?action=raw
105iwkq2uua,收集,803,眠枭之星（金）,,-1225,320,G,1745454715554,4,https://wiki.biligame.com/rocom/Data:Mapnew/type/803/json?action=raw
vix9kefyvg,收集,803,眠枭之星（金）,,-1357,85,G,1745477094476,4,https://wiki.biligame.com/rocom/Data:Mapnew/type/803/json?action=raw
nncin225th,收集,803,眠枭之星（金）,,-1492,6,G,1745477478389,4,https://wiki.biligame.com/rocom/Data:Mapnew/type/803/json?action=raw
1uvh0svda5s,收集,803,眠枭之星（金）,,-1062,-322,G,1745483776944,4,https://wiki.biligame.com/rocom/Data:Mapnew/type/803/json?action=raw
1rfep0sckuu,收集,803,眠枭之星（金）,,-868,-215,G,1745484193942,4,https://wiki.biligame.com/rocom/Data:Mapnew/type/803/json?action=raw
5q7m92gmzi,收集,803,眠枭之星（金）,星星魔法,-1303,-137,G,1745627627102,4,https://wiki.biligame.com/rocom/Data:Mapnew/type/803/json?action=raw
1du8lud7g93,收集,803,眠枭之星（金）,星星魔法砸雕像,231,2168,G,1745635885831,4,https://wiki.biligame.com/rocom/Data:Mapnew/type/803/json?action=raw
1k53luxv7ix,收集,803,眠枭之星（金）,星星魔法,598,-323,G,1745798758617,4,https://wiki.biligame.com/rocom/Data:Mapnew/type/803/json?action=raw
10xvsb0ggw2,收集,803,眠枭之星（金）,星星魔法,-264,110,G,1745971897730,4,https://wiki.biligame.com/rocom/Data:Mapnew/type/803/json?action=raw
xld2jneb8v,收集,803,眠枭之星（金）,星星魔法,-884,166,G,1746153968495,4,https://wiki.biligame.com/rocom/Data:Mapnew/type/803/json?action=raw
2pw1z68a9j8,收集,803,眠枭之星（金）,漩涡中心,1116,-440,G,1746242133700,4,https://wiki.biligame.com/rocom/Data:Mapnew/type/803/json?action=raw
jwndeh9b1n,收集,803,眠枭之星（金）,星星魔法,367,-521,G,1746243197227,4,https://wiki.biligame.com/rocom/Data:Mapnew/type/803/json?action=raw
1mzwa84x6g5,收集,803,眠枭之星（金）,星星魔法,1373,-593,G,1746246599397,4,https://wiki.biligame.com/rocom/Data:Mapnew/type/803/json?action=raw
22gey9otdb6,收集,803,眠枭之星（金）,星星魔法砸吊灯,1414,-506,G,1746246755490,4,https://wiki.biligame.com/rocom/Data:Mapnew/type/803/json?action=raw
2edby7q0rjh,收集,803,眠枭之星（金）,需要星星魔法击打,1210,910,G,1767185654125,4,https://wiki.biligame.com/rocom/Data:Mapnew/type/803/json?action=raw
1azg7kz9j1i,收集,803,眠枭之星（金）,需要星星魔法击打,1231,813,G,1767186164646,4,https://wiki.biligame.com/rocom/Data:Mapnew/type/803/json?action=raw
1pgis9dujh5,收集,803,眠枭之星（金）,塔顶上,2023,815,G,1767187607321,4,https://wiki.biligame.com/rocom/Data:Mapnew/type/803/json?action=raw
12ws8s7w9ww,收集,803,眠枭之星（金）,需要星星魔法击打,2035,783,G,1767187607856,4,https://wiki.biligame.com/rocom/Data:Mapnew/type/803/json?action=raw
282gy9vw2bl,收集,803,眠枭之星（金）,屋顶上,1427,900,G,1767188272834,4,https://wiki.biligame.com/rocom/Data:Mapnew/type/803/json?action=raw
zyfyoq2azm,收集,803,眠枭之星（金）,教堂塔尖上,1184,930,G,1767188274722,4,https://wiki.biligame.com/rocom/Data:Mapnew/type/803/json?action=raw
13zry346fmx,收集,803,眠枭之星（金）,需要星星魔法击打,1035,1001,G,1767188276393,4,https://wiki.biligame.com/rocom/Data:Mapnew/type/803/json?action=raw
1hhefebts5d,收集,803,眠枭之星（金）,,1019,1014,G,1767188276929,4,https://wiki.biligame.com/rocom/Data:Mapnew/type/803/json?action=raw
1udr938mot5,收集,803,眠枭之星（金）,机关伞上面,1679,1039,G,1767188278041,4,https://wiki.biligame.com/rocom/Data:Mapnew/type/803/json?action=raw
fyv9k742n5,收集,803,眠枭之星（金）,需要星星魔法击打,1299,1039,G,1767188278625,4,https://wiki.biligame.com/rocom/Data:Mapnew/type/803/json?action=raw
2opixk6zhoq,收集,803,眠枭之星（金）,,-84,-443,G,1767197682250,4,https://wiki.biligame.com/rocom/Data:Mapnew/type/803/json?action=raw
cbpr647im1,收集,803,眠枭之星（金）,烟囱上面,1386,1413,G,1769936094713,4,https://wiki.biligame.com/rocom/Data:Mapnew/type/803/json?action=raw
23jeygcpzyx,收集,803,眠枭之星（金）,烟囱上面,1432,1407,G,1769936096857,4,https://wiki.biligame.com/rocom/Data:Mapnew/type/803/json?action=raw
152roxicx1m,收集,803,眠枭之星（金）,塔尖上,1395,1031,G,1770544646218,4,https://wiki.biligame.com/rocom/Data:Mapnew/type/803/json?action=raw
2fnewxldp5m,收集,803,眠枭之星（金）,需要星星魔法击打,1449,1096,G,1770544650650,4,https://wiki.biligame.com/rocom/Data:Mapnew/type/803/json?action=raw
1k53x86xkaq,收集,803,眠枭之星（金）,机关伞上面,1507,1102,G,1770544651010,4,https://wiki.biligame.com/rocom/Data:Mapnew/type/803/json?action=raw
11mpd5f3e0q,收集,803,眠枭之星（金）,屋顶上,1271,1111,G,1770544651450,4,https://wiki.biligame.com/rocom/Data:Mapnew/type/803/json?action=raw
ajwtl9l3ov,收集,803,眠枭之星（金）,,-434,1660,G,1772720755439,4,https://wiki.biligame.com/rocom/Data:Mapnew/type/803/json?action=raw
21rm0vi3kot,收集,803,眠枭之星（金）,,-429,1672,G,1772720757117,4,https://wiki.biligame.com/rocom/Data:Mapnew/type/803/json?action=raw
11mpe5eox35,收集,803,眠枭之星（金）,,-424,1684,G,1772720758657,4,https://wiki.biligame.com/rocom/Data:Mapnew/type/803/json?action=raw
2k6gz0k7lm8,收集,803,眠枭之星（金）,,-524,1728,G,1772720893231,4,https://wiki.biligame.com/rocom/Data:Mapnew/type/803/json?action=raw
bmwiw5xmcf,收集,803,眠枭之星（金）,,-518,1812,G,1772721534047,4,https://wiki.biligame.com/rocom/Data:Mapnew/type/803/json?action=raw
1u6o3rbih04,收集,803,眠枭之星（金）,,-468,1875,G,1772721769876,4,https://wiki.biligame.com/rocom/Data:Mapnew/type/803/json?action=raw
1emlts1zxvc,收集,803,眠枭之星（金）,,-410,1937,G,1772721927993,4,https://wiki.biligame.com/rocom/Data:Mapnew/type/803/json?action=raw
9yn5yzjoux,收集,803,眠枭之星（金）,,-397,2090,G,1772722110361,4,https://wiki.biligame.com/rocom/Data:Mapnew/type/803/json?action=raw
22cvohwkm2o,收集,803,眠枭之星（金）,,-270,2270,G,1772726849728,4,https://wiki.biligame.com/rocom/Data:Mapnew/type/803/json?action=raw
23fvdstky40,收集,803,眠枭之星（金）,,74,2683,G,1772728739504,4,https://wiki.biligame.com/rocom/Data:Mapnew/type/803/json?action=raw
143bmla96he,收集,803,眠枭之星（金）,,609,778,G,1772778489618,4,https://wiki.biligame.com/rocom/Data:Mapnew/type/803/json?action=raw
kau5goy9zm,收集,803,眠枭之星（金）,,195,2571,G,1773050646290,4,https://wiki.biligame.com/rocom/Data:Mapnew/type/803/json?action=raw
oxfshfimnp,收集,803,眠枭之星（金）,,374,2304,G,1773053343285,4,https://wiki.biligame.com/rocom/Data:Mapnew/type/803/json?action=raw
fdlomwjymm,收集,803,眠枭之星（金）,,586,2612,G,1773053980174,4,https://wiki.biligame.com/rocom/Data:Mapnew/type/803/json?action=raw
jih9z1vnb2,收集,803,眠枭之星（金）,,384,2421,G,1773056337086,4,https://wiki.biligame.com/rocom/Data:Mapnew/type/803/json?action=raw
10xw4qyerdf,收集,803,眠枭之星（金）,,64,2126,G,1773057305619,4,https://wiki.biligame.com/rocom/Data:Mapnew/type/803/json?action=raw
1brt5ruaiv3,收集,803,眠枭之星（金）,,-28,1960,G,1773059053567,4,https://wiki.biligame.com/rocom/Data:Mapnew/type/803/json?action=raw
lvjwgay5n2,收集,803,眠枭之星（金）,,-19,1932,G,1773059169038,4,https://wiki.biligame.com/rocom/Data:Mapnew/type/803/json?action=raw
1ua7pun4hyj,收集,803,眠枭之星（金）,,415,2651,G,1773060723435,4,https://wiki.biligame.com/rocom/Data:Mapnew/type/803/json?action=raw
2jsajfbxoqk,收集,803,眠枭之星（金）,,76,2175,G,1773061780092,4,https://wiki.biligame.com/rocom/Data:Mapnew/type/803/json?action=raw
2674g6ek4kj,收集,803,眠枭之星（金）,,743,2450,G,1773061913123,4,https://wiki.biligame.com/rocom/Data:Mapnew/type/803/json?action=raw
1x50evley3a,收集,803,眠枭之星（金）,,-1335,-440,G,1774945031446,4,https://wiki.biligame.com/rocom/Data:Mapnew/type/803/json?action=raw
101zo6r0y0i,收集,803,眠枭之星（金）,,-1534,-503,G,1774946680626,4,https://wiki.biligame.com/rocom/Data:Mapnew/type/803/json?action=raw
ufxxsvzwot,收集,803,眠枭之星（金）,,-1533,-483,G,1774946692926,4,https://wiki.biligame.com/rocom/Data:Mapnew/type/803/json?action=raw
1j5nvvtqgof,收集,803,眠枭之星（金）,,-1514,-255,G,1774946721775,4,https://wiki.biligame.com/rocom/Data:Mapnew/type/803/json?action=raw
1zzt31eusox,收集,803,眠枭之星（金）,,-1412,-270,G,1774946741953,4,https://wiki.biligame.com/rocom/Data:Mapnew/type/803/json?action=raw
2kdk7wt4zxw,收集,803,眠枭之星（金）,,-1597,-195,G,1774946909171,4,https://wiki.biligame.com/rocom/Data:Mapnew/type/803/json?action=raw
xox1s9e0zp,收集,803,眠枭之星（金）,,1408,-301,G,1775110858117,4,https://wiki.biligame.com/rocom/Data:Mapnew/type/803/json?action=raw
175yy4d7p3,收集,803,眠枭之星（金）,,-446,-840,G,1775620625463,4,https://wiki.biligame.com/rocom/Data:Mapnew/type/803/json?action=raw
22y5dul88tb,收集,803,眠枭之星（金）,星星魔法,646,278,G,1776498949023,4,https://wiki.biligame.com/rocom/Data:Mapnew/type/803/json?action=raw
8okaj4vm71,收集,803,眠枭之星（金）,,248,44,G,1776499282461,4,https://wiki.biligame.com/rocom/Data:Mapnew/type/803/json?action=raw
pbm9tewos0,收集,803,眠枭之星（金）,,1082,-439,G,1776506902384,4,https://wiki.biligame.com/rocom/Data:Mapnew/type/803/json?action=raw
1jjucchuvy0,收集,803,眠枭之星（金）,,1108,-456,G,1776506904120,4,https://wiki.biligame.com/rocom/Data:Mapnew/type/803/json?action=raw
2fqyllwyknd,收集,803,眠枭之星（金）,,1109,-424,G,1776506904841,4,https://wiki.biligame.com/rocom/Data:Mapnew/type/803/json?action=raw
s6exz7c2kv,收集,803,眠枭之星（金）,,1092,-422,G,1776506911503,4,https://wiki.biligame.com/rocom/Data:Mapnew/type/803/json?action=raw
2fjvdqhcks8,收集,803,眠枭之星（金）,,1090,-455,G,1776506912056,4,https://wiki.biligame.com/rocom/Data:Mapnew/type/803/json?action=raw
127z3ic9q1g,收集,803,眠枭之星（金）,桥下,-175,1564,G,1776507842580,4,https://wiki.biligame.com/rocom/Data:Mapnew/type/803/json?action=raw
24iv4u80wta,收集,803,眠枭之星（金）,门口，需要星星魔法,-1508,-116,G,1776508814878,4,https://wiki.biligame.com/rocom/Data:Mapnew/type/803/json?action=raw
178r6a0twip,收集,803,眠枭之星（金）,,1307,-322,G,1776515183073,4,https://wiki.biligame.com/rocom/Data:Mapnew/type/803/json?action=raw
1xmqha5c38h,收集,803,眠枭之星（金）,,505,-28,G,1776515274850,4,https://wiki.biligame.com/rocom/Data:Mapnew/type/803/json?action=raw
ctfvvic40d,收集,803,眠枭之星（金）,,497,230,G,1776515300685,4,https://wiki.biligame.com/rocom/Data:Mapnew/type/803/json?action=raw
2plfj9qqlxi,收集,803,眠枭之星（金）,,464,461,G,1776515325830,4,https://wiki.biligame.com/rocom/Data:Mapnew/type/803/json?action=raw
27dnt04d5e8,收集,803,眠枭之星（金）,,527,463,G,1776515395728,4,https://wiki.biligame.com/rocom/Data:Mapnew/type/803/json?action=raw
u5b4poju61,收集,803,眠枭之星（金）,,564,567,G,1776515414905,4,https://wiki.biligame.com/rocom/Data:Mapnew/type/803/json?action=raw
u1riryrj9d,收集,803,眠枭之星（金）,,766,431,G,1776515450945,4,https://wiki.biligame.com/rocom/Data:Mapnew/type/803/json?action=raw
b1mx0lwk4j,收集,803,眠枭之星（金）,,780,295,G,1776515478243,4,https://wiki.biligame.com/rocom/Data:Mapnew/type/803/json?action=raw
1hz4ld628pt,收集,803,眠枭之星（金）,,673,186,G,1776515515041,4,https://wiki.biligame.com/rocom/Data:Mapnew/type/803/json?action=raw
2h8wj8qe7t,收集,803,眠枭之星（金）,,658,-183,G,1776515636857,4,https://wiki.biligame.com/rocom/Data:Mapnew/type/803/json?action=raw
2n19ox3xus2,收集,803,眠枭之星（金）,,598,-196,G,1776515662098,4,https://wiki.biligame.com/rocom/Data:Mapnew/type/803/json?action=raw
y33i6d0ogf,收集,803,眠枭之星（金）,,567,-198,G,1776515686607,4,https://wiki.biligame.com/rocom/Data:Mapnew/type/803/json?action=raw
26vxrbjjj6k,收集,803,眠枭之星（金）,,93,-354,G,1776515757788,4,https://wiki.biligame.com/rocom/Data:Mapnew/type/803/json?action=raw
1pczalxt5z2,收集,803,眠枭之星（金）,,246,-345,G,1776515807358,4,https://wiki.biligame.com/rocom/Data:Mapnew/type/803/json?action=raw
15yo93ppis2,收集,803,眠枭之星（金）,,110,-184,G,1776515817554,4,https://wiki.biligame.com/rocom/Data:Mapnew/type/803/json?action=raw
q0fjdkvkhd,收集,803,眠枭之星（金）,,316,-527,G,1776515830129,4,https://wiki.biligame.com/rocom/Data:Mapnew/type/803/json?action=raw
27kr0vk8oc0,收集,803,眠枭之星（金）,,302,-533,G,1776515833136,4,https://wiki.biligame.com/rocom/Data:Mapnew/type/803/json?action=raw
hn4qrna17k,收集,803,眠枭之星（金）,,-150,-295,G,1776515917728,4,https://wiki.biligame.com/rocom/Data:Mapnew/type/803/json?action=raw
2poz57gweoe,收集,803,眠枭之星（金）,,-156,-284,G,1776515919438,4,https://wiki.biligame.com/rocom/Data:Mapnew/type/803/json?action=raw
19sx0mob3gs,收集,803,眠枭之星（金）,,-172,-357,G,1776515987020,4,https://wiki.biligame.com/rocom/Data:Mapnew/type/803/json?action=raw
roowarq7y1,收集,803,眠枭之星（金）,,-369,-362,G,1776516033977,4,https://wiki.biligame.com/rocom/Data:Mapnew/type/803/json?action=raw
et3v7124i,收集,803,眠枭之星（金）,,-464,-133,G,1776516068354,4,https://wiki.biligame.com/rocom/Data:Mapnew/type/803/json?action=raw
241535ugdgn,收集,803,眠枭之星（金）,,-413,-101,G,1776521357863,4,https://wiki.biligame.com/rocom/Data:Mapnew/type/803/json?action=raw
11c2m34268l,收集,803,眠枭之星（金）,,-352,-109,G,1776521378837,4,https://wiki.biligame.com/rocom/Data:Mapnew/type/803/json?action=raw
1ghygbig69g,收集,803,眠枭之星（金）,,-292,-112,G,1776521396660,4,https://wiki.biligame.com/rocom/Data:Mapnew/type/803/json?action=raw
2aj3az5s6x7,收集,803,眠枭之星（金）,,-293,-101,G,1776521397003,4,https://wiki.biligame.com/rocom/Data:Mapnew/type/803/json?action=raw
22y5duylz3a,收集,803,眠枭之星（金）,,-288,-106,G,1776521424614,4,https://wiki.biligame.com/rocom/Data:Mapnew/type/803/json?action=raw
ptcbi8owj1,收集,803,眠枭之星（金）,,-708,-163,G,1776521591469,4,https://wiki.biligame.com/rocom/Data:Mapnew/type/803/json?action=raw
i8eee1jjz3,收集,803,眠枭之星（金）,,-1052,-121,G,1776521659615,4,https://wiki.biligame.com/rocom/Data:Mapnew/type/803/json?action=raw
1jqxk86bned,收集,803,眠枭之星（金）,,-1041,156,G,1776521769269,4,https://wiki.biligame.com/rocom/Data:Mapnew/type/803/json?action=raw
64eg6vbpmj,收集,803,眠枭之星（金）,,-1212,471,G,1776521866619,4,https://wiki.biligame.com/rocom/Data:Mapnew/type/803/json?action=raw
3yf1l3kc47,收集,803,眠枭之星（金）,,-1301,451,G,1776521879895,4,https://wiki.biligame.com/rocom/Data:Mapnew/type/803/json?action=raw
28k748tyjkn,收集,803,眠枭之星（金）,,-972,559,G,1776521950359,4,https://wiki.biligame.com/rocom/Data:Mapnew/type/803/json?action=raw
2c7cnwcv508,收集,803,眠枭之星（金）,,-1114,554,G,1776521987864,4,https://wiki.biligame.com/rocom/Data:Mapnew/type/803/json?action=raw
29xtncvaox3,收集,803,眠枭之星（金）,,-1113,560,G,1776522001319,4,https://wiki.biligame.com/rocom/Data:Mapnew/type/803/json?action=raw
dzz74819bz,收集,803,眠枭之星（金）,,-1119,489,G,1776522030463,4,https://wiki.biligame.com/rocom/Data:Mapnew/type/803/json?action=raw
tr4oyx9khn,收集,803,眠枭之星（金）,,-1172,502,G,1776522041595,4,https://wiki.biligame.com/rocom/Data:Mapnew/type/803/json?action=raw
dwfl6iajyt,收集,803,眠枭之星（金）,,-1021,770,G,1776522141077,4,https://wiki.biligame.com/rocom/Data:Mapnew/type/803/json?action=raw
otw852yf1o,收集,803,眠枭之星（金）,,-1047,711,G,1776522163884,4,https://wiki.biligame.com/rocom/Data:Mapnew/type/803/json?action=raw
1st1me4yfbo,收集,803,眠枭之星（金）,,-801,836,G,1776522321428,4,https://wiki.biligame.com/rocom/Data:Mapnew/type/803/json?action=raw
actngpj2bz,收集,803,眠枭之星（金）,,-443,0,G,1776522664847,4,https://wiki.biligame.com/rocom/Data:Mapnew/type/803/json?action=raw
1b6jjqtlqd1,收集,803,眠枭之星（金）,,-579,67,G,1776522685877,4,https://wiki.biligame.com/rocom/Data:Mapnew/type/803/json?action=raw
13i20owlxvd,收集,803,眠枭之星（金）,,-579,79,G,1776522690233,4,https://wiki.biligame.com/rocom/Data:Mapnew/type/803/json?action=raw
1ktx9j2rhvd,收集,803,眠枭之星（金）,,-606,5,G,1776522703161,4,https://wiki.biligame.com/rocom/Data:Mapnew/type/803/json?action=raw
zuwh1dqrxy,收集,803,眠枭之星（金）,,-681,307,G,1776522719478,4,https://wiki.biligame.com/rocom/Data:Mapnew/type/803/json?action=raw
1zzt3rhgbkx,收集,803,眠枭之星（金）,,-250,123,G,1776523226017,4,https://wiki.biligame.com/rocom/Data:Mapnew/type/803/json?action=raw
1s48cu4ufk5,收集,803,眠枭之星（金）,,-269,193,G,1776523232837,4,https://wiki.biligame.com/rocom/Data:Mapnew/type/803/json?action=raw
ufxyiymzer,收集,803,眠枭之星（金）,,-360,370,G,1776523249347,4,https://wiki.biligame.com/rocom/Data:Mapnew/type/803/json?action=raw
11fm80uzyzj,收集,803,眠枭之星（金）,,-215,558,G,1776523278815,4,https://wiki.biligame.com/rocom/Data:Mapnew/type/803/json?action=raw
2q35kygnas8,收集,803,眠枭之星（金）,,9,422,G,1776523505241,4,https://wiki.biligame.com/rocom/Data:Mapnew/type/803/json?action=raw
111fs9zwrap,收集,803,眠枭之星（金）,,-55,408,G,1776523516209,4,https://wiki.biligame.com/rocom/Data:Mapnew/type/803/json?action=raw
gr89cbjpnf,收集,803,眠枭之星（金）,,-52,332,G,1776523539355,4,https://wiki.biligame.com/rocom/Data:Mapnew/type/803/json?action=raw
weu59az576,收集,803,眠枭之星（金）,,74,621,G,1776523559698,4,https://wiki.biligame.com/rocom/Data:Mapnew/type/803/json?action=raw
8dxgqdwwvn,收集,803,眠枭之星（金）,,197,329,G,1776523567987,4,https://wiki.biligame.com/rocom/Data:Mapnew/type/803/json?action=raw
21dfmvizcq5,收集,803,眠枭之星（金）,,278,289,G,1776523598125,4,https://wiki.biligame.com/rocom/Data:Mapnew/type/803/json?action=raw
16cuoupkxjg,收集,803,眠枭之星（金）,,380,234,G,1776523614156,4,https://wiki.biligame.com/rocom/Data:Mapnew/type/803/json?action=raw
1hz4ldawip0,收集,803,眠枭之星（金）,,32,1,G,1776523646116,4,https://wiki.biligame.com/rocom/Data:Mapnew/type/803/json?action=raw
1f0sb9sofxq,收集,803,眠枭之星（金）,,1,200,G,1776523654830,4,https://wiki.biligame.com/rocom/Data:Mapnew/type/803/json?action=raw
u1ris3nlpb,收集,803,眠枭之星（金）,,-1,174,G,1776523665567,4,https://wiki.biligame.com/rocom/Data:Mapnew/type/803/json?action=raw
137f6vrrxhn,收集,803,眠枭之星（金）,,11,223,G,1776523680075,4,https://wiki.biligame.com/rocom/Data:Mapnew/type/803/json?action=raw
szjm6sw73,收集,803,眠枭之星（金）,,258,350,地下,1776523698175,4,https://wiki.biligame.com/rocom/Data:Mapnew/type/803/json?action=raw
1a73gdo5lgx,收集,803,眠枭之星（金）,,119,146,地下,1776523741169,4,https://wiki.biligame.com/rocom/Data:Mapnew/type/803/json?action=raw
1gzoi04xrwn,收集,803,眠枭之星（金）,,122,371,地下,1776523833223,4,https://wiki.biligame.com/rocom/Data:Mapnew/type/803/json?action=raw
x03svm7f30,收集,803,眠枭之星（金）,,-8,1447,G,1776524204572,4,https://wiki.biligame.com/rocom/Data:Mapnew/type/803/json?action=raw
26se5dysy0i,收集,803,眠枭之星（金）,,-524,909,G,1776524271922,4,https://wiki.biligame.com/rocom/Data:Mapnew/type/803/json?action=raw
2kkngibw43c,收集,803,眠枭之星（金）,,-606,1240,G,1776524300217,4,https://wiki.biligame.com/rocom/Data:Mapnew/type/803/json?action=raw
219w0xtljw2,收集,803,眠枭之星（金）,,-581,1247,G,1776524310770,4,https://wiki.biligame.com/rocom/Data:Mapnew/type/803/json?action=raw
118j05g1c9y,收集,803,眠枭之星（金）,,379,1892,G,1776524376167,4,https://wiki.biligame.com/rocom/Data:Mapnew/type/803/json?action=raw
myjnchxf2m,收集,803,眠枭之星（金）,,384,1903,G,1776524376974,4,https://wiki.biligame.com/rocom/Data:Mapnew/type/803/json?action=raw
26vxrboojil,收集,803,眠枭之星（金）,,311,1958,G,1776524389581,4,https://wiki.biligame.com/rocom/Data:Mapnew/type/803/json?action=raw
11mpfwbbu42,收集,803,眠枭之星（金）,,263,1693,G,1776524478514,4,https://wiki.biligame.com/rocom/Data:Mapnew/type/803/json?action=raw
16y4ch0xzlj,收集,803,眠枭之星（金）,,23,1602,G,1776524482167,4,https://wiki.biligame.com/rocom/Data:Mapnew/type/803/json?action=raw
1i2o7b183rb,收集,803,眠枭之星（金）,,177,1400,G,1776524509703,4,https://wiki.biligame.com/rocom/Data:Mapnew/type/803/json?action=raw
8s3wh9prta,收集,803,眠枭之星（金）,,552,1810,G,1776524527118,4,https://wiki.biligame.com/rocom/Data:Mapnew/type/803/json?action=raw
jwnrb9zbcm,收集,803,眠枭之星（金）,,561,1885,G,1776524527926,4,https://wiki.biligame.com/rocom/Data:Mapnew/type/803/json?action=raw
184nnpmogo9,收集,803,眠枭之星（金）,,541,2091,G,1776524555369,4,https://wiki.biligame.com/rocom/Data:Mapnew/type/803/json?action=raw
1ukul93mo6u,收集,803,眠枭之星（金）,,508,2130,G,1776525908726,4,https://wiki.biligame.com/rocom/Data:Mapnew/type/803/json?action=raw
2c09g0zlbp6,收集,803,眠枭之星（金）,,720,1913,G,1776525922682,4,https://wiki.biligame.com/rocom/Data:Mapnew/type/803/json?action=raw
1al9w4kp7l6,收集,803,眠枭之星（金）,,1045,1851,G,1776525948587,4,https://wiki.biligame.com/rocom/Data:Mapnew/type/803/json?action=raw
1vuxiff60kd,收集,803,眠枭之星（金）,,632,1919,地下,1776525972317,4,https://wiki.biligame.com/rocom/Data:Mapnew/type/803/json?action=raw
1y0wx16xw23,收集,803,眠枭之星（金）,,623,1823,地下,1776525982347,4,https://wiki.biligame.com/rocom/Data:Mapnew/type/803/json?action=raw
10g64nqo3pt,收集,803,眠枭之星（金）,,-385,1642,G,1776526212817,4,https://wiki.biligame.com/rocom/Data:Mapnew/type/803/json?action=raw
1bdmrmbc5jc,收集,803,眠枭之星（金）,,-168,1528,G,1776526244360,4,https://wiki.biligame.com/rocom/Data:Mapnew/type/803/json?action=raw
ix7ny4z7zp,收集,803,眠枭之星（金）,,-590,2239,G,1776526331701,4,https://wiki.biligame.com/rocom/Data:Mapnew/type/803/json?action=raw
1a73gdppj07,收集,803,眠枭之星（金）,,-536,2375,G,1776526350711,4,https://wiki.biligame.com/rocom/Data:Mapnew/type/803/json?action=raw
depjhzrmfm,收集,803,眠枭之星（金）,,-644,2430,G,1776526360914,4,https://wiki.biligame.com/rocom/Data:Mapnew/type/803/json?action=raw
23qi9cs0oyh,收集,803,眠枭之星（金）,,-827,2440,G,1776526375513,4,https://wiki.biligame.com/rocom/Data:Mapnew/type/803/json?action=raw
1oo6123g5xf,收集,803,眠枭之星（金）,,-817,2419,G,1776526376195,4,https://wiki.biligame.com/rocom/Data:Mapnew/type/803/json?action=raw
282h2kbk1kw,收集,803,眠枭之星（金）,,-819,2461,G,1776526376960,4,https://wiki.biligame.com/rocom/Data:Mapnew/type/803/json?action=raw
1ywtegng1wf,收集,803,眠枭之星（金）,,-799,2419,G,1776526378144,4,https://wiki.biligame.com/rocom/Data:Mapnew/type/803/json?action=raw
a26tnmbgc7,收集,803,眠枭之星（金）,,-800,2463,G,1776526379383,4,https://wiki.biligame.com/rocom/Data:Mapnew/type/803/json?action=raw
ty7wufgphi,收集,803,眠枭之星（金）,,-788,2441,G,1776526380038,4,https://wiki.biligame.com/rocom/Data:Mapnew/type/803/json?action=raw
2caw9u5b0eg,收集,803,眠枭之星（金）,,-824,2401,G,1776526410696,4,https://wiki.biligame.com/rocom/Data:Mapnew/type/803/json?action=raw
2cefvrv4a4d,收集,803,眠枭之星（金）,,-776,2362,G,1776526419773,4,https://wiki.biligame.com/rocom/Data:Mapnew/type/803/json?action=raw
c8689e4swg,收集,803,眠枭之星（金）,,-903,2245,G,1776526458192,4,https://wiki.biligame.com/rocom/Data:Mapnew/type/803/json?action=raw
1aoti2ate9k,收集,803,眠枭之星（金）,,-868,1973,G,1776526466936,4,https://wiki.biligame.com/rocom/Data:Mapnew/type/803/json?action=raw
3ns7s0vpvc,收集,803,眠枭之星（金）,,-929,1877,G,1776526480568,4,https://wiki.biligame.com/rocom/Data:Mapnew/type/803/json?action=raw
2gjbh3z2wm1,收集,803,眠枭之星（金）,,-859,1877,G,1776526487705,4,https://wiki.biligame.com/rocom/Data:Mapnew/type/803/json?action=raw
yh9xxeotvn,收集,803,眠枭之星（金）,,-706,1853,G,1776526503747,4,https://wiki.biligame.com/rocom/Data:Mapnew/type/803/json?action=raw
1ns9jmn9k47,收集,803,眠枭之星（金）,,-681,2013,G,1776526519575,4,https://wiki.biligame.com/rocom/Data:Mapnew/type/803/json?action=raw
2b7wkj9hr3x,收集,803,眠枭之星（金）,,-596,1987,G,1776526530685,4,https://wiki.biligame.com/rocom/Data:Mapnew/type/803/json?action=raw
17xkfu88sio,收集,803,眠枭之星（金）,,-602,1957,G,1776526537312,4,https://wiki.biligame.com/rocom/Data:Mapnew/type/803/json?action=raw
3ns7s14l6r,收集,803,眠枭之星（金）,,1299,1015,G,1776526894403,4,https://wiki.biligame.com/rocom/Data:Mapnew/type/803/json?action=raw
1n3ga2mun54,收集,803,眠枭之星（金）,,1286,1109,G,1776526921384,4,https://wiki.biligame.com/rocom/Data:Mapnew/type/803/json?action=raw
1fiicyfohs6,收集,803,眠枭之星（金）,,1447,1126,G,1776526952198,4,https://wiki.biligame.com/rocom/Data:Mapnew/type/803/json?action=raw
24meqs8o6m1,收集,803,眠枭之星（金）,,1895,878,G,1776527019897,4,https://wiki.biligame.com/rocom/Data:Mapnew/type/803/json?action=raw
1fbf5304j7u,收集,803,眠枭之星（金）,,1266,1427,G,1776527054410,4,https://wiki.biligame.com/rocom/Data:Mapnew/type/803/json?action=raw
143boba44t5,收集,803,眠枭之星（金）,,454,1397,G,1776527157081,4,https://wiki.biligame.com/rocom/Data:Mapnew/type/803/json?action=raw
1bvctawxoua,收集,803,眠枭之星（金）,,897,1711,G,1776527184898,4,https://wiki.biligame.com/rocom/Data:Mapnew/type/803/json?action=raw
2f25c28e87o,收集,803,眠枭之星（金）,,631,1154,G,1776527208724,4,https://wiki.biligame.com/rocom/Data:Mapnew/type/803/json?action=raw
21dfmvl5bf4,收集,803,眠枭之星（金）,,530,1112,G,1776527235600,4,https://wiki.biligame.com/rocom/Data:Mapnew/type/803/json?action=raw
2oc4ev9ksi,收集,803,眠枭之星（金）,,418,864,G,1776527255682,4,https://wiki.biligame.com/rocom/Data:Mapnew/type/803/json?action=raw
1ua7rfz0sxa,收集,803,眠枭之星（金）,,209,799,G,1776527278446,4,https://wiki.biligame.com/rocom/Data:Mapnew/type/803/json?action=raw
22ulrxcae1z,收集,803,眠枭之星（金）,,234,778,G,1776527279527,4,https://wiki.biligame.com/rocom/Data:Mapnew/type/803/json?action=raw
2c09g10gd22,收集,803,眠枭之星（金）,,-260,1065,G,1776527370778,4,https://wiki.biligame.com/rocom/Data:Mapnew/type/803/json?action=raw
4n8b57kg7g,收集,803,眠枭之星（金）,,18,899,G,1776527505932,4,https://wiki.biligame.com/rocom/Data:Mapnew/type/803/json?action=raw
ydqbzphaeq,收集,803,眠枭之星（金）,,19,860,G,1776527508466,4,https://wiki.biligame.com/rocom/Data:Mapnew/type/803/json?action=raw
1jgaqf4bqkw,收集,803,眠枭之星（金）,,32,788,G,1776527522640,4,https://wiki.biligame.com/rocom/Data:Mapnew/type/803/json?action=raw
2kkngidtlfg,收集,803,眠枭之星（金）,,221,789,G,1776527541948,4,https://wiki.biligame.com/rocom/Data:Mapnew/type/803/json?action=raw
2fui7jz2tsv,收集,803,眠枭之星（金）,,248,920,G,1776527581791,4,https://wiki.biligame.com/rocom/Data:Mapnew/type/803/json?action=raw
1djm683wxyd,收集,803,眠枭之星（金）,,149,997,G,1776527603429,4,https://wiki.biligame.com/rocom/Data:Mapnew/type/803/json?action=raw
1jy0s3peyu2,收集,803,眠枭之星（金）,,152,975,G,1776527609050,4,https://wiki.biligame.com/rocom/Data:Mapnew/type/803/json?action=raw
wj5jyxyvw,收集,803,眠枭之星（金）,,176,1032,G,1776527617244,4,https://wiki.biligame.com/rocom/Data:Mapnew/type/803/json?action=raw
wwk6xyfpso,收集,803,眠枭之星（金）,,185,996,G,1776527627864,4,https://wiki.biligame.com/rocom/Data:Mapnew/type/803/json?action=raw
tnl31asgb5,收集,803,眠枭之星（金）,,233,949,G,1776527638417,4,https://wiki.biligame.com/rocom/Data:Mapnew/type/803/json?action=raw
13eier9rst4,收集,803,眠枭之星（金）,,401,1150,G,1776527679384,4,https://wiki.biligame.com/rocom/Data:Mapnew/type/803/json?action=raw
tnl31axan0,收集,803,眠枭之星（金）,,-1268,-581,G,1776527864348,4,https://wiki.biligame.com/rocom/Data:Mapnew/type/803/json?action=raw
1qcfdzb2mom,收集,803,眠枭之星（金）,,-1500,-565,G,1776527877718,4,https://wiki.biligame.com/rocom/Data:Mapnew/type/803/json?action=raw
2aq6iup9nw0,收集,803,眠枭之星（金）,,-1527,-381,G,1776527897136,4,https://wiki.biligame.com/rocom/Data:Mapnew/type/803/json?action=raw
2kvaabjgzds,收集,803,眠枭之星（金）,,-1422,-272,G,1776527922719,4,https://wiki.biligame.com/rocom/Data:Mapnew/type/803/json?action=raw
12t8rgfplxy,收集,803,眠枭之星（金）,悬崖下方眠枭雕像，击打获得,387,242,G,1777220999766,4,https://wiki.biligame.com/rocom/Data:Mapnew/type/803/json?action=raw
1teauyrm87u,收集,807,可可果,,-970,602,G,1743769499162,4,https://wiki.biligame.com/rocom/Data:Mapnew/type/807/json?action=raw
1teauyrmafu,收集,807,可可果,,-963,516,G,1743769502042,4,https://wiki.biligame.com/rocom/Data:Mapnew/type/807/json?action=raw
2cw5iepja6i,收集,807,可可果,,-990,530,G,1743769504586,4,https://wiki.biligame.com/rocom/Data:Mapnew/type/807/json?action=raw
vq0gnlf2c2,收集,807,可可果,,-428,745,G,1743769528978,4,https://wiki.biligame.com/rocom/Data:Mapnew/type/807/json?action=raw
1idam2h7a9m,收集,807,可可果,,-560,-226,G,1743769569466,4,https://wiki.biligame.com/rocom/Data:Mapnew/type/807/json?action=raw
bmw5lcomca,收集,807,可可果,,-513,-197,G,1743769573146,4,https://wiki.biligame.com/rocom/Data:Mapnew/type/807/json?action=raw
1jqx56iigob,收集,807,可可果,,-596,-125,G,1743769575147,4,https://wiki.biligame.com/rocom/Data:Mapnew/type/807/json?action=raw
22ulcvl7nui,收集,807,可可果,,-418,-267,G,1743769601402,4,https://wiki.biligame.com/rocom/Data:Mapnew/type/807/json?action=raw
244oa1wq216,收集,807,可可果,,-269,-328,G,1743769620682,4,https://wiki.biligame.com/rocom/Data:Mapnew/type/807/json?action=raw
2chz2nudldu,收集,807,可可果,,-171,-217,G,1743769626498,4,https://wiki.biligame.com/rocom/Data:Mapnew/type/807/json?action=raw
19zztgkljir,收集,807,可可果,,678,-910,G,1743771326995,4,https://wiki.biligame.com/rocom/Data:Mapnew/type/807/json?action=raw
1w20bfjdjrg,收集,807,可可果,,314,-591,G,1744157410380,4,https://wiki.biligame.com/rocom/Data:Mapnew/type/807/json?action=raw
25iatkm22xf,收集,807,可可果,,-195,885,G,1744656503123,4,https://wiki.biligame.com/rocom/Data:Mapnew/type/807/json?action=raw
1xxcwgfkgpb,收集,807,可可果,,-284,883,G,1744657678479,4,https://wiki.biligame.com/rocom/Data:Mapnew/type/807/json?action=raw
xe9tzh0q56,收集,807,可可果,,-214,1075,G,1744657830234,4,https://wiki.biligame.com/rocom/Data:Mapnew/type/807/json?action=raw
19eq68xm6rs,收集,807,可可果,,-55,1251,G,1744657935560,4,https://wiki.biligame.com/rocom/Data:Mapnew/type/807/json?action=raw
1ft4s4jtojo,收集,807,可可果,,-151,2285,G,1744659129476,4,https://wiki.biligame.com/rocom/Data:Mapnew/type/807/json?action=raw
l6q9uly4tw,收集,807,可可果,,308,2272,G,1744659638772,4,https://wiki.biligame.com/rocom/Data:Mapnew/type/807/json?action=raw
tghgiu2znv,收集,807,可可果,,417,2566,G,1744660129547,4,https://wiki.biligame.com/rocom/Data:Mapnew/type/807/json?action=raw
20s5km9izvf,收集,807,可可果,,318,2628,G,1744660260635,4,https://wiki.biligame.com/rocom/Data:Mapnew/type/807/json?action=raw
2yyjwpxs5w,收集,807,可可果,,-22,-875,G,1745369118164,4,https://wiki.biligame.com/rocom/Data:Mapnew/type/807/json?action=raw
1bkpldlmj7t,收集,807,可可果,,598,1529,G,1745800479689,4,https://wiki.biligame.com/rocom/Data:Mapnew/type/807/json?action=raw
q3yrd7o9ig,收集,807,可可果,,609,-2159,G,1746156753192,4,https://wiki.biligame.com/rocom/Data:Mapnew/type/807/json?action=raw
2ntm6gripzg,收集,807,可可果,,521,-2090,G,1746156801803,4,https://wiki.biligame.com/rocom/Data:Mapnew/type/807/json?action=raw
2n8ciugqslo,收集,807,可可果,,424,-2023,G,1746156919628,4,https://wiki.biligame.com/rocom/Data:Mapnew/type/807/json?action=raw
m2mrytzghc,收集,807,可可果,,72,-2413,G,1746157466416,4,https://wiki.biligame.com/rocom/Data:Mapnew/type/807/json?action=raw
1tle3xoz20t,收集,807,可可果,,70,-2437,G,1746157478141,4,https://wiki.biligame.com/rocom/Data:Mapnew/type/807/json?action=raw
10g5qqwv69z,收集,807,可可果,,196,-971,G,1746243066247,4,https://wiki.biligame.com/rocom/Data:Mapnew/type/807/json?action=raw
bmw6q9fplz,收集,807,可可果,,393,-477,G,1746243231847,4,https://wiki.biligame.com/rocom/Data:Mapnew/type/807/json?action=raw
1l4jpfgrag4,收集,807,可可果,,37,-607,G,1746243545508,4,https://wiki.biligame.com/rocom/Data:Mapnew/type/807/json?action=raw
1byw1bsxthm,收集,807,可可果,,-237,-21,G,1746244037514,4,https://wiki.biligame.com/rocom/Data:Mapnew/type/807/json?action=raw
un0shmvyif,收集,807,可可果,,2,-138,G,1746244196983,4,https://wiki.biligame.com/rocom/Data:Mapnew/type/807/json?action=raw
1z7fuczolxd,收集,807,可可果,,-44,-144,G,1746244270081,4,https://wiki.biligame.com/rocom/Data:Mapnew/type/807/json?action=raw
21kigu733ll,收集,807,可可果,,-41,-263,G,1746244301817,4,https://wiki.biligame.com/rocom/Data:Mapnew/type/807/json?action=raw
24thkquvw8q,收集,807,可可果,,136,-429,G,1746244549370,4,https://wiki.biligame.com/rocom/Data:Mapnew/type/807/json?action=raw
w7qjh42ksv,收集,807,可可果,,215,-404,G,1746244636111,4,https://wiki.biligame.com/rocom/Data:Mapnew/type/807/json?action=raw
1okm17kp5zl,收集,807,可可果,,256,-491,G,1746244676241,4,https://wiki.biligame.com/rocom/Data:Mapnew/type/807/json?action=raw
2n8cv7be7ys,收集,807,可可果,,818,2553,G,1773055383253,4,https://wiki.biligame.com/rocom/Data:Mapnew/type/807/json?action=raw
2aj39dw1iyk,收集,807,可可果,,-2,2023,G,1773058464316,4,https://wiki.biligame.com/rocom/Data:Mapnew/type/807/json?action=raw
5trksg2011,收集,807,可可果,,-92,2148,G,1773058755749,4,https://wiki.biligame.com/rocom/Data:Mapnew/type/807/json?action=raw
2mcg0bj36sy,收集,808,无花果,,-367,712,G,1743769535538,4,https://wiki.biligame.com/rocom/Data:Mapnew/type/808/json?action=raw
2mxpnxtyms2,收集,808,无花果,,-531,-175,G,1743769581778,4,https://wiki.biligame.com/rocom/Data:Mapnew/type/808/json?action=raw
2nx5rb02hvw,收集,808,无花果,,-246,-254,G,1743769633547,4,https://wiki.biligame.com/rocom/Data:Mapnew/type/808/json?action=raw
2mn2u4opec4,收集,808,无花果,,-1943,-1755,G,1743769861331,4,https://wiki.biligame.com/rocom/Data:Mapnew/type/808/json?action=raw
12biaemrinm,收集,808,无花果,,-638,-1057,G,1743769920818,4,https://wiki.biligame.com/rocom/Data:Mapnew/type/808/json?action=raw
1thugwhrtcy,收集,808,无花果,,-79,2399,G,1743770082914,4,https://wiki.biligame.com/rocom/Data:Mapnew/type/808/json?action=raw
2o7sl45rfdm,收集,808,无花果,,100,2483,G,1743770086298,4,https://wiki.biligame.com/rocom/Data:Mapnew/type/808/json?action=raw
x03dtx92gq,收集,808,无花果,,94,2561,G,1743770089914,4,https://wiki.biligame.com/rocom/Data:Mapnew/type/808/json?action=raw
esbnkau7mi,收集,808,无花果,,-102,2652,G,1743770094618,4,https://wiki.biligame.com/rocom/Data:Mapnew/type/808/json?action=raw
10qsjm5yq09,收集,808,无花果,,-1459,-2939,G,1744193389865,4,https://wiki.biligame.com/rocom/Data:Mapnew/type/808/json?action=raw
2afja6sqb2i,收集,808,无花果,,-1442,-2956,G,1744193416842,4,https://wiki.biligame.com/rocom/Data:Mapnew/type/808/json?action=raw
2d38qh76cmp,收集,808,无花果,,-1038,-2546,G,1744196169841,4,https://wiki.biligame.com/rocom/Data:Mapnew/type/808/json?action=raw
6t7awa3wxp,收集,808,无花果,,-1103,-2539,G,1744196195197,4,https://wiki.biligame.com/rocom/Data:Mapnew/type/808/json?action=raw
2gqeaccdtss,收集,808,无花果,,270,1176,G,1744656929820,4,https://wiki.biligame.com/rocom/Data:Mapnew/type/808/json?action=raw
1gzo3d4bbpc,收集,808,无花果,,358,1055,G,1744657111040,4,https://wiki.biligame.com/rocom/Data:Mapnew/type/808/json?action=raw
2obc7gjpyey,收集,808,无花果,,307,1012,G,1744657177978,4,https://wiki.biligame.com/rocom/Data:Mapnew/type/808/json?action=raw
2ekevql6qfv,收集,808,无花果,,-51,1185,G,1744657889371,4,https://wiki.biligame.com/rocom/Data:Mapnew/type/808/json?action=raw
1b2zj64cz26,收集,808,无花果,,-49,1291,G,1744657959038,4,https://wiki.biligame.com/rocom/Data:Mapnew/type/808/json?action=raw
2n19aaa0bb8,收集,808,无花果,,436,2516,G,1744660179779,4,https://wiki.biligame.com/rocom/Data:Mapnew/type/808/json?action=raw
2d6sd40bt9k,收集,808,无花果,,-967,50,G,1745713441000,4,https://wiki.biligame.com/rocom/Data:Mapnew/type/808/json?action=raw
md9lkn1yal,收集,808,无花果,,-1014,41,G,1745713453789,4,https://wiki.biligame.com/rocom/Data:Mapnew/type/808/json?action=raw
o52kfjmb6k,收集,808,无花果,,-1049,-61,G,1745713500444,4,https://wiki.biligame.com/rocom/Data:Mapnew/type/808/json?action=raw
imkg6pq03c,收集,808,无花果,,-957,569,G,1746155795448,4,https://wiki.biligame.com/rocom/Data:Mapnew/type/808/json?action=raw
1lptd0cpwat,收集,808,无花果,,-1557,-1347,G,1746158078917,4,https://wiki.biligame.com/rocom/Data:Mapnew/type/808/json?action=raw
1jndkdpcqm1,收集,808,无花果,,181,-961,G,1746243059385,4,https://wiki.biligame.com/rocom/Data:Mapnew/type/808/json?action=raw
f2yiidajqz,收集,808,无花果,,14,-175,G,1746244220795,4,https://wiki.biligame.com/rocom/Data:Mapnew/type/808/json?action=raw
361s6moqer,收集,808,无花果,,66,-79,G,1746244422067,4,https://wiki.biligame.com/rocom/Data:Mapnew/type/808/json?action=raw
6t7bu5ljnz,收集,808,无花果,,85,-98,G,1746244469712,4,https://wiki.biligame.com/rocom/Data:Mapnew/type/808/json?action=raw
fo864obgse,收集,808,无花果,,147,-319,G,1746244522430,4,https://wiki.biligame.com/rocom/Data:Mapnew/type/808/json?action=raw
1nl5xuekp8l,收集,808,无花果,,168,-429,G,1746244596421,4,https://wiki.biligame.com/rocom/Data:Mapnew/type/808/json?action=raw
2rvor6eagz,收集,808,无花果,,522,2317,G,1773056032387,4,https://wiki.biligame.com/rocom/Data:Mapnew/type/808/json?action=raw
uu4dv6i45q,收集,808,无花果,,129,-2270,G,1775637477262,4,https://wiki.biligame.com/rocom/Data:Mapnew/type/808/json?action=raw
1943byc14e0,收集,809,魔力果,,-1644,-1656,G,1743602864248,4,https://wiki.biligame.com/rocom/Data:Mapnew/type/809/json?action=raw
15ynu0y6gj8,收集,809,魔力果,,-932,-2467,G,1743696911156,4,https://wiki.biligame.com/rocom/Data:Mapnew/type/809/json?action=raw
29n6eguo2pe,收集,809,魔力果,,-859,-2143,G,1743696921010,4,https://wiki.biligame.com/rocom/Data:Mapnew/type/809/json?action=raw
syreebl7tx,收集,809,魔力果,,-1335,-2959,G,1743696944613,4,https://wiki.biligame.com/rocom/Data:Mapnew/type/809/json?action=raw
1v9nfq6t17y,收集,809,魔力果,,-1227,-799,G,1743697013102,4,https://wiki.biligame.com/rocom/Data:Mapnew/type/809/json?action=raw
1m7jdk8ibum,收集,809,魔力果,,-547,-687,G,1743697024126,4,https://wiki.biligame.com/rocom/Data:Mapnew/type/809/json?action=raw
2ekevap4boo,收集,809,魔力果,,-431,-521,G,1743697036584,4,https://wiki.biligame.com/rocom/Data:Mapnew/type/809/json?action=raw
2544ddvlswj,收集,809,魔力果,,186,-591,G,1743697070227,4,https://wiki.biligame.com/rocom/Data:Mapnew/type/809/json?action=raw
26anomhb1tf,收集,809,魔力果,,-225,-264,G,1743697086195,4,https://wiki.biligame.com/rocom/Data:Mapnew/type/809/json?action=raw
1rq1i0ds6vl,收集,809,魔力果,,57,-107,G,1743697100497,4,https://wiki.biligame.com/rocom/Data:Mapnew/type/809/json?action=raw
2qa8dr0aifw,收集,809,魔力果,,-64,1081,G,1743697139676,4,https://wiki.biligame.com/rocom/Data:Mapnew/type/809/json?action=raw
hqnxmln63r,收集,809,魔力果,,357,1491,G,1743697157031,4,https://wiki.biligame.com/rocom/Data:Mapnew/type/809/json?action=raw
1v63tsh36sy,收集,809,魔力果,,671,1597,G,1743697163826,4,https://wiki.biligame.com/rocom/Data:Mapnew/type/809/json?action=raw
1v9nfq6wn7n,收集,809,魔力果,,735,2013,G,1743697181571,4,https://wiki.biligame.com/rocom/Data:Mapnew/type/809/json?action=raw
1s47xr92p5s,收集,809,魔力果,,-107,2635,G,1743697203424,4,https://wiki.biligame.com/rocom/Data:Mapnew/type/809/json?action=raw
1irh2pht305,收集,809,魔力果,,-1091,-37,G,1745713514870,4,https://wiki.biligame.com/rocom/Data:Mapnew/type/809/json?action=raw
231oluixofh,收集,809,魔力果,,-1547,-1293,G,1746158195693,4,https://wiki.biligame.com/rocom/Data:Mapnew/type/809/json?action=raw
1hduxmb864u,互动事件,1001,天气石像,,-1286,-1008,G,1776240075790,4,https://wiki.biligame.com/rocom/Data:Mapnew/type/1001/json?action=raw
1lcez8hmtl,互动事件,1001,天气石像,,-105,-1763,G,1776240222665,4,https://wiki.biligame.com/rocom/Data:Mapnew/type/1001/json?action=raw
2lgjxt5bztw,互动事件,1001,天气石像,,1294,-1853,G,1776244093732,4,https://wiki.biligame.com/rocom/Data:Mapnew/type/1001/json?action=raw
srolhien9w,互动事件,1001,天气石像,,453,1249,G,1776265425748,4,https://wiki.biligame.com/rocom/Data:Mapnew/type/1001/json?action=raw
2ax9qmqv75i,互动事件,1001,天气石像,,-942,-2687,G,1776322955254,4,https://wiki.biligame.com/rocom/Data:Mapnew/type/1001/json?action=raw
16r14l6d1q0,互动事件,1001,天气石像,,143,120,G,1776499344376,4,https://wiki.biligame.com/rocom/Data:Mapnew/type/1001/json?action=raw
esc2lnd2mm,互动事件,1001,天气石像,,146,123,G,1776503331214,4,https://wiki.biligame.com/rocom/Data:Mapnew/type/1001/json?action=raw
58hyr5o0ib,互动事件,1001,天气石像,,-536,696,G,1776506096020,4,https://wiki.biligame.com/rocom/Data:Mapnew/type/1001/json?action=raw
2ly9zm9nxl8,互动事件,1001,天气石像,,-486,-1925,G,1776518363852,4,https://wiki.biligame.com/rocom/Data:Mapnew/type/1001/json?action=raw
1uhazclrnr1,互动事件,1001,天气石像,,-1034,-1206,G,1776599721469,4,https://wiki.biligame.com/rocom/Data:Mapnew/type/1001/json?action=raw
1pk2ietpkm5,互动事件,1002,石碑,,-131,678,G,1776361761181,4,https://wiki.biligame.com/rocom/Data:Mapnew/type/1002/json?action=raw
2oew8052jvk,互动事件,1002,石碑,,1193,163,G,1776454899232,4,https://wiki.biligame.com/rocom/Data:Mapnew/type/1002/json?action=raw
1bh6djo0bqu,互动事件,1002,石碑,,-46,232,G,1776504180598,4,https://wiki.biligame.com/rocom/Data:Mapnew/type/1002/json?action=raw
1ck62ung1x4,互动事件,1002,石碑,,357,2642,G,1776510147768,4,https://wiki.biligame.com/rocom/Data:Mapnew/type/1002/json?action=raw
b8q4vz08om,互动事件,1002,石碑,,556,1905,G,1776511257334,4,https://wiki.biligame.com/rocom/Data:Mapnew/type/1002/json?action=raw
2e2p8kc921u,互动事件,1003,火盆,,-1938,-2253,G,1776241561250,4,https://wiki.biligame.com/rocom/Data:Mapnew/type/1003/json?action=raw
2qa8sp8el1o,互动事件,1003,火盆,,-1968,-2239,G,1776241569291,4,https://wiki.biligame.com/rocom/Data:Mapnew/type/1003/json?action=raw
s6exutdern,互动事件,1003,火盆,,-1991,-2279,G,1776241594627,4,https://wiki.biligame.com/rocom/Data:Mapnew/type/1003/json?action=raw
l6qocx1301,互动事件,1003,火盆,,-1995,-2337,G,1776241596017,4,https://wiki.biligame.com/rocom/Data:Mapnew/type/1003/json?action=raw
26zhd4q9o24,互动事件,1003,火盆,,-1992,-1577,G,1776241843212,4,https://wiki.biligame.com/rocom/Data:Mapnew/type/1003/json?action=raw
j4avov861s,互动事件,1003,火盆,,-1937,-1498,G,1776241860512,4,https://wiki.biligame.com/rocom/Data:Mapnew/type/1003/json?action=raw
12t8r08rkog,互动事件,1003,火盆,,-2000,-1507,G,1776241875312,4,https://wiki.biligame.com/rocom/Data:Mapnew/type/1003/json?action=raw
2j3hbbwmyj8,互动事件,1003,火盆,,-2053,-1466,G,1776241890388,4,https://wiki.biligame.com/rocom/Data:Mapnew/type/1003/json?action=raw
ifhm4ulhum,互动事件,1003,火盆,,-2092,-1448,G,1776241900446,4,https://wiki.biligame.com/rocom/Data:Mapnew/type/1003/json?action=raw
1avwpt10ycb,互动事件,1003,火盆,,-2117,-1331,G,1776241930972,4,https://wiki.biligame.com/rocom/Data:Mapnew/type/1003/json?action=raw
2aq6ipz0ndd,互动事件,1003,火盆,,-2101,-1301,G,1776241941841,4,https://wiki.biligame.com/rocom/Data:Mapnew/type/1003/json?action=raw
j7uhml3bin,互动事件,1003,火盆,,-2025,-1333,G,1776241957391,4,https://wiki.biligame.com/rocom/Data:Mapnew/type/1003/json?action=raw
cpw9tb7ajo,互动事件,1003,火盆,,-1867,-1536,G,1776244334628,4,https://wiki.biligame.com/rocom/Data:Mapnew/type/1003/json?action=raw
5j4sfzgyfd,互动事件,1003,火盆,,-1592,-2198,G,1776244715849,4,https://wiki.biligame.com/rocom/Data:Mapnew/type/1003/json?action=raw
2ds2er8spni,互动事件,1003,火盆,,-1605,-2100,G,1776244868318,4,https://wiki.biligame.com/rocom/Data:Mapnew/type/1003/json?action=raw
fa245yuu6r,互动事件,1003,火盆,,-1621,-2037,G,1776245434963,4,https://wiki.biligame.com/rocom/Data:Mapnew/type/1003/json?action=raw
1a73g92u2mx,互动事件,1003,火盆,,-1489,-1975,G,1776246066905,4,https://wiki.biligame.com/rocom/Data:Mapnew/type/1003/json?action=raw
2l2di2bf1ik,互动事件,1003,火盆,,-1809,-2155,G,1776246302828,4,https://wiki.biligame.com/rocom/Data:Mapnew/type/1003/json?action=raw
2a5ojcujia,互动事件,1003,火盆,,-1731,-2142,G,1776246445634,4,https://wiki.biligame.com/rocom/Data:Mapnew/type/1003/json?action=raw
1ft56my4mcc,互动事件,1003,火盆,,-1771,-2083,G,1776246498332,4,https://wiki.biligame.com/rocom/Data:Mapnew/type/1003/json?action=raw
2d395798gkv,互动事件,1003,火盆,,-1880,-2154,G,1776246700783,4,https://wiki.biligame.com/rocom/Data:Mapnew/type/1003/json?action=raw
77e5d7e1vk,互动事件,1003,火盆,,-1834,-2040,G,1776246713344,4,https://wiki.biligame.com/rocom/Data:Mapnew/type/1003/json?action=raw
137f6r6ycq0,互动事件,1003,火盆,,-1775,-2007,G,1776246843112,4,https://wiki.biligame.com/rocom/Data:Mapnew/type/1003/json?action=raw
1sfmus2h4e,互动事件,1003,火盆,,-1694,-2020,G,1776246880046,4,https://wiki.biligame.com/rocom/Data:Mapnew/type/1003/json?action=raw
9o0ds4p3lp,互动事件,1003,火盆,,-1704,-1922,G,1776246907517,4,https://wiki.biligame.com/rocom/Data:Mapnew/type/1003/json?action=raw
9ddjyzuc72,互动事件,1003,火盆,,-1736,-2751,G,1776247862334,4,https://wiki.biligame.com/rocom/Data:Mapnew/type/1003/json?action=raw
rhloawl5wu,互动事件,1003,火盆,,-1850,-2678,G,1776248092974,4,https://wiki.biligame.com/rocom/Data:Mapnew/type/1003/json?action=raw
yvgdjo668p,互动事件,1003,火盆,,-1831,-2656,G,1776248109337,4,https://wiki.biligame.com/rocom/Data:Mapnew/type/1003/json?action=raw
2jvu6tqv198,互动事件,1003,火盆,,-1705,-2802,G,1776248210971,4,https://wiki.biligame.com/rocom/Data:Mapnew/type/1003/json?action=raw
23xlh3m3d9n,互动事件,1003,火盆,,-1813,-2872,G,1776248330219,4,https://wiki.biligame.com/rocom/Data:Mapnew/type/1003/json?action=raw
2544sc7sy94,互动事件,1003,火盆,,-1721,-2965,G,1776248361832,4,https://wiki.biligame.com/rocom/Data:Mapnew/type/1003/json?action=raw
1ae6o4jto2k,互动事件,1003,火盆,,-1704,-2928,G,1776248373788,4,https://wiki.biligame.com/rocom/Data:Mapnew/type/1003/json?action=raw
4n7vyxuk9g,宝箱,301,普通宝箱,,1357,-1487,G,1743496649492,4,https://wiki.biligame.com/rocom/Data:Mapnew/type/301/json?action=raw
1hz4673hjln,宝箱,301,普通宝箱,,1096,-1458,G,1743496658043,4,https://wiki.biligame.com/rocom/Data:Mapnew/type/301/json?action=raw
2fnekib1tld,宝箱,301,普通宝箱,,1276,-1375,G,1743498919697,4,https://wiki.biligame.com/rocom/Data:Mapnew/type/301/json?action=raw
u5apl7km4h,宝箱,301,普通宝箱,精灵的宝藏,954,-1835,G,1743593297921,4,https://wiki.biligame.com/rocom/Data:Mapnew/type/301/json?action=raw
169ansek33t,宝箱,301,普通宝箱,挖掘,1026,-1411,G,1743594379961,4,https://wiki.biligame.com/rocom/Data:Mapnew/type/301/json?action=raw
28utixf67eo,宝箱,301,普通宝箱,,1018,-1386,G,1743594405376,4,https://wiki.biligame.com/rocom/Data:Mapnew/type/301/json?action=raw
1ypprgkzlzj,宝箱,301,普通宝箱,,1036,-1626,G,1743594413583,4,https://wiki.biligame.com/rocom/Data:Mapnew/type/301/json?action=raw
257nz9wao8b,宝箱,301,普通宝箱,,948,-1706,G,1743594417451,4,https://wiki.biligame.com/rocom/Data:Mapnew/type/301/json?action=raw
29u9mbopjdr,宝箱,301,普通宝箱,,-1662,-2365,G,1743660683871,4,https://wiki.biligame.com/rocom/Data:Mapnew/type/301/json?action=raw
r6yfitj6qk,宝箱,301,普通宝箱,,-1573,-2302,G,1743660801500,4,https://wiki.biligame.com/rocom/Data:Mapnew/type/301/json?action=raw
2ev1p392ffg,宝箱,301,普通宝箱,,-1423,-2288,G,1743660965788,4,https://wiki.biligame.com/rocom/Data:Mapnew/type/301/json?action=raw
130bjwun2zz,宝箱,301,普通宝箱,,-1307,-2343,G,1743661120751,4,https://wiki.biligame.com/rocom/Data:Mapnew/type/301/json?action=raw
1vntvif4aue,宝箱,301,普通宝箱,,803,-1354,G,1743779452646,4,https://wiki.biligame.com/rocom/Data:Mapnew/type/301/json?action=raw
zyfo3szzbu,宝箱,301,普通宝箱,,-834,-614,G,1744155592090,4,https://wiki.biligame.com/rocom/Data:Mapnew/type/301/json?action=raw
fdlbl98wh0,宝箱,301,普通宝箱,,-665,509,G,1744656196452,4,https://wiki.biligame.com/rocom/Data:Mapnew/type/301/json?action=raw
2g8o8nrdpyt,宝箱,301,普通宝箱,,278,1198,G,1744656989109,4,https://wiki.biligame.com/rocom/Data:Mapnew/type/301/json?action=raw
12poqk6g5v1,宝箱,301,普通宝箱,,135,842,G,1744657520557,4,https://wiki.biligame.com/rocom/Data:Mapnew/type/301/json?action=raw
fa1pnkda02,宝箱,301,普通宝箱,,-252,1046,G,1744657757154,4,https://wiki.biligame.com/rocom/Data:Mapnew/type/301/json?action=raw
1s47y76j76c,宝箱,301,普通宝箱,,476,2459,G,1744660393236,4,https://wiki.biligame.com/rocom/Data:Mapnew/type/301/json?action=raw
1irh282uurs,宝箱,301,普通宝箱,,420,2489,G,1744660478280,4,https://wiki.biligame.com/rocom/Data:Mapnew/type/301/json?action=raw
2i0h7iq71p8,宝箱,301,普通宝箱,,196,2620,G,1744660813405,4,https://wiki.biligame.com/rocom/Data:Mapnew/type/301/json?action=raw
2f985anrt9x,宝箱,301,普通宝箱,,387,2726,G,1744661134325,4,https://wiki.biligame.com/rocom/Data:Mapnew/type/301/json?action=raw
2h84c102kuy,宝箱,301,普通宝箱,,661,2492,G,1744661379610,4,https://wiki.biligame.com/rocom/Data:Mapnew/type/301/json?action=raw
1xq9ol2acrk,宝箱,301,普通宝箱,,871,2521,G,1744661599520,4,https://wiki.biligame.com/rocom/Data:Mapnew/type/301/json?action=raw
1iyka3jggny,宝箱,301,普通宝箱,,-1431,-2560,G,1744662132574,4,https://wiki.biligame.com/rocom/Data:Mapnew/type/301/json?action=raw
26lo8nmow4,宝箱,301,普通宝箱,,997,-1250,G,1744986422916,4,https://wiki.biligame.com/rocom/Data:Mapnew/type/301/json?action=raw
2ly9l4sfsro,宝箱,301,普通宝箱,,974,-1164,G,1744986553188,4,https://wiki.biligame.com/rocom/Data:Mapnew/type/301/json?action=raw
244oam1fhae,宝箱,301,普通宝箱,,987,-1014,G,1744986848838,4,https://wiki.biligame.com/rocom/Data:Mapnew/type/301/json?action=raw
el8gjl46p1,宝箱,301,普通宝箱,,-1408,-173,G,1745627569125,4,https://wiki.biligame.com/rocom/Data:Mapnew/type/301/json?action=raw
14vo5oseny3,宝箱,301,普通宝箱,洞内,-1594,-197,G,1745796619451,4,https://wiki.biligame.com/rocom/Data:Mapnew/type/301/json?action=raw
58hknadsw5,宝箱,301,普通宝箱,洞内,-878,-590,G,1745797200261,4,https://wiki.biligame.com/rocom/Data:Mapnew/type/301/json?action=raw
23cbfnmmvvn,宝箱,301,普通宝箱,,-1341,-343,G,1746155302115,4,https://wiki.biligame.com/rocom/Data:Mapnew/type/301/json?action=raw
cbpg8vaid3,宝箱,301,普通宝箱,,-1338,-1599,G,1746157910647,4,https://wiki.biligame.com/rocom/Data:Mapnew/type/301/json?action=raw
969y9xi9o0,宝箱,301,普通宝箱,,-1441,-1490,G,1746158012016,4,https://wiki.biligame.com/rocom/Data:Mapnew/type/301/json?action=raw
hjkqvvawcc,宝箱,301,普通宝箱,,-1534,-1224,G,1746158255420,4,https://wiki.biligame.com/rocom/Data:Mapnew/type/301/json?action=raw
1h6rbxe3q5c,宝箱,301,普通宝箱,,-1095,-1210,G,1746158979360,4,https://wiki.biligame.com/rocom/Data:Mapnew/type/301/json?action=raw
7snf5wt6it,宝箱,301,普通宝箱,,-1193,-1230,G,1746159036997,4,https://wiki.biligame.com/rocom/Data:Mapnew/type/301/json?action=raw
yvfzq1zvlv,宝箱,301,普通宝箱,,-1425,-933,G,1746159174595,4,https://wiki.biligame.com/rocom/Data:Mapnew/type/301/json?action=raw
pwvjj7u7we,宝箱,301,普通宝箱,,-283,-566,G,1746243724926,4,https://wiki.biligame.com/rocom/Data:Mapnew/type/301/json?action=raw
1l83bd7nvsr,宝箱,301,普通宝箱,,820,-423,G,1746245389243,4,https://wiki.biligame.com/rocom/Data:Mapnew/type/301/json?action=raw
1b2zjwdjrch,宝箱,301,普通宝箱,,1019,-459,G,1746245512753,4,https://wiki.biligame.com/rocom/Data:Mapnew/type/301/json?action=raw
2322vrgpsq,宝箱,301,普通宝箱,,2027,799,G,1746245533082,4,https://wiki.biligame.com/rocom/Data:Mapnew/type/301/json?action=raw
282gonj8ty0,宝箱,301,普通宝箱,乐谱,1309,-640,G,1746245736600,4,https://wiki.biligame.com/rocom/Data:Mapnew/type/301/json?action=raw
2fqy7pgj8yq,宝箱,301,普通宝箱,,1027,-243,G,1746246228002,4,https://wiki.biligame.com/rocom/Data:Mapnew/type/301/json?action=raw
ibxmf26d8p,宝箱,301,普通宝箱,,852,-486,G,1746246289033,4,https://wiki.biligame.com/rocom/Data:Mapnew/type/301/json?action=raw
v1788juani,宝箱,301,普通宝箱,,960,-324,G,1746247091310,4,https://wiki.biligame.com/rocom/Data:Mapnew/type/301/json?action=raw
6pnpwi0wj5,宝箱,301,普通宝箱,,-1206,-2273,G,1746248222385,4,https://wiki.biligame.com/rocom/Data:Mapnew/type/301/json?action=raw
2q3571rk404,宝箱,301,普通宝箱,,-1233,-2208,G,1746248278084,4,https://wiki.biligame.com/rocom/Data:Mapnew/type/301/json?action=raw
o52uaoz635,宝箱,301,普通宝箱,,948,-638,G,1767187990929,4,https://wiki.biligame.com/rocom/Data:Mapnew/type/301/json?action=raw
2ienxma1yd8,宝箱,301,普通宝箱,,313,-1081,G,1767195596347,4,https://wiki.biligame.com/rocom/Data:Mapnew/type/301/json?action=raw
86u5r9uddc,宝箱,301,普通宝箱,汪汪队下面,1161,1117,G,1769770746928,4,https://wiki.biligame.com/rocom/Data:Mapnew/type/301/json?action=raw
2caw6qf9whc,宝箱,301,普通宝箱,,1062,1192,G,1769770943408,4,https://wiki.biligame.com/rocom/Data:Mapnew/type/301/json?action=raw
28ydgw1wed5,宝箱,301,普通宝箱,,1080,1234,G,1769771086265,4,https://wiki.biligame.com/rocom/Data:Mapnew/type/301/json?action=raw
19eqhs9hkeg,宝箱,301,普通宝箱,,1171,1392,G,1769771338376,4,https://wiki.biligame.com/rocom/Data:Mapnew/type/301/json?action=raw
2poz23xejns,宝箱,301,普通宝箱,,1163,1418,G,1769771427848,4,https://wiki.biligame.com/rocom/Data:Mapnew/type/301/json?action=raw
r3f5kxdc08,宝箱,301,普通宝箱,乐谱,1209,1357,G,1769771515656,4,https://wiki.biligame.com/rocom/Data:Mapnew/type/301/json?action=raw
2mfzy9zjc1k,宝箱,301,普通宝箱,乐谱,1642,834,G,1769935669945,4,https://wiki.biligame.com/rocom/Data:Mapnew/type/301/json?action=raw
y33f5jvfrl,宝箱,301,普通宝箱,,1365,1493,G,1769936386193,4,https://wiki.biligame.com/rocom/Data:Mapnew/type/301/json?action=raw
2bijbbfchpl,宝箱,301,普通宝箱,,1534,1509,G,1769936441257,4,https://wiki.biligame.com/rocom/Data:Mapnew/type/301/json?action=raw
28nqn5n0vht,宝箱,301,普通宝箱,,1498,1383,G,1769936607857,4,https://wiki.biligame.com/rocom/Data:Mapnew/type/301/json?action=raw
2ly9wlffgio,宝箱,301,普通宝箱,,1287,1218,G,1769937232993,4,https://wiki.biligame.com/rocom/Data:Mapnew/type/301/json?action=raw
bc9nt0fs96,宝箱,301,普通宝箱,,1173,1164,G,1769939968202,4,https://wiki.biligame.com/rocom/Data:Mapnew/type/301/json?action=raw
1vkallcx1x7,宝箱,301,普通宝箱,乐谱,1673,973,G,1769940490235,4,https://wiki.biligame.com/rocom/Data:Mapnew/type/301/json?action=raw
118ix4khrrw,宝箱,301,普通宝箱,乐谱,1345,940,G,1769941048028,4,https://wiki.biligame.com/rocom/Data:Mapnew/type/301/json?action=raw
1gli0ic1fll,宝箱,301,普通宝箱,,-499,1511,G,1772718381369,4,https://wiki.biligame.com/rocom/Data:Mapnew/type/301/json?action=raw
2ekf8mof35n,宝箱,301,普通宝箱,,-379,1570,G,1772719623611,4,https://wiki.biligame.com/rocom/Data:Mapnew/type/301/json?action=raw
1e4vs3fst8n,宝箱,301,普通宝箱,,-359,1604,G,1772719980040,4,https://wiki.biligame.com/rocom/Data:Mapnew/type/301/json?action=raw
2fqyjvaf4r3,宝箱,301,普通宝箱,,-332,1683,G,1772720143311,4,https://wiki.biligame.com/rocom/Data:Mapnew/type/301/json?action=raw
2hwxyh2bee0,宝箱,301,普通宝箱,,-359,1732,G,1772720358296,4,https://wiki.biligame.com/rocom/Data:Mapnew/type/301/json?action=raw
gk4zpzr1lc,宝箱,301,普通宝箱,,-314,1824,G,1772720584656,4,https://wiki.biligame.com/rocom/Data:Mapnew/type/301/json?action=raw
x03r4pxi6w,宝箱,301,普通宝箱,,-511,1809,G,1772721091416,4,https://wiki.biligame.com/rocom/Data:Mapnew/type/301/json?action=raw
cbpsg7tzjr,宝箱,301,普通宝箱,,-414,2186,G,1772723626039,4,https://wiki.biligame.com/rocom/Data:Mapnew/type/301/json?action=raw
1e4vs3i21cg,宝箱,301,普通宝箱,,-434,2158,G,1772723769680,4,https://wiki.biligame.com/rocom/Data:Mapnew/type/301/json?action=raw
1hduw061re1,宝箱,301,普通宝箱,,-379,2216,G,1772724340457,4,https://wiki.biligame.com/rocom/Data:Mapnew/type/301/json?action=raw
cbpsga5wj0,宝箱,301,普通宝箱,,-417,2498,G,1772727541228,4,https://wiki.biligame.com/rocom/Data:Mapnew/type/301/json?action=raw
1zspu5a4xi8,宝箱,301,普通宝箱,,-469,2610,G,1772727795872,4,https://wiki.biligame.com/rocom/Data:Mapnew/type/301/json?action=raw
1ns9hvu2n4v,宝箱,301,普通宝箱,,-23,2788,G,1772728585119,4,https://wiki.biligame.com/rocom/Data:Mapnew/type/301/json?action=raw
cit0bquah4,宝箱,301,普通宝箱,,65,2560,G,1772729325192,4,https://wiki.biligame.com/rocom/Data:Mapnew/type/301/json?action=raw
ito09mn40q,宝箱,301,普通宝箱,,-49,2562,G,1772729511450,4,https://wiki.biligame.com/rocom/Data:Mapnew/type/301/json?action=raw
re20r01jbm,宝箱,301,普通宝箱,,-80,2584,G,1772729738258,4,https://wiki.biligame.com/rocom/Data:Mapnew/type/301/json?action=raw
e72d8y07t3,宝箱,301,普通宝箱,,-57,2683,G,1772730055047,4,https://wiki.biligame.com/rocom/Data:Mapnew/type/301/json?action=raw
2fgbq2b03i1,宝箱,301,普通宝箱,,-34,2532,G,1772730229945,4,https://wiki.biligame.com/rocom/Data:Mapnew/type/301/json?action=raw
2860mr9fy1g,宝箱,301,普通宝箱,,-45,2302,G,1772730576661,4,https://wiki.biligame.com/rocom/Data:Mapnew/type/301/json?action=raw
vixm34jo52,宝箱,301,普通宝箱,,-111,2296,G,1772730716406,4,https://wiki.biligame.com/rocom/Data:Mapnew/type/301/json?action=raw
db5vuayhah,宝箱,301,普通宝箱,,1413,-404,G,1772779134473,4,https://wiki.biligame.com/rocom/Data:Mapnew/type/301/json?action=raw
1najg83age2,宝箱,301,普通宝箱,,1279,-551,G,1772779402362,4,https://wiki.biligame.com/rocom/Data:Mapnew/type/301/json?action=raw
2isufxhrh60,宝箱,301,普通宝箱,,1355,-470,G,1772779443368,4,https://wiki.biligame.com/rocom/Data:Mapnew/type/301/json?action=raw
wwk57yvha0,宝箱,301,普通宝箱,,1403,-513,G,1772779460408,4,https://wiki.biligame.com/rocom/Data:Mapnew/type/301/json?action=raw
51ep63cve1,宝箱,301,普通宝箱,,1331,-298,G,1772779541737,4,https://wiki.biligame.com/rocom/Data:Mapnew/type/301/json?action=raw
1z0cyoeisfk,宝箱,301,普通宝箱,,1184,-195,G,1772779605616,4,https://wiki.biligame.com/rocom/Data:Mapnew/type/301/json?action=raw
zk9liqs2qi,宝箱,301,普通宝箱,光点宝箱,1470,-440,G,1772804820698,4,https://wiki.biligame.com/rocom/Data:Mapnew/type/301/json?action=raw
1udrbo4vml5,宝箱,301,普通宝箱,光点宝箱,1257,-705,G,1772805330969,4,https://wiki.biligame.com/rocom/Data:Mapnew/type/301/json?action=raw
2iwe1vmzg7k,宝箱,301,普通宝箱,光点宝箱,1270,-655,G,1772805332688,4,https://wiki.biligame.com/rocom/Data:Mapnew/type/301/json?action=raw
1odj5jf0300,宝箱,301,普通宝箱,光点宝箱,1227,-483,G,1772805986865,4,https://wiki.biligame.com/rocom/Data:Mapnew/type/301/json?action=raw
12ilvm9vrof,宝箱,301,普通宝箱,,1104,-179,G,1772806287071,4,https://wiki.biligame.com/rocom/Data:Mapnew/type/301/json?action=raw
mmizanpu,宝箱,301,普通宝箱,,39,2351,G,1773048496530,4,https://wiki.biligame.com/rocom/Data:Mapnew/type/301/json?action=raw
2c7cmaxpj0w,宝箱,301,普通宝箱,,-32,2655,G,1773049959824,4,https://wiki.biligame.com/rocom/Data:Mapnew/type/301/json?action=raw
21o2f38dew8,宝箱,301,普通宝箱,,10,2632,G,1773050097832,4,https://wiki.biligame.com/rocom/Data:Mapnew/type/301/json?action=raw
28utwgkrcdf,宝箱,301,普通宝箱,,235,2586,G,1773050817379,4,https://wiki.biligame.com/rocom/Data:Mapnew/type/301/json?action=raw
s2vagcmsvy,宝箱,301,普通宝箱,,303,2509,G,1773052118974,4,https://wiki.biligame.com/rocom/Data:Mapnew/type/301/json?action=raw
dephwjccum,宝箱,301,普通宝箱,,362,2499,G,1773052202766,4,https://wiki.biligame.com/rocom/Data:Mapnew/type/301/json?action=raw
gr87qwuu24,宝箱,301,普通宝箱,,318,2588,G,1773052292012,4,https://wiki.biligame.com/rocom/Data:Mapnew/type/301/json?action=raw
1hky41140la,宝箱,301,普通宝箱,,440,2482,G,1773052616958,4,https://wiki.biligame.com/rocom/Data:Mapnew/type/301/json?action=raw
b9gc7cb9m,宝箱,301,普通宝箱,,437,2620,G,1773052902154,4,https://wiki.biligame.com/rocom/Data:Mapnew/type/301/json?action=raw
1lwwx8kv59r,宝箱,301,普通宝箱,,340,2659,G,1773052981359,4,https://wiki.biligame.com/rocom/Data:Mapnew/type/301/json?action=raw
114zcmbvqvp,宝箱,301,普通宝箱,,387,2509,G,1773053705429,4,https://wiki.biligame.com/rocom/Data:Mapnew/type/301/json?action=raw
2b7wixtwlwy,宝箱,301,普通宝箱,,459,2574,G,1773053777906,4,https://wiki.biligame.com/rocom/Data:Mapnew/type/301/json?action=raw
21kit5ktz61,宝箱,301,普通宝箱,,576,2597,G,1773053906761,4,https://wiki.biligame.com/rocom/Data:Mapnew/type/301/json?action=raw
2fjvc5dmg3x,宝箱,301,普通宝箱,,614,2571,G,1773054082061,4,https://wiki.biligame.com/rocom/Data:Mapnew/type/301/json?action=raw
19ia589vdqn,宝箱,301,普通宝箱,,614,2475,G,1773054275663,4,https://wiki.biligame.com/rocom/Data:Mapnew/type/301/json?action=raw
2bbg4vk1ys4,宝箱,301,普通宝箱,,655,2529,G,1773054350932,4,https://wiki.biligame.com/rocom/Data:Mapnew/type/301/json?action=raw
2aq6h99brws,宝箱,301,普通宝箱,,642,2616,G,1773054549772,4,https://wiki.biligame.com/rocom/Data:Mapnew/type/301/json?action=raw
7lkjna821t,宝箱,301,普通宝箱,,680,2759,G,1773054775905,4,https://wiki.biligame.com/rocom/Data:Mapnew/type/301/json?action=raw
bxjcuttu0k,宝箱,301,普通宝箱,,591,2705,G,1773054890548,4,https://wiki.biligame.com/rocom/Data:Mapnew/type/301/json?action=raw
152rq3100w5,宝箱,301,普通宝箱,,874,2541,G,1773055070597,4,https://wiki.biligame.com/rocom/Data:Mapnew/type/301/json?action=raw
bc9p8j8p5e,宝箱,301,普通宝箱,,823,2520,G,1773055325266,4,https://wiki.biligame.com/rocom/Data:Mapnew/type/301/json?action=raw
di93ub38un,宝箱,301,普通宝箱,,783,2515,G,1773055459983,4,https://wiki.biligame.com/rocom/Data:Mapnew/type/301/json?action=raw
1sbbj47yjy1,宝箱,301,普通宝箱,,660,2480,G,1773055664249,4,https://wiki.biligame.com/rocom/Data:Mapnew/type/301/json?action=raw
1brt5rscwdp,宝箱,301,普通宝箱,,623,2375,G,1773055805165,4,https://wiki.biligame.com/rocom/Data:Mapnew/type/301/json?action=raw
184nm49izx8,宝箱,301,普通宝箱,,563,2398,G,1773055893340,4,https://wiki.biligame.com/rocom/Data:Mapnew/type/301/json?action=raw
bftb69iofr,宝箱,301,普通宝箱,,450,2326,G,1773056113975,4,https://wiki.biligame.com/rocom/Data:Mapnew/type/301/json?action=raw
2p791xo19g8,宝箱,301,普通宝箱,,519,2307,G,1773056201239,4,https://wiki.biligame.com/rocom/Data:Mapnew/type/301/json?action=raw
28raaiyiqn7,宝箱,301,普通宝箱,,58,2247,G,1773056811363,4,https://wiki.biligame.com/rocom/Data:Mapnew/type/301/json?action=raw
2mcgdrw0tb4,宝箱,301,普通宝箱,,34,2190,G,1773056888928,4,https://wiki.biligame.com/rocom/Data:Mapnew/type/301/json?action=raw
1x50e0de3yz,宝箱,301,普通宝箱,,144,2234,G,1773057104027,4,https://wiki.biligame.com/rocom/Data:Mapnew/type/301/json?action=raw
2bezqtc5pyp,宝箱,301,普通宝箱,,-43,2094,G,1773058208433,4,https://wiki.biligame.com/rocom/Data:Mapnew/type/301/json?action=raw
10jpp03rv1a,宝箱,301,普通宝箱,,-52,2055,G,1773058304222,4,https://wiki.biligame.com/rocom/Data:Mapnew/type/301/json?action=raw
1b2zw7tbk2g,宝箱,301,普通宝箱,,24,2003,G,1773058519896,4,https://wiki.biligame.com/rocom/Data:Mapnew/type/301/json?action=raw
1f4bvm7h53f,宝箱,301,普通宝箱,,19,2051,G,1773058589451,4,https://wiki.biligame.com/rocom/Data:Mapnew/type/301/json?action=raw
133vjcqzxju,宝箱,301,普通宝箱,,-95,2115,G,1773058682522,4,https://wiki.biligame.com/rocom/Data:Mapnew/type/301/json?action=raw
2ko70uqht2e,宝箱,301,普通宝箱,,-114,2247,G,1773058908006,4,https://wiki.biligame.com/rocom/Data:Mapnew/type/301/json?action=raw
2d6spo9tu0s,宝箱,301,普通宝箱,,102,2807,G,1773060109884,4,https://wiki.biligame.com/rocom/Data:Mapnew/type/301/json?action=raw
102pwcp8vr,宝箱,301,普通宝箱,,450,2677,G,1773060805943,4,https://wiki.biligame.com/rocom/Data:Mapnew/type/301/json?action=raw
14z845er9r7,宝箱,301,普通宝箱,,320,2799,G,1773061057571,4,https://wiki.biligame.com/rocom/Data:Mapnew/type/301/json?action=raw
1ltdbazwrfv,宝箱,301,普通宝箱,,268,2753,G,1773061131755,4,https://wiki.biligame.com/rocom/Data:Mapnew/type/301/json?action=raw
2dp90eajc0,宝箱,301,普通宝箱,,178,2697,G,1773061283424,4,https://wiki.biligame.com/rocom/Data:Mapnew/type/301/json?action=raw
2k2xe3nb734,宝箱,301,普通宝箱,,-1118,-421,G,1774946229152,4,https://wiki.biligame.com/rocom/Data:Mapnew/type/301/json?action=raw
2m5d6rpa2r4,宝箱,301,普通宝箱,,-1147,-392,G,1774946242927,4,https://wiki.biligame.com/rocom/Data:Mapnew/type/301/json?action=raw
1b2zx69qm6r,宝箱,301,普通宝箱,,1801,-1397,G,1775141946323,4,https://wiki.biligame.com/rocom/Data:Mapnew/type/301/json?action=raw
29cjz3qte8c,宝箱,301,普通宝箱,,1862,-1426,G,1775141970764,4,https://wiki.biligame.com/rocom/Data:Mapnew/type/301/json?action=raw
12biotgx024,宝箱,301,普通宝箱,,1751,-1476,G,1775142044300,4,https://wiki.biligame.com/rocom/Data:Mapnew/type/301/json?action=raw
8vnhs4gh63,宝箱,301,普通宝箱,,1683,-1449,G,1775142092523,4,https://wiki.biligame.com/rocom/Data:Mapnew/type/301/json?action=raw
cmcndd7pl9,宝箱,301,普通宝箱,,1647,-1356,G,1775142202957,4,https://wiki.biligame.com/rocom/Data:Mapnew/type/301/json?action=raw
2l5x3hs0l38,宝箱,301,普通宝箱,,1560,-1439,G,1775142443716,4,https://wiki.biligame.com/rocom/Data:Mapnew/type/301/json?action=raw
1memzvqb3gk,宝箱,301,普通宝箱,,1624,-1455,G,1775143103556,4,https://wiki.biligame.com/rocom/Data:Mapnew/type/301/json?action=raw
fo8jeltxrw,宝箱,301,普通宝箱,,1815,-1457,G,1775143177532,4,https://wiki.biligame.com/rocom/Data:Mapnew/type/301/json?action=raw
2n4ta84ms9g,宝箱,301,普通宝箱,,1755,-1532,G,1775143222419,4,https://wiki.biligame.com/rocom/Data:Mapnew/type/301/json?action=raw
1cusw187e2k,宝箱,301,普通宝箱,,1449,-1438,G,1775145185020,4,https://wiki.biligame.com/rocom/Data:Mapnew/type/301/json?action=raw
1kqdn5rzo6u,宝箱,301,普通宝箱,,-1278,-2714,G,1775580496950,4,https://wiki.biligame.com/rocom/Data:Mapnew/type/301/json?action=raw
y6n3padi85,宝箱,301,普通宝箱,,-61,-449,G,1775621372805,4,https://wiki.biligame.com/rocom/Data:Mapnew/type/301/json?action=raw
20l2qz3wo63,宝箱,301,普通宝箱,,948,-1605,G,1775635730779,4,https://wiki.biligame.com/rocom/Data:Mapnew/type/301/json?action=raw
2lk3jgt3ltc,宝箱,301,普通宝箱,,360,-1827,G,1775636004400,4,https://wiki.biligame.com/rocom/Data:Mapnew/type/301/json?action=raw
widqsct4xa,宝箱,301,普通宝箱,,586,-1795,G,1775636765230,4,https://wiki.biligame.com/rocom/Data:Mapnew/type/301/json?action=raw
12m5iut4fa1,宝箱,301,普通宝箱,,643,-1679,G,1775637166937,4,https://wiki.biligame.com/rocom/Data:Mapnew/type/301/json?action=raw
a26tage408,宝箱,301,普通宝箱,,-2111,-1434,G,1775730365384,4,https://wiki.biligame.com/rocom/Data:Mapnew/type/301/json?action=raw
26hrbb0zxiq,宝箱,301,普通宝箱,,-1861,-1622,G,1775932403826,4,https://wiki.biligame.com/rocom/Data:Mapnew/type/301/json?action=raw
1f4bwxqk2n4,宝箱,301,普通宝箱,调查,-1851,-1662,G,1775932549216,4,https://wiki.biligame.com/rocom/Data:Mapnew/type/301/json?action=raw
jt453rzds6,宝箱,301,普通宝箱,,-1954,-1471,G,1775932983174,4,https://wiki.biligame.com/rocom/Data:Mapnew/type/301/json?action=raw
1qjilkwiv4v,宝箱,301,普通宝箱,,-1910,-1461,G,1775933017631,4,https://wiki.biligame.com/rocom/Data:Mapnew/type/301/json?action=raw
cpw9o5vw6l,宝箱,301,普通宝箱,,-1906,-1384,G,1775933073837,4,https://wiki.biligame.com/rocom/Data:Mapnew/type/301/json?action=raw
1sev6dixhz0,宝箱,301,普通宝箱,,-2035,-1333,G,1775933120316,4,https://wiki.biligame.com/rocom/Data:Mapnew/type/301/json?action=raw
2lk3jlq62ka,宝箱,301,普通宝箱,,-2105,-1496,G,1775933411450,4,https://wiki.biligame.com/rocom/Data:Mapnew/type/301/json?action=raw
lwbgzsjuf,宝箱,301,普通宝箱,,-2028,-1523,G,1775933490807,4,https://wiki.biligame.com/rocom/Data:Mapnew/type/301/json?action=raw
1oo60sajytn,宝箱,301,普通宝箱,,-1994,-1624,G,1775933649163,4,https://wiki.biligame.com/rocom/Data:Mapnew/type/301/json?action=raw
2nbwigmvxx2,宝箱,301,普通宝箱,,-2032,-1713,G,1775933715318,4,https://wiki.biligame.com/rocom/Data:Mapnew/type/301/json?action=raw
vmh9htcz1g,宝箱,301,普通宝箱,,-2129,-1717,G,1775933754724,4,https://wiki.biligame.com/rocom/Data:Mapnew/type/301/json?action=raw
zd6f322cyk,宝箱,301,普通宝箱,,-2132,-1780,G,1775933778972,4,https://wiki.biligame.com/rocom/Data:Mapnew/type/301/json?action=raw
2vfc0hq1u8,宝箱,301,普通宝箱,地下,-1819,-2033,G,1775934086352,4,https://wiki.biligame.com/rocom/Data:Mapnew/type/301/json?action=raw
1m406kspiza,宝箱,301,普通宝箱,,-1629,-1455,G,1776244635734,4,https://wiki.biligame.com/rocom/Data:Mapnew/type/301/json?action=raw
22ulrsozgrc,宝箱,301,普通宝箱,,-1811,-2179,G,1776246273944,4,https://wiki.biligame.com/rocom/Data:Mapnew/type/301/json?action=raw
2paspc5eqri,宝箱,301,普通宝箱,,-1816,-2081,G,1776246744062,4,https://wiki.biligame.com/rocom/Data:Mapnew/type/301/json?action=raw
51eqrgkmy4,宝箱,301,普通宝箱,,-1817,-2859,G,1776248311084,4,https://wiki.biligame.com/rocom/Data:Mapnew/type/301/json?action=raw
gurg3uf5i1,宝箱,303,珍贵宝箱,,1195,-1457,G,1743497360281,4,https://wiki.biligame.com/rocom/Data:Mapnew/type/303/json?action=raw
24thjhg6oa2,宝箱,303,珍贵宝箱,,1219,-1686,G,1743498880106,4,https://wiki.biligame.com/rocom/Data:Mapnew/type/303/json?action=raw
169ans2uoxl,宝箱,304,华丽宝箱,华丽宝箱,-852,1831,G,1743574719417,4,https://wiki.biligame.com/rocom/Data:Mapnew/type/304/json?action=raw
1a731iy1zjp,宝箱,304,华丽宝箱,,-1853,-2658,G,1744190964789,4,https://wiki.biligame.com/rocom/Data:Mapnew/type/304/json?action=raw
2e9s1prpmtu,宝箱,304,华丽宝箱,,-1040,-2045,G,1744194227922,4,https://wiki.biligame.com/rocom/Data:Mapnew/type/304/json?action=raw
vmguwxk2y2,宝箱,304,华丽宝箱,,-944,-2481,G,1744196062443,4,https://wiki.biligame.com/rocom/Data:Mapnew/type/304/json?action=raw
2i0h7b1r7cc,宝箱,304,华丽宝箱,,-1371,-2950,G,1744196500203,4,https://wiki.biligame.com/rocom/Data:Mapnew/type/304/json?action=raw
14vo51oa1q5,宝箱,304,华丽宝箱,屋顶上,1361,1121,G,1744398963517,4,https://wiki.biligame.com/rocom/Data:Mapnew/type/304/json?action=raw
3nrt4zboll,宝箱,304,华丽宝箱,,-220,1231,G,1744658191433,4,https://wiki.biligame.com/rocom/Data:Mapnew/type/304/json?action=raw
10g5qi5f93m,宝箱,304,华丽宝箱,,-919,-495,G,1745713244370,4,https://wiki.biligame.com/rocom/Data:Mapnew/type/304/json?action=raw
1sieelh3k8a,宝箱,304,华丽宝箱,,-1058,-1734,G,1746076872234,4,https://wiki.biligame.com/rocom/Data:Mapnew/type/304/json?action=raw
pfjrrrvmj,宝箱,304,华丽宝箱,,-1178,-2246,G,1746248249307,4,https://wiki.biligame.com/rocom/Data:Mapnew/type/304/json?action=raw
25sxxqcpf39,宝箱,304,华丽宝箱,,1285,808,G,1767185570981,4,https://wiki.biligame.com/rocom/Data:Mapnew/type/304/json?action=raw
wj2izey6i,宝箱,304,华丽宝箱,屋顶上,1274,1119,G,1769937596298,4,https://wiki.biligame.com/rocom/Data:Mapnew/type/304/json?action=raw
21o2dnri2zu,宝箱,304,华丽宝箱,,1396,1414,G,1769937987242,4,https://wiki.biligame.com/rocom/Data:Mapnew/type/304/json?action=raw
1pnm1eazcbm,宝箱,304,华丽宝箱,,1200,1100,G,1769938008866,4,https://wiki.biligame.com/rocom/Data:Mapnew/type/304/json?action=raw
1p2cds22942,宝箱,304,华丽宝箱,华丽宝箱6,1393,1067,G,1769941245090,4,https://wiki.biligame.com/rocom/Data:Mapnew/type/304/json?action=raw
zgpzc77mku,宝箱,304,华丽宝箱,,1498,1020,G,1772271105294,4,https://wiki.biligame.com/rocom/Data:Mapnew/type/304/json?action=raw
1gw4u43e6a6,宝箱,304,华丽宝箱,,1390,1002,G,1772271487566,4,https://wiki.biligame.com/rocom/Data:Mapnew/type/304/json?action=raw
28raadiv20x,宝箱,304,华丽宝箱,,-153,2570,G,1772728181249,4,https://wiki.biligame.com/rocom/Data:Mapnew/type/304/json?action=raw
171nwnyopnc,宝箱,304,华丽宝箱,,-91,2744,G,1772728440280,4,https://wiki.biligame.com/rocom/Data:Mapnew/type/304/json?action=raw
1djm4haufka,宝箱,304,华丽宝箱,,-91,2634,G,1772729874506,4,https://wiki.biligame.com/rocom/Data:Mapnew/type/304/json?action=raw
190k3fkbs7d,宝箱,304,华丽宝箱,光点宝箱,1433,-457,G,1772804842377,4,https://wiki.biligame.com/rocom/Data:Mapnew/type/304/json?action=raw
jpkhqc5w28,宝箱,304,华丽宝箱,光点宝箱,1109,-678,G,1772805518737,4,https://wiki.biligame.com/rocom/Data:Mapnew/type/304/json?action=raw
tghtgbbt6w,宝箱,304,华丽宝箱,,1336,-568,G,1772805866376,4,https://wiki.biligame.com/rocom/Data:Mapnew/type/304/json?action=raw
hg1haxzqxp,宝箱,304,华丽宝箱,,281,2539,G,1773053103133,4,https://wiki.biligame.com/rocom/Data:Mapnew/type/304/json?action=raw
2fui5yiq9fa,宝箱,304,华丽宝箱,,379,2282,G,1773053549622,4,https://wiki.biligame.com/rocom/Data:Mapnew/type/304/json?action=raw
agd7t3p8n7,宝箱,304,华丽宝箱,,230,2493,G,1773056548612,4,https://wiki.biligame.com/rocom/Data:Mapnew/type/304/json?action=raw
ibxyqh6xnh,宝箱,304,华丽宝箱,,50,2092,G,1773058025693,4,https://wiki.biligame.com/rocom/Data:Mapnew/type/304/json?action=raw
16ukoy094my,宝箱,304,华丽宝箱,,-152,2044,G,1773059631034,4,https://wiki.biligame.com/rocom/Data:Mapnew/type/304/json?action=raw
ya6ognqx2z,宝箱,304,华丽宝箱,,517,2660,G,1773060907259,4,https://wiki.biligame.com/rocom/Data:Mapnew/type/304/json?action=raw
7p46gac273,宝箱,304,华丽宝箱,,-1194,-256,G,1774946533407,4,https://wiki.biligame.com/rocom/Data:Mapnew/type/304/json?action=raw
64efik306a,宝箱,304,华丽宝箱,半山腰位置,-2051,-2456,G,1775051796386,4,https://wiki.biligame.com/rocom/Data:Mapnew/type/304/json?action=raw
1avwpauwm1p,宝箱,304,华丽宝箱,,1777,-1543,G,1775143259549,4,https://wiki.biligame.com/rocom/Data:Mapnew/type/304/json?action=raw
nxzq2uu9it,宝箱,304,华丽宝箱,,1483,-1594,G,1775145136565,4,https://wiki.biligame.com/rocom/Data:Mapnew/type/304/json?action=raw
1mzwo09k02n,宝箱,304,华丽宝箱,,-1668,-1832,G,1776245605983,4,https://wiki.biligame.com/rocom/Data:Mapnew/type/304/json?action=raw
xownsmo8vp,宝箱,305,普通系宝箱,,-290,1322,G,1744658217205,4,https://wiki.biligame.com/rocom/Data:Mapnew/type/305/json?action=raw
17qgtz7qsop,宝箱,305,普通系宝箱,,-1000,-1683,G,1746076972729,4,https://wiki.biligame.com/rocom/Data:Mapnew/type/305/json?action=raw
1y0wj4ep1dl,宝箱,305,普通系宝箱,,975,-219,G,1746245452089,4,https://wiki.biligame.com/rocom/Data:Mapnew/type/305/json?action=raw
pf5ht5g7jz,宝箱,306,草系宝箱,,-642,213,G,1746154115904,4,https://wiki.biligame.com/rocom/Data:Mapnew/type/306/json?action=raw
1s7rktm9xa7,宝箱,306,草系宝箱,,-1448,-367,G,1746155141823,4,https://wiki.biligame.com/rocom/Data:Mapnew/type/306/json?action=raw
1t04gcu6pkq,宝箱,306,草系宝箱,,817,70,G,1746244916474,4,https://wiki.biligame.com/rocom/Data:Mapnew/type/306/json?action=raw
i8ea3tiu06,宝箱,306,草系宝箱,,112,-588,G,1767196397926,4,https://wiki.biligame.com/rocom/Data:Mapnew/type/306/json?action=raw
1q8vrbfu8nm,宝箱,306,草系宝箱,,-1533,-464,G,1774946644562,4,https://wiki.biligame.com/rocom/Data:Mapnew/type/306/json?action=raw
1d5fbazowm5,宝箱,307,火系宝箱,火系宝箱,1176,-1746,G,1743497967133,4,https://wiki.biligame.com/rocom/Data:Mapnew/type/307/json?action=raw
29cjklzm17h,宝箱,307,火系宝箱,,894,-1717,G,1743593399965,4,https://wiki.biligame.com/rocom/Data:Mapnew/type/307/json?action=raw
22r1r49j02u,宝箱,307,火系宝箱,,-768,-524,G,1744156119078,4,https://wiki.biligame.com/rocom/Data:Mapnew/type/307/json?action=raw
1w93xt4p1p0,宝箱,307,火系宝箱,,-2066,-1488,G,1775730334932,4,https://wiki.biligame.com/rocom/Data:Mapnew/type/307/json?action=raw
22cvb2h1tdj,宝箱,308,水系宝箱,,1178,-1283,G,1743495615479,4,https://wiki.biligame.com/rocom/Data:Mapnew/type/308/json?action=raw
1sieeo93g6v,宝箱,308,水系宝箱,,540,-199,G,1746244828599,4,https://wiki.biligame.com/rocom/Data:Mapnew/type/308/json?action=raw
ydqa8rz44f,宝箱,308,水系宝箱,,-335,2117,G,1772722330271,4,https://wiki.biligame.com/rocom/Data:Mapnew/type/308/json?action=raw
a5qeyg3yac,宝箱,308,水系宝箱,,1555,-1449,G,1775142348884,4,https://wiki.biligame.com/rocom/Data:Mapnew/type/308/json?action=raw
4joogh7uvr,宝箱,309,光系宝箱,光系宝箱,-789,-2659,G,1774894008599,4,https://wiki.biligame.com/rocom/Data:Mapnew/type/309/json?action=raw
lz3541cwkc,宝箱,310,地系宝箱,,253,-553,G,1744157348060,4,https://wiki.biligame.com/rocom/Data:Mapnew/type/310/json?action=raw
2iwdoqhdfca,宝箱,310,地系宝箱,,-813,-2605,G,1744195405802,4,https://wiki.biligame.com/rocom/Data:Mapnew/type/310/json?action=raw
2ntminzzdve,宝箱,310,地系宝箱,,-633,1519,G,1772715667450,4,https://wiki.biligame.com/rocom/Data:Mapnew/type/310/json?action=raw
dlspngohsw,宝箱,310,地系宝箱,,1208,-418,G,1772779637792,4,https://wiki.biligame.com/rocom/Data:Mapnew/type/310/json?action=raw
rl58rtvt1i,宝箱,310,地系宝箱,,528,2366,G,1773055962566,4,https://wiki.biligame.com/rocom/Data:Mapnew/type/310/json?action=raw
g5ykzy2czu,宝箱,310,地系宝箱,,-1201,-171,G,1774946991178,4,https://wiki.biligame.com/rocom/Data:Mapnew/type/310/json?action=raw
1slxzo3l6ym,宝箱,311,冰系宝箱,,-1759,-2775,G,1744196847998,4,https://wiki.biligame.com/rocom/Data:Mapnew/type/311/json?action=raw
4cl2hdch2m,宝箱,311,冰系宝箱,洞内,-1779,-2598,G,1744196915823,4,https://wiki.biligame.com/rocom/Data:Mapnew/type/311/json?action=raw
vq0vc5wfru,宝箱,311,冰系宝箱,,-1972,-1654,G,1775730072795,4,https://wiki.biligame.com/rocom/Data:Mapnew/type/311/json?action=raw
1ym6kiuga9b,宝箱,311,冰系宝箱,,-1587,-2137,G,1776244923887,4,https://wiki.biligame.com/rocom/Data:Mapnew/type/311/json?action=raw
xox2b2kqee,宝箱,311,冰系宝箱,,-1775,-2846,G,1776248271014,4,https://wiki.biligame.com/rocom/Data:Mapnew/type/311/json?action=raw
1a731icy1hf,宝箱,313,电系宝箱,,-863,-682,G,1744155508739,4,https://wiki.biligame.com/rocom/Data:Mapnew/type/313/json?action=raw
2l2dgg5bp8s,宝箱,313,电系宝箱,,122,2518,G,1772729031052,4,https://wiki.biligame.com/rocom/Data:Mapnew/type/313/json?action=raw
1msteo0k4jw,宝箱,313,电系宝箱,,343,2534,G,1773052015628,4,https://wiki.biligame.com/rocom/Data:Mapnew/type/313/json?action=raw
2erihucxnxj,宝箱,313,电系宝箱,,510,-1746,G,1775636949864,4,https://wiki.biligame.com/rocom/Data:Mapnew/type/313/json?action=raw
25lufaolm9z,宝箱,314,毒系宝箱,,-1098,-1840,G,1744194163719,4,https://wiki.biligame.com/rocom/Data:Mapnew/type/314/json?action=raw
1y7zq3qosir,宝箱,314,毒系宝箱,,-1734,-1310,G,1744304450659,4,https://wiki.biligame.com/rocom/Data:Mapnew/type/314/json?action=raw
1oysu53ba69,宝箱,314,毒系宝箱,,-1351,-422,G,1774944919361,4,https://wiki.biligame.com/rocom/Data:Mapnew/type/314/json?action=raw
qlos5e3fl8,宝箱,315,虫系宝箱,,-1441,-2622,G,1744197284780,4,https://wiki.biligame.com/rocom/Data:Mapnew/type/315/json?action=raw
105iwqfvm6j,宝箱,315,虫系宝箱,,684,1244,G,1745800378635,4,https://wiki.biligame.com/rocom/Data:Mapnew/type/315/json?action=raw
y333jjhzu3,宝箱,316,武系宝箱,,237,2706,G,1744660897451,4,https://wiki.biligame.com/rocom/Data:Mapnew/type/316/json?action=raw
1m3zs2grcbf,宝箱,316,武系宝箱,,482,2697,G,1744661221148,4,https://wiki.biligame.com/rocom/Data:Mapnew/type/316/json?action=raw
111fe31vizd,宝箱,317,翼系宝箱,,-1090,-1967,G,1745628602073,4,https://wiki.biligame.com/rocom/Data:Mapnew/type/317/json?action=raw
1w20ce1oi7p,宝箱,317,翼系宝箱,,-306,-47,G,1746244004661,4,https://wiki.biligame.com/rocom/Data:Mapnew/type/317/json?action=raw
2krqmmypra6,宝箱,317,翼系宝箱,,-309,2381,G,1772727038046,4,https://wiki.biligame.com/rocom/Data:Mapnew/type/317/json?action=raw
sdi49iuhf0,宝箱,317,翼系宝箱,,397,2302,G,1773053446572,4,https://wiki.biligame.com/rocom/Data:Mapnew/type/317/json?action=raw
1bo9698nvjo,宝箱,319,幽系宝箱,,1208,-1821,G,1743498111860,4,https://wiki.biligame.com/rocom/Data:Mapnew/type/319/json?action=raw
1vrdhot4mk6,宝箱,319,幽系宝箱,,-1787,-1202,G,1744303831094,4,https://wiki.biligame.com/rocom/Data:Mapnew/type/319/json?action=raw
1okm163l6ke,宝箱,319,幽系宝箱,,-1435,24,G,1746155470718,4,https://wiki.biligame.com/rocom/Data:Mapnew/type/319/json?action=raw
1ywt0jvjna4,宝箱,319,幽系宝箱,,1220,-659,G,1746246428572,4,https://wiki.biligame.com/rocom/Data:Mapnew/type/319/json?action=raw
9v3k185rhc,宝箱,319,幽系宝箱,,-440,1538,G,1772719457888,4,https://wiki.biligame.com/rocom/Data:Mapnew/type/319/json?action=raw
1qcfd94x7kf,宝箱,319,幽系宝箱,,-1281,-557,G,1774945426575,4,https://wiki.biligame.com/rocom/Data:Mapnew/type/319/json?action=raw
18fagsycfwc,宝箱,319,幽系宝箱,,-1862,-1230,G,1774962920828,4,https://wiki.biligame.com/rocom/Data:Mapnew/type/319/json?action=raw
1ahq8g3e8lx,宝箱,320,恶系宝箱,,-33,2207,G,1772730861077,4,https://wiki.biligame.com/rocom/Data:Mapnew/type/320/json?action=raw
15v4lksmwi1,宝箱,320,恶系宝箱,,94,2224,G,1773057042953,4,https://wiki.biligame.com/rocom/Data:Mapnew/type/320/json?action=raw
12f2anxi4an,宝箱,320,恶系宝箱,,-1312,-298,G,1774945157951,4,https://wiki.biligame.com/rocom/Data:Mapnew/type/320/json?action=raw
16jxhw2wzxq,宝箱,321,机械系宝箱,,670,573,G,1744230846446,4,https://wiki.biligame.com/rocom/Data:Mapnew/type/321/json?action=raw
t5umpq7fz4,宝箱,321,机械系宝箱,,-1941,-2232,G,1744662727328,4,https://wiki.biligame.com/rocom/Data:Mapnew/type/321/json?action=raw
hn4p1ur754,宝箱,321,机械系宝箱,,1250,-257,G,1772779572968,4,https://wiki.biligame.com/rocom/Data:Mapnew/type/321/json?action=raw
1odj5jfew73,宝箱,321,机械系宝箱,,1012,-410,G,1772806677887,4,https://wiki.biligame.com/rocom/Data:Mapnew/type/321/json?action=raw
1feyc5cox6x,采集,701,黑晶琉璃,,-855,-665,G,1744155409929,4,https://wiki.biligame.com/rocom/Data:Mapnew/type/701/json?action=raw
1s47xytw4by,采集,701,黑晶琉璃,,-896,-635,G,1744155431662,4,https://wiki.biligame.com/rocom/Data:Mapnew/type/701/json?action=raw
2bpm7cipvas,采集,701,黑晶琉璃,,151,-529,G,1744157285556,4,https://wiki.biligame.com/rocom/Data:Mapnew/type/701/json?action=raw
qi5670l8fj,采集,701,黑晶琉璃,,309,-840,G,1744157481455,4,https://wiki.biligame.com/rocom/Data:Mapnew/type/701/json?action=raw
73u4osj6r9,采集,701,黑晶琉璃,,235,-930,G,1744157566197,4,https://wiki.biligame.com/rocom/Data:Mapnew/type/701/json?action=raw
2phvigvzbm8,采集,701,黑晶琉璃,,307,-1083,G,1744157607057,4,https://wiki.biligame.com/rocom/Data:Mapnew/type/701/json?action=raw
1ebymui496z,采集,701,黑晶琉璃,,300,-965,G,1744157610380,4,https://wiki.biligame.com/rocom/Data:Mapnew/type/701/json?action=raw
219vm32zu0f,采集,701,黑晶琉璃,,-842,-2159,G,1744190689455,4,https://wiki.biligame.com/rocom/Data:Mapnew/type/701/json?action=raw
1m7jdsefu8a,采集,701,黑晶琉璃,,-810,-2121,G,1744190715082,4,https://wiki.biligame.com/rocom/Data:Mapnew/type/701/json?action=raw
1kja0v9r3fi,采集,701,黑晶琉璃,,-1128,-1801,G,1744194146078,4,https://wiki.biligame.com/rocom/Data:Mapnew/type/701/json?action=raw
27a3s7w1ioq,采集,701,黑晶琉璃,,-696,-2657,G,1744195358938,4,https://wiki.biligame.com/rocom/Data:Mapnew/type/701/json?action=raw
86tu7wyr0n,采集,701,黑晶琉璃,,-421,1000,G,1744655653191,4,https://wiki.biligame.com/rocom/Data:Mapnew/type/701/json?action=raw
143b9o943hx,采集,701,黑晶琉璃,,311,2530,G,1744659801013,4,https://wiki.biligame.com/rocom/Data:Mapnew/type/701/json?action=raw
wlwyhrr3tb,采集,701,黑晶琉璃,,293,2556,G,1744659835663,4,https://wiki.biligame.com/rocom/Data:Mapnew/type/701/json?action=raw
1p9fa1dshyl,采集,701,黑晶琉璃,,250,2544,G,1744659856109,4,https://wiki.biligame.com/rocom/Data:Mapnew/type/701/json?action=raw
u8uc0ke0pw,采集,701,黑晶琉璃,,239,2576,G,1744659869476,4,https://wiki.biligame.com/rocom/Data:Mapnew/type/701/json?action=raw
9nzz9ri6e4,采集,701,黑晶琉璃,,647,2476,G,1744661405660,4,https://wiki.biligame.com/rocom/Data:Mapnew/type/701/json?action=raw
1s47y774x4n,采集,701,黑晶琉璃,,680,2477,G,1744661406647,4,https://wiki.biligame.com/rocom/Data:Mapnew/type/701/json?action=raw
ay2wif9yy3,采集,701,黑晶琉璃,,678,1860,G,1744802951211,4,https://wiki.biligame.com/rocom/Data:Mapnew/type/701/json?action=raw
1t3o1mpzqm2,采集,701,黑晶琉璃,,263,-319,G,1744803803770,4,https://wiki.biligame.com/rocom/Data:Mapnew/type/701/json?action=raw
y6mplk8bow,采集,701,黑晶琉璃,,-186,-1069,G,1744921109808,4,https://wiki.biligame.com/rocom/Data:Mapnew/type/701/json?action=raw
1vyuefblox,采集,701,黑晶琉璃,,-191,-1031,G,1744921110929,4,https://wiki.biligame.com/rocom/Data:Mapnew/type/701/json?action=raw
2kh3g9c9pou,采集,701,黑晶琉璃,,-169,436,G,1745367734862,4,https://wiki.biligame.com/rocom/Data:Mapnew/type/701/json?action=raw
y6mpsy8v6l,采集,701,黑晶琉璃,,-201,396,G,1745367912925,4,https://wiki.biligame.com/rocom/Data:Mapnew/type/701/json?action=raw
1naj3mr9n94,采集,701,黑晶琉璃,,-237,480,G,1745368031480,4,https://wiki.biligame.com/rocom/Data:Mapnew/type/701/json?action=raw
wpgkr79iyr,采集,701,黑晶琉璃,,400,-1272,G,1745368136515,4,https://wiki.biligame.com/rocom/Data:Mapnew/type/701/json?action=raw
1jjty1inl6t,采集,701,黑晶琉璃,,386,-1302,G,1745368162565,4,https://wiki.biligame.com/rocom/Data:Mapnew/type/701/json?action=raw
1xc395vsn37,采集,701,黑晶琉璃,,308,-1311,G,1745368278755,4,https://wiki.biligame.com/rocom/Data:Mapnew/type/701/json?action=raw
169aolqriwe,采集,701,黑晶琉璃,,-80,-1477,G,1745368401518,4,https://wiki.biligame.com/rocom/Data:Mapnew/type/701/json?action=raw
1zlm9pdg1mb,采集,701,黑晶琉璃,,-94,-1505,G,1745368403251,4,https://wiki.biligame.com/rocom/Data:Mapnew/type/701/json?action=raw
25sxnpjs8gq,采集,701,黑晶琉璃,,-287,-981,G,1745369170139,4,https://wiki.biligame.com/rocom/Data:Mapnew/type/701/json?action=raw
vx3p9hfcbe,采集,701,黑晶琉璃,,-249,-1024,G,1745369182490,4,https://wiki.biligame.com/rocom/Data:Mapnew/type/701/json?action=raw
1wcn5sq9c6c,采集,701,黑晶琉璃,,-272,-999,G,1745369186276,4,https://wiki.biligame.com/rocom/Data:Mapnew/type/701/json?action=raw
1i2nszs7qrk,采集,701,黑晶琉璃,,-629,-980,G,1745369295680,4,https://wiki.biligame.com/rocom/Data:Mapnew/type/701/json?action=raw
2ekew2cqv8h,采集,701,黑晶琉璃,,-646,-1002,G,1745369306274,4,https://wiki.biligame.com/rocom/Data:Mapnew/type/701/json?action=raw
vmgvgc5ube,采集,701,黑晶琉璃,,-896,-649,G,1745369449658,4,https://wiki.biligame.com/rocom/Data:Mapnew/type/701/json?action=raw
1feycpfjdph,采集,701,黑晶琉璃,,-884,-705,G,1745369513766,4,https://wiki.biligame.com/rocom/Data:Mapnew/type/701/json?action=raw
2g1l1440dap,采集,701,黑晶琉璃,,-937,-642,G,1745369556817,4,https://wiki.biligame.com/rocom/Data:Mapnew/type/701/json?action=raw
2l9gbr3u6n8,采集,701,黑晶琉璃,,-960,-594,G,1745369594916,4,https://wiki.biligame.com/rocom/Data:Mapnew/type/701/json?action=raw
pblviglh5t,采集,701,黑晶琉璃,中,-675,-433,G,1745369657889,4,https://wiki.biligame.com/rocom/Data:Mapnew/type/701/json?action=raw
eos2d1dtth,采集,701,黑晶琉璃,,-624,-412,G,1745369681205,4,https://wiki.biligame.com/rocom/Data:Mapnew/type/701/json?action=raw
1lc0soz37q,采集,701,黑晶琉璃,,-610,-425,G,1745369694982,4,https://wiki.biligame.com/rocom/Data:Mapnew/type/701/json?action=raw
1fm1kkv9t53,采集,701,黑晶琉璃,大,-600,-429,G,1745369713351,4,https://wiki.biligame.com/rocom/Data:Mapnew/type/701/json?action=raw
tghgyvddrw,采集,701,黑晶琉璃,,-1399,-1030,G,1745629752828,4,https://wiki.biligame.com/rocom/Data:Mapnew/type/701/json?action=raw
d42bhvavuv,采集,701,黑晶琉璃,,-1398,-1041,G,1745629754056,4,https://wiki.biligame.com/rocom/Data:Mapnew/type/701/json?action=raw
60ug2cr7oj,采集,701,黑晶琉璃,,285,2159,G,1745635808163,4,https://wiki.biligame.com/rocom/Data:Mapnew/type/701/json?action=raw
2gjb2x3l4z8,采集,701,黑晶琉璃,,264,2179,G,1745635840884,4,https://wiki.biligame.com/rocom/Data:Mapnew/type/701/json?action=raw
eos2hfuvl6,采集,701,黑晶琉璃,,259,2145,G,1745635855978,4,https://wiki.biligame.com/rocom/Data:Mapnew/type/701/json?action=raw
s9y5qdd9da,采集,701,黑晶琉璃,,252,1967,G,1745635947950,4,https://wiki.biligame.com/rocom/Data:Mapnew/type/701/json?action=raw
1oh2ezsh4z2,采集,701,黑晶琉璃,,245,1937,G,1745635957614,4,https://wiki.biligame.com/rocom/Data:Mapnew/type/701/json?action=raw
16jxikmorw0,采集,701,黑晶琉璃,,-25,1593,G,1745715243312,4,https://wiki.biligame.com/rocom/Data:Mapnew/type/701/json?action=raw
2a5aifd9mk,采集,701,黑晶琉璃,,-21,1573,G,1745715259644,4,https://wiki.biligame.com/rocom/Data:Mapnew/type/701/json?action=raw
1lwwkogp327,采集,701,黑晶琉璃,,-13,1563,G,1745715268543,4,https://wiki.biligame.com/rocom/Data:Mapnew/type/701/json?action=raw
wt06w2rsmt,采集,701,黑晶琉璃,地下,438,1874,B1,1745800973237,4,https://wiki.biligame.com/rocom/Data:Mapnew/type/701/json?action=raw
hchj0dhhpk,采集,701,黑晶琉璃,,-896,346,G,1746154557672,4,https://wiki.biligame.com/rocom/Data:Mapnew/type/701/json?action=raw
2ib420kykay,采集,701,黑晶琉璃,,-872,359,G,1746154565450,4,https://wiki.biligame.com/rocom/Data:Mapnew/type/701/json?action=raw
1fihz065q1n,采集,701,黑晶琉璃,,371,-2073,G,1746156939548,4,https://wiki.biligame.com/rocom/Data:Mapnew/type/701/json?action=raw
28yd61inq9i,采集,701,黑晶琉璃,,344,-2080,G,1746156960438,4,https://wiki.biligame.com/rocom/Data:Mapnew/type/701/json?action=raw
1mp9gdi6enj,采集,701,黑晶琉璃,,252,-2190,G,1746157041071,4,https://wiki.biligame.com/rocom/Data:Mapnew/type/701/json?action=raw
1f0rxbl6p1i,采集,701,黑晶琉璃,,263,-2212,G,1746157049158,4,https://wiki.biligame.com/rocom/Data:Mapnew/type/701/json?action=raw
3d500mhjqu,采集,701,黑晶琉璃,,77,-2365,G,1746157392951,4,https://wiki.biligame.com/rocom/Data:Mapnew/type/701/json?action=raw
3k87w23wwe,采集,701,黑晶琉璃,,47,-2368,G,1746157402958,4,https://wiki.biligame.com/rocom/Data:Mapnew/type/701/json?action=raw
1rfepbx8kmy,采集,701,黑晶琉璃,,14,-2450,G,1746157533050,4,https://wiki.biligame.com/rocom/Data:Mapnew/type/701/json?action=raw
yh9jz5t2n3,采集,701,黑晶琉璃,,-3,-2465,G,1746157564831,4,https://wiki.biligame.com/rocom/Data:Mapnew/type/701/json?action=raw
x3n0v5461l,采集,701,黑晶琉璃,,-1102,-1015,G,1746158598297,4,https://wiki.biligame.com/rocom/Data:Mapnew/type/701/json?action=raw
1inxgz50efy,采集,701,黑晶琉璃,,-1075,-1063,G,1746158631454,4,https://wiki.biligame.com/rocom/Data:Mapnew/type/701/json?action=raw
1lm9r2n8vfz,采集,701,黑晶琉璃,,-1072,-1094,G,1746158641199,4,https://wiki.biligame.com/rocom/Data:Mapnew/type/701/json?action=raw
cmca216yhp,采集,701,黑晶琉璃,,-1017,-1088,G,1746158714141,4,https://wiki.biligame.com/rocom/Data:Mapnew/type/701/json?action=raw
143bad1jwhx,采集,701,黑晶琉璃,,-960,-1033,G,1746158755909,4,https://wiki.biligame.com/rocom/Data:Mapnew/type/701/json?action=raw
10cm4rsw21o,采集,701,黑晶琉璃,,-997,-953,G,1746158803548,4,https://wiki.biligame.com/rocom/Data:Mapnew/type/701/json?action=raw
27dnf233955,采集,701,黑晶琉璃,,-1303,-986,G,1746159234057,4,https://wiki.biligame.com/rocom/Data:Mapnew/type/701/json?action=raw
rzbc79lrfr,采集,701,黑晶琉璃,,128,-516,G,1746243396391,4,https://wiki.biligame.com/rocom/Data:Mapnew/type/701/json?action=raw
1tzkjpzddqw,采集,701,黑晶琉璃,,152,-549,G,1746243419608,4,https://wiki.biligame.com/rocom/Data:Mapnew/type/701/json?action=raw
1nzcdl9bqpe,采集,701,黑晶琉璃,,-393,-541,G,1746243791090,4,https://wiki.biligame.com/rocom/Data:Mapnew/type/701/json?action=raw
1j5nip4rqeb,采集,701,黑晶琉璃,,-318,-527,G,1746243823203,4,https://wiki.biligame.com/rocom/Data:Mapnew/type/701/json?action=raw
aqzpatj4ln,采集,701,黑晶琉璃,,-379,-506,G,1746243842827,4,https://wiki.biligame.com/rocom/Data:Mapnew/type/701/json?action=raw
171nkqry5jm,采集,701,黑晶琉璃,,621,1789,G,1746777133970,4,https://wiki.biligame.com/rocom/Data:Mapnew/type/701/json?action=raw
2gxhj6ubq2s,采集,701,黑晶琉璃,,643,1775,G,1746777153219,4,https://wiki.biligame.com/rocom/Data:Mapnew/type/701/json?action=raw
2bpmgsuyxvx,采集,701,黑晶琉璃,,-518,-1072,G,1764736364045,4,https://wiki.biligame.com/rocom/Data:Mapnew/type/701/json?action=raw
ksk3bs1bb2,采集,701,黑晶琉璃,,-1190,-1832,G,1764736624510,4,https://wiki.biligame.com/rocom/Data:Mapnew/type/701/json?action=raw
1h6rkgn72z4,采集,701,黑晶琉璃,,-826,-2196,G,1764737368528,4,https://wiki.biligame.com/rocom/Data:Mapnew/type/701/json?action=raw
sdi0fzo32f,采集,701,黑晶琉璃,,-866,-2163,G,1764737369223,4,https://wiki.biligame.com/rocom/Data:Mapnew/type/701/json?action=raw
9kgmk2ofqk,采集,701,黑晶琉璃,,-599,-2605,G,1764737824684,4,https://wiki.biligame.com/rocom/Data:Mapnew/type/701/json?action=raw
13llh7q36tx,采集,701,黑晶琉璃,,-882,-2576,G,1764737952597,4,https://wiki.biligame.com/rocom/Data:Mapnew/type/701/json?action=raw
widls3yfy1,采集,701,黑晶琉璃,,-957,-2672,G,1764737984569,4,https://wiki.biligame.com/rocom/Data:Mapnew/type/701/json?action=raw
2ii7ifcnwd6,采集,701,黑晶琉璃,,-940,-2676,G,1764737985434,4,https://wiki.biligame.com/rocom/Data:Mapnew/type/701/json?action=raw
mnwo4f6xdb,采集,701,黑晶琉璃,,-925,-2680,G,1764737985903,4,https://wiki.biligame.com/rocom/Data:Mapnew/type/701/json?action=raw
dsvttwi597,采集,701,黑晶琉璃,,-903,-2688,G,1764737986331,4,https://wiki.biligame.com/rocom/Data:Mapnew/type/701/json?action=raw
1f4brsllvdy,采集,701,黑晶琉璃,,-1049,-2603,G,1764737992486,4,https://wiki.biligame.com/rocom/Data:Mapnew/type/701/json?action=raw
9v3gd8pv3s,采集,701,黑晶琉璃,,284,116,G,1764738860472,4,https://wiki.biligame.com/rocom/Data:Mapnew/type/701/json?action=raw
1dqp8oktfew,采集,701,黑晶琉璃,,295,130,G,1764738860872,4,https://wiki.biligame.com/rocom/Data:Mapnew/type/701/json?action=raw
2m8wo0lvjfo,采集,701,黑晶琉璃,,311,136,G,1764738861347,4,https://wiki.biligame.com/rocom/Data:Mapnew/type/701/json?action=raw
2bij8xgubo0,采集,701,黑晶琉璃,,328,133,G,1764738861712,4,https://wiki.biligame.com/rocom/Data:Mapnew/type/701/json?action=raw
1odj1u0lgq9,采集,701,黑晶琉璃,,288,-142,G,1764739788785,4,https://wiki.biligame.com/rocom/Data:Mapnew/type/701/json?action=raw
n96bqr4hvs,采集,701,黑晶琉璃,,307,-126,G,1764739810952,4,https://wiki.biligame.com/rocom/Data:Mapnew/type/701/json?action=raw
1zspqh6jofu,采集,701,黑晶琉璃,,-689,870,G,1764740230266,4,https://wiki.biligame.com/rocom/Data:Mapnew/type/701/json?action=raw
1s487f9jvb8,采集,701,黑晶琉璃,,-732,846,G,1764740233796,4,https://wiki.biligame.com/rocom/Data:Mapnew/type/701/json?action=raw
17qh2jvdgsa,采集,701,黑晶琉璃,,-431,391,G,1764740243770,4,https://wiki.biligame.com/rocom/Data:Mapnew/type/701/json?action=raw
1zejaqbbsd9,采集,701,黑晶琉璃,,-66,611,G,1764740249437,4,https://wiki.biligame.com/rocom/Data:Mapnew/type/701/json?action=raw
1a73ayslbya,采集,701,黑晶琉璃,,-430,1166,G,1764740289474,4,https://wiki.biligame.com/rocom/Data:Mapnew/type/701/json?action=raw
1idavpamluk,采集,701,黑晶琉璃,,-384,1153,G,1764740290076,4,https://wiki.biligame.com/rocom/Data:Mapnew/type/701/json?action=raw
8ok54nvn9n,采集,701,黑晶琉璃,,-230,1470,G,1764740292235,4,https://wiki.biligame.com/rocom/Data:Mapnew/type/701/json?action=raw
14aeqrs4vie,采集,701,黑晶琉璃,,-422,1202,G,1764740292742,4,https://wiki.biligame.com/rocom/Data:Mapnew/type/701/json?action=raw
41yi3yzw6y,采集,701,黑晶琉璃,,402,-613,G,1764740422586,4,https://wiki.biligame.com/rocom/Data:Mapnew/type/701/json?action=raw
tnkxmd16fb,采集,701,黑晶琉璃,,-790,-340,G,1764740500423,4,https://wiki.biligame.com/rocom/Data:Mapnew/type/701/json?action=raw
z6322i9fse,采集,701,黑晶琉璃,,-783,-290,G,1764740502062,4,https://wiki.biligame.com/rocom/Data:Mapnew/type/701/json?action=raw
k3qtrtozjk,采集,701,黑晶琉璃,,-761,-190,G,1764740506352,4,https://wiki.biligame.com/rocom/Data:Mapnew/type/701/json?action=raw
1st1gzadcg8,采集,701,黑晶琉璃,,-839,-75,G,1764740511304,4,https://wiki.biligame.com/rocom/Data:Mapnew/type/701/json?action=raw
1py8stibocr,采集,701,黑晶琉璃,,443,2075,G,1764741142027,4,https://wiki.biligame.com/rocom/Data:Mapnew/type/701/json?action=raw
imktku14zj,采集,701,黑晶琉璃,,386,-2073,G,1775307730304,4,https://wiki.biligame.com/rocom/Data:Mapnew/type/701/json?action=raw
18pxart27so,采集,701,黑晶琉璃,,354,-2083,G,1775307734264,4,https://wiki.biligame.com/rocom/Data:Mapnew/type/701/json?action=raw
20hj5btghn7,采集,701,黑晶琉璃,,703,403,B1,1776266188371,4,https://wiki.biligame.com/rocom/Data:Mapnew/type/701/json?action=raw
28ydjvgxck7,采集,701,黑晶琉璃,,691,375,B1,1776266205655,4,https://wiki.biligame.com/rocom/Data:Mapnew/type/701/json?action=raw
1o2wdbhpdhd,采集,701,黑晶琉璃,,691,360,B1,1776266206593,4,https://wiki.biligame.com/rocom/Data:Mapnew/type/701/json?action=raw
20omd793qrh,采集,701,黑晶琉璃,,643,326,B1,1776266239805,4,https://wiki.biligame.com/rocom/Data:Mapnew/type/701/json?action=raw
241531mkq0m,采集,701,黑晶琉璃,,579,393,B1,1776266259126,4,https://wiki.biligame.com/rocom/Data:Mapnew/type/701/json?action=raw
gglfewyd9i,采集,701,黑晶琉璃,,547,390,B1,1776266272678,4,https://wiki.biligame.com/rocom/Data:Mapnew/type/701/json?action=raw
2674hnecp3v,采集,701,黑晶琉璃,,547,386,B1,1776266273819,4,https://wiki.biligame.com/rocom/Data:Mapnew/type/701/json?action=raw
2fui7fnj6k3,采集,701,黑晶琉璃,,472,371,B2,1776266324723,4,https://wiki.biligame.com/rocom/Data:Mapnew/type/701/json?action=raw
1m406l5mp9j,采集,701,黑晶琉璃,,485,421,B2,1776266338920,4,https://wiki.biligame.com/rocom/Data:Mapnew/type/701/json?action=raw
7ehd91w0qp,采集,701,黑晶琉璃,,317,-1075,G,1776271712449,4,https://wiki.biligame.com/rocom/Data:Mapnew/type/701/json?action=raw
1vkaoi2d4vo,采集,701,黑晶琉璃,,325,-1066,G,1776271713268,4,https://wiki.biligame.com/rocom/Data:Mapnew/type/701/json?action=raw
9gx5x3v3h7,采集,701,黑晶琉璃,,349,-1105,G,1776271735387,4,https://wiki.biligame.com/rocom/Data:Mapnew/type/701/json?action=raw
1n3g9yf66rw,采集,701,黑晶琉璃,,324,-1316,G,1776272158412,4,https://wiki.biligame.com/rocom/Data:Mapnew/type/701/json?action=raw
2lr6rmrgrh0,采集,701,黑晶琉璃,,334,-1309,G,1776272159253,4,https://wiki.biligame.com/rocom/Data:Mapnew/type/701/json?action=raw
fo8jxa1sxd,采集,701,黑晶琉璃,,396,-1298,G,1776272246449,4,https://wiki.biligame.com/rocom/Data:Mapnew/type/701/json?action=raw
m2n5svjvdd,采集,701,黑晶琉璃,,398,-1286,G,1776272254097,4,https://wiki.biligame.com/rocom/Data:Mapnew/type/701/json?action=raw
yrwrmdbioh,采集,701,黑晶琉璃,,225,-917,G,1776273229905,4,https://wiki.biligame.com/rocom/Data:Mapnew/type/701/json?action=raw
tr4out4vm1,采集,701,黑晶琉璃,,244,-937,G,1776273239561,4,https://wiki.biligame.com/rocom/Data:Mapnew/type/701/json?action=raw
oc66cdpxyc,采集,701,黑晶琉璃,,260,-943,G,1776273249572,4,https://wiki.biligame.com/rocom/Data:Mapnew/type/701/json?action=raw
1iykombzn4k,采集,701,黑晶琉璃,,305,-801,G,1776273400532,4,https://wiki.biligame.com/rocom/Data:Mapnew/type/701/json?action=raw
wt0kw19v2a,采集,701,黑晶琉璃,,306,-827,G,1776273409666,4,https://wiki.biligame.com/rocom/Data:Mapnew/type/701/json?action=raw
2k2xeplhtyu,采集,701,黑晶琉璃,,363,-828,G,1776273435382,4,https://wiki.biligame.com/rocom/Data:Mapnew/type/701/json?action=raw
ng9oxqktjt,采集,701,黑晶琉璃,,36,-2328,G,1776322171033,4,https://wiki.biligame.com/rocom/Data:Mapnew/type/701/json?action=raw
roow7kbmpx,采集,701,黑晶琉璃,,76,-2350,G,1776322197445,4,https://wiki.biligame.com/rocom/Data:Mapnew/type/701/json?action=raw
1rtlixnqkm0,采集,701,黑晶琉璃,,77,-2302,G,1776322209240,4,https://wiki.biligame.com/rocom/Data:Mapnew/type/701/json?action=raw
1r18nfxjxzd,采集,701,黑晶琉璃,,-668,-2621,G,1776322674634,4,https://wiki.biligame.com/rocom/Data:Mapnew/type/701/json?action=raw
wwk6ukfaw6,采集,701,黑晶琉璃,,-707,-2630,G,1776322695398,4,https://wiki.biligame.com/rocom/Data:Mapnew/type/701/json?action=raw
1d5fqdup01j,采集,701,黑晶琉璃,,-699,-2673,G,1776322707063,4,https://wiki.biligame.com/rocom/Data:Mapnew/type/701/json?action=raw
2228wcdtpuc,采集,701,黑晶琉璃,,-639,-991,G,1776332440853,4,https://wiki.biligame.com/rocom/Data:Mapnew/type/701/json?action=raw
1f7vj22gipb,采集,701,黑晶琉璃,,-660,-1007,G,1776332455087,4,https://wiki.biligame.com/rocom/Data:Mapnew/type/701/json?action=raw
2rvq9dgqof,采集,701,黑晶琉璃,,-256,-1015,G,1776333077519,4,https://wiki.biligame.com/rocom/Data:Mapnew/type/701/json?action=raw
2cp2phtfvlg,采集,701,黑晶琉璃,,-278,-991,G,1776333094580,4,https://wiki.biligame.com/rocom/Data:Mapnew/type/701/json?action=raw
1vuxic8ese5,采集,701,黑晶琉璃,,-183,-1056,G,1776333225789,4,https://wiki.biligame.com/rocom/Data:Mapnew/type/701/json?action=raw
24meqp1aipa,采集,701,黑晶琉璃,,-190,-1042,G,1776333226542,4,https://wiki.biligame.com/rocom/Data:Mapnew/type/701/json?action=raw
159uzgtvnb8,采集,701,黑晶琉璃,,-1294,-983,G,1776342521028,4,https://wiki.biligame.com/rocom/Data:Mapnew/type/701/json?action=raw
232gpifu8y,采集,701,黑晶琉璃,,-1287,-941,G,1776342531298,4,https://wiki.biligame.com/rocom/Data:Mapnew/type/701/json?action=raw
tnl2y8ngho,采集,701,黑晶琉璃,,-1401,-1021,G,1776342647612,4,https://wiki.biligame.com/rocom/Data:Mapnew/type/701/json?action=raw
1e1c7tobuji,采集,701,黑晶琉璃,,-1008,-1080,G,1776345156446,4,https://wiki.biligame.com/rocom/Data:Mapnew/type/701/json?action=raw
1dg2k7dirz7,采集,701,黑晶琉璃,,-1098,-1019,G,1776345220899,4,https://wiki.biligame.com/rocom/Data:Mapnew/type/701/json?action=raw
2h11ipkgkji,采集,701,黑晶琉璃,,-959,-1025,G,1776345662462,4,https://wiki.biligame.com/rocom/Data:Mapnew/type/701/json?action=raw
2860of1xjjp,采集,701,黑晶琉璃,,-845,-609,G,1776345931317,4,https://wiki.biligame.com/rocom/Data:Mapnew/type/701/json?action=raw
1mwd247kq47,采集,701,黑晶琉璃,,-885,-652,G,1776346093623,4,https://wiki.biligame.com/rocom/Data:Mapnew/type/701/json?action=raw
s6exwjlbzt,采集,701,黑晶琉璃,,-864,-642,G,1776346100473,4,https://wiki.biligame.com/rocom/Data:Mapnew/type/701/json?action=raw
6m4hsjqex2,采集,701,黑晶琉璃,,-936,-651,G,1776346128646,4,https://wiki.biligame.com/rocom/Data:Mapnew/type/701/json?action=raw
2oiftw27is0,采集,701,黑晶琉璃,,-887,-675,G,1776346279119,4,https://wiki.biligame.com/rocom/Data:Mapnew/type/701/json?action=raw
dzz71bm8ur,采集,701,黑晶琉璃,,-841,-674,G,1776346649939,4,https://wiki.biligame.com/rocom/Data:Mapnew/type/701/json?action=raw
2obcm0mtc9s,采集,701,黑晶琉璃,,-827,-671,G,1776346650975,4,https://wiki.biligame.com/rocom/Data:Mapnew/type/701/json?action=raw
8okagottdb,采集,701,黑晶琉璃,,421,-604,G,1776351392239,4,https://wiki.biligame.com/rocom/Data:Mapnew/type/701/json?action=raw
fyvdrqlev1,采集,701,黑晶琉璃,,407,-630,G,1776351392893,4,https://wiki.biligame.com/rocom/Data:Mapnew/type/701/json?action=raw
cmcnxd4v07,采集,701,黑晶琉璃,,436,-614,G,1776351393527,4,https://wiki.biligame.com/rocom/Data:Mapnew/type/701/json?action=raw
1a73gatmtjd,采集,701,黑晶琉璃,,-335,-373,G,1776351544329,4,https://wiki.biligame.com/rocom/Data:Mapnew/type/701/json?action=raw
1jcr4ehr26v,采集,701,黑晶琉璃,,-320,-376,G,1776351554776,4,https://wiki.biligame.com/rocom/Data:Mapnew/type/701/json?action=raw
cmcnxd8ir6,采集,701,黑晶琉璃,,-315,-389,G,1776351564274,4,https://wiki.biligame.com/rocom/Data:Mapnew/type/701/json?action=raw
15o1f7uhxwg,采集,701,黑晶琉璃,,-298,-399,G,1776351571936,4,https://wiki.biligame.com/rocom/Data:Mapnew/type/701/json?action=raw
212sszjg0sg,采集,701,黑晶琉璃,,-356,-545,G,1776352085760,4,https://wiki.biligame.com/rocom/Data:Mapnew/type/701/json?action=raw
16jxwnc0jw7,采集,701,黑晶琉璃,,-958,-266,G,1776353668279,4,https://wiki.biligame.com/rocom/Data:Mapnew/type/701/json?action=raw
1z3wm9896dd,采集,701,黑晶琉璃,,-957,-197,G,1776353703041,4,https://wiki.biligame.com/rocom/Data:Mapnew/type/701/json?action=raw
mgtll3c71q,采集,701,黑晶琉璃,,-914,-74,G,1776353809838,4,https://wiki.biligame.com/rocom/Data:Mapnew/type/701/json?action=raw
1a008ffflj8,采集,701,黑晶琉璃,,-753,-200,G,1776353920452,4,https://wiki.biligame.com/rocom/Data:Mapnew/type/701/json?action=raw
1ywtedvvgzv,采集,701,黑晶琉璃,,-884,347,G,1776359135947,4,https://wiki.biligame.com/rocom/Data:Mapnew/type/701/json?action=raw
2j70xbkaqqm,采集,701,黑晶琉璃,,-949,396,G,1776359216606,4,https://wiki.biligame.com/rocom/Data:Mapnew/type/701/json?action=raw
2pw2d0c3zqw,采集,701,黑晶琉璃,,-442,419,G,1776360715192,4,https://wiki.biligame.com/rocom/Data:Mapnew/type/701/json?action=raw
1wxx7nko2bm,采集,701,黑晶琉璃,,-400,424,G,1776360726978,4,https://wiki.biligame.com/rocom/Data:Mapnew/type/701/json?action=raw
1o9zl8hlrbj,采集,701,黑晶琉璃,,-390,405,G,1776360742543,4,https://wiki.biligame.com/rocom/Data:Mapnew/type/701/json?action=raw
2860ofaygui,采集,701,黑晶琉璃,,-472,282,G,1776361091018,4,https://wiki.biligame.com/rocom/Data:Mapnew/type/701/json?action=raw
1y4giw6lr62,采集,701,黑晶琉璃,,-492,307,G,1776361136842,4,https://wiki.biligame.com/rocom/Data:Mapnew/type/701/json?action=raw
10jpqiq74j2,采集,701,黑晶琉璃,,-507,277,G,1776361141422,4,https://wiki.biligame.com/rocom/Data:Mapnew/type/701/json?action=raw
qlp6xbmkek,采集,701,黑晶琉璃,,-494,249,G,1776361144268,4,https://wiki.biligame.com/rocom/Data:Mapnew/type/701/json?action=raw
2f5oxx7hphn,采集,701,黑晶琉璃,,-195,412,G,1776361412171,4,https://wiki.biligame.com/rocom/Data:Mapnew/type/701/json?action=raw
oxfu05c2x3,采集,701,黑晶琉璃,,-152,624,G,1776361881287,4,https://wiki.biligame.com/rocom/Data:Mapnew/type/701/json?action=raw
g2ezpmnf7c,采集,701,黑晶琉璃,,-130,615,G,1776361887416,4,https://wiki.biligame.com/rocom/Data:Mapnew/type/701/json?action=raw
ij184juldt,采集,701,黑晶琉璃,,-103,583,G,1776361900737,4,https://wiki.biligame.com/rocom/Data:Mapnew/type/701/json?action=raw
dpcd8fa0i7,采集,701,黑晶琉璃,,-75,593,G,1776361906191,4,https://wiki.biligame.com/rocom/Data:Mapnew/type/701/json?action=raw
rzbq1de6mn,采集,701,黑晶琉璃,,-47,601,G,1776361916943,4,https://wiki.biligame.com/rocom/Data:Mapnew/type/701/json?action=raw
118j04aqqui,采集,701,黑晶琉璃,,-877,351,G,1776455017578,4,https://wiki.biligame.com/rocom/Data:Mapnew/type/701/json?action=raw
1nhmpt2zxx0,采集,701,黑晶琉璃,,-66,227,G,1776501587060,4,https://wiki.biligame.com/rocom/Data:Mapnew/type/701/json?action=raw
1thuvxtay3b,采集,701,黑晶琉璃,,-79,249,G,1776501652504,4,https://wiki.biligame.com/rocom/Data:Mapnew/type/701/json?action=raw
1tw1booja3a,采集,701,黑晶琉璃,,-65,268,G,1776501653974,4,https://wiki.biligame.com/rocom/Data:Mapnew/type/701/json?action=raw
1jndya4jstw,采集,701,黑晶琉璃,,-77,276,G,1776501671092,4,https://wiki.biligame.com/rocom/Data:Mapnew/type/701/json?action=raw
14l1pzfzt5g,采集,701,黑晶琉璃,,-36,295,G,1776501696852,4,https://wiki.biligame.com/rocom/Data:Mapnew/type/701/json?action=raw
b1mx0e81kp,采集,701,黑晶琉璃,,5,217,G,1776502577145,4,https://wiki.biligame.com/rocom/Data:Mapnew/type/701/json?action=raw
b56iy41yb3,采集,701,黑晶琉璃,,21,268,B1,1776502616047,4,https://wiki.biligame.com/rocom/Data:Mapnew/type/701/json?action=raw
2ac033f0ers,采集,701,黑晶琉璃,,-12,256,B1,1776502658504,4,https://wiki.biligame.com/rocom/Data:Mapnew/type/701/json?action=raw
v4r82n29fa,采集,701,黑晶琉璃,,-48,223,B1,1776502709046,4,https://wiki.biligame.com/rocom/Data:Mapnew/type/701/json?action=raw
24thyn9ta8q,采集,701,黑晶琉璃,,-49,230,B1,1776502709786,4,https://wiki.biligame.com/rocom/Data:Mapnew/type/701/json?action=raw
x03sv9fj08,采集,701,黑晶琉璃,,-50,200,B1,1776502747896,4,https://wiki.biligame.com/rocom/Data:Mapnew/type/701/json?action=raw
1pr5qclas5v,采集,701,黑晶琉璃,,-11,171,B1,1776502805011,4,https://wiki.biligame.com/rocom/Data:Mapnew/type/701/json?action=raw
2obcm37tenc,采集,701,黑晶琉璃,,29,155,B1,1776502858345,4,https://wiki.biligame.com/rocom/Data:Mapnew/type/701/json?action=raw
16jxwpsu88q,采集,701,黑晶琉璃,,36,151,B1,1776502859066,4,https://wiki.biligame.com/rocom/Data:Mapnew/type/701/json?action=raw
xzjw8gmf6h,采集,701,黑晶琉璃,,263,-294,G,1776504620633,4,https://wiki.biligame.com/rocom/Data:Mapnew/type/701/json?action=raw
1vz8wrbzxi,采集,701,黑晶琉璃,,249,-301,G,1776504628646,4,https://wiki.biligame.com/rocom/Data:Mapnew/type/701/json?action=raw
d0j3qrmhii,采集,701,黑晶琉璃,,291,-315,G,1776504673579,4,https://wiki.biligame.com/rocom/Data:Mapnew/type/701/json?action=raw
t5v1ccrb57,采集,701,黑晶琉璃,,-706,864,G,1776505814315,4,https://wiki.biligame.com/rocom/Data:Mapnew/type/701/json?action=raw
h1v356f2d5,采集,701,黑晶琉璃,,-737,822,G,1776505815993,4,https://wiki.biligame.com/rocom/Data:Mapnew/type/701/json?action=raw
1ltdcvysb7l,采集,701,黑晶琉璃,,-720,857,G,1776505816513,4,https://wiki.biligame.com/rocom/Data:Mapnew/type/701/json?action=raw
b8q4vvzkg0,采集,701,黑晶琉璃,,-425,990,G,1776506187072,4,https://wiki.biligame.com/rocom/Data:Mapnew/type/701/json?action=raw
2lgjxxhdlda,采集,701,黑晶琉璃,,-417,989,G,1776506188398,4,https://wiki.biligame.com/rocom/Data:Mapnew/type/701/json?action=raw
16y4cgq27r6,采集,701,黑晶琉璃,,-427,1019,G,1776506203586,4,https://wiki.biligame.com/rocom/Data:Mapnew/type/701/json?action=raw
20vpl6nsuog,采集,701,黑晶琉璃,,-416,1158,G,1776506562896,4,https://wiki.biligame.com/rocom/Data:Mapnew/type/701/json?action=raw
1qu5fnjfcou,采集,701,黑晶琉璃,,-403,1159,G,1776506572030,4,https://wiki.biligame.com/rocom/Data:Mapnew/type/701/json?action=raw
118j055o3if,采集,701,黑晶琉璃,,-259,1223,G,1776506962119,4,https://wiki.biligame.com/rocom/Data:Mapnew/type/701/json?action=raw
1men0iat2jo,采集,701,黑晶琉璃,,-179,1438,G,1776507790372,4,https://wiki.biligame.com/rocom/Data:Mapnew/type/701/json?action=raw
1ziuuj0yk8,采集,701,黑晶琉璃,,-172,1458,G,1776507795960,4,https://wiki.biligame.com/rocom/Data:Mapnew/type/701/json?action=raw
99ty5ksypq,采集,701,黑晶琉璃,,-164,1523,G,1776507815614,4,https://wiki.biligame.com/rocom/Data:Mapnew/type/701/json?action=raw
1asd3zpiw1s,采集,701,黑晶琉璃,,-200,1515,G,1776507824064,4,https://wiki.biligame.com/rocom/Data:Mapnew/type/701/json?action=raw
eosgo0b2my,采集,701,黑晶琉璃,,-4,1560,G,1776507953690,4,https://wiki.biligame.com/rocom/Data:Mapnew/type/701/json?action=raw
13i20onuiu0,采集,701,黑晶琉璃,,-21,1586,G,1776507974104,4,https://wiki.biligame.com/rocom/Data:Mapnew/type/701/json?action=raw
1uhazb3bmxr,采集,701,黑晶琉璃,,-210,1482,G,1776508274655,4,https://wiki.biligame.com/rocom/Data:Mapnew/type/701/json?action=raw
1hvkzfbzich,采集,701,黑晶琉璃,,-212,1401,G,1776508346017,4,https://wiki.biligame.com/rocom/Data:Mapnew/type/701/json?action=raw
1qfyzwqapdz,采集,701,黑晶琉璃,,270,2585,G,1776510101767,4,https://wiki.biligame.com/rocom/Data:Mapnew/type/701/json?action=raw
2jzdsvszva0,采集,701,黑晶琉璃,,306,1613,G,1776510779671,4,https://wiki.biligame.com/rocom/Data:Mapnew/type/701/json?action=raw
2730z6w75zh,采集,701,黑晶琉璃,,315,1627,G,1776510788109,4,https://wiki.biligame.com/rocom/Data:Mapnew/type/701/json?action=raw
oqcm76eao1,采集,701,黑晶琉璃,,299,1598,G,1776510824321,4,https://wiki.biligame.com/rocom/Data:Mapnew/type/701/json?action=raw
1juh65pm787,采集,701,黑晶琉璃,,315,1537,G,1776510827287,4,https://wiki.biligame.com/rocom/Data:Mapnew/type/701/json?action=raw
2fnezo9sswb,采集,701,黑晶琉璃,,683,1861,G,1776511351371,4,https://wiki.biligame.com/rocom/Data:Mapnew/type/701/json?action=raw
nqwiu0n06d,采集,701,黑晶琉璃,,690,1856,G,1776511359141,4,https://wiki.biligame.com/rocom/Data:Mapnew/type/701/json?action=raw
dlsrd6g9cs,采集,701,黑晶琉璃,,700,1862,G,1776511360348,4,https://wiki.biligame.com/rocom/Data:Mapnew/type/701/json?action=raw
1hohrjy7gkm,采集,701,黑晶琉璃,,624,1776,G,1776511430054,4,https://wiki.biligame.com/rocom/Data:Mapnew/type/701/json?action=raw
cwzht60znk,采集,701,黑晶琉璃,,255,1952,G,1776511745664,4,https://wiki.biligame.com/rocom/Data:Mapnew/type/701/json?action=raw
ofpse1jeij,采集,701,黑晶琉璃,,248,2160,G,1776511772987,4,https://wiki.biligame.com/rocom/Data:Mapnew/type/701/json?action=raw
4n8b4y7skx,采集,701,黑晶琉璃,,311,2189,G,1776511798897,4,https://wiki.biligame.com/rocom/Data:Mapnew/type/701/json?action=raw
3ns7rs719i,采集,701,黑晶琉璃,,684,2503,G,1776511892006,4,https://wiki.biligame.com/rocom/Data:Mapnew/type/701/json?action=raw
2ka0moz33wk,采集,701,黑晶琉璃,,683,2489,G,1776511900035,4,https://wiki.biligame.com/rocom/Data:Mapnew/type/701/json?action=raw
2fjvdqkc39j,采集,701,黑晶琉璃,,649,2465,G,1776511928199,4,https://wiki.biligame.com/rocom/Data:Mapnew/type/701/json?action=raw
5trmdk4kuv,采集,701,黑晶琉璃,,448,2063,G,1776512166551,4,https://wiki.biligame.com/rocom/Data:Mapnew/type/701/json?action=raw
1uhazb5nho5,采集,701,黑晶琉璃,,440,2089,G,1776512186934,4,https://wiki.biligame.com/rocom/Data:Mapnew/type/701/json?action=raw
1ywtegf03y3,采集,701,黑晶琉璃,,450,2096,G,1776512197371,4,https://wiki.biligame.com/rocom/Data:Mapnew/type/701/json?action=raw
2bt685bt6ye,采集,701,黑晶琉璃,,462,2071,G,1776512206710,4,https://wiki.biligame.com/rocom/Data:Mapnew/type/701/json?action=raw
evvom5hp73,采集,701,黑晶琉璃,,649,1849,B1,1776671831759,4,https://wiki.biligame.com/rocom/Data:Mapnew/type/701/json?action=raw
175zfi9te6,采集,701,黑晶琉璃,,577,1907,B1,1776671906574,4,https://wiki.biligame.com/rocom/Data:Mapnew/type/701/json?action=raw
1yt9slcabc0,采集,701,黑晶琉璃,,569,1905,B1,1776671913952,4,https://wiki.biligame.com/rocom/Data:Mapnew/type/701/json?action=raw
27ru8tksf4v,采集,701,黑晶琉璃,,557,1914,B1,1776671925151,4,https://wiki.biligame.com/rocom/Data:Mapnew/type/701/json?action=raw
1d5fqjmmev8,采集,701,黑晶琉璃,,535,1880,B1,1776671946436,4,https://wiki.biligame.com/rocom/Data:Mapnew/type/701/json?action=raw
1a008lcobmx,采集,701,黑晶琉璃,,-145,-2461,G,1776712085737,4,https://wiki.biligame.com/rocom/Data:Mapnew/type/701/json?action=raw
ehp8vy8gif,采集,701,黑晶琉璃,,-170,-2465,G,1776712098711,4,https://wiki.biligame.com/rocom/Data:Mapnew/type/701/json?action=raw
2ntmki3d3q4,采集,701,黑晶琉璃,,-164,-2485,G,1776712113949,4,https://wiki.biligame.com/rocom/Data:Mapnew/type/701/json?action=raw
2i0hm8sqgb8,采集,701,黑晶琉璃,,-103,-2526,G,1776712151316,4,https://wiki.biligame.com/rocom/Data:Mapnew/type/701/json?action=raw
2n4tay30kso,采集,701,黑晶琉璃,,224,332,B1,1776712627272,4,https://wiki.biligame.com/rocom/Data:Mapnew/type/701/json?action=raw
1mstgck01dm,采集,701,黑晶琉璃,,279,349,B1,1776712641274,4,https://wiki.biligame.com/rocom/Data:Mapnew/type/701/json?action=raw
1j24arbbabx,采集,701,黑晶琉璃,,273,362,B1,1776712646669,4,https://wiki.biligame.com/rocom/Data:Mapnew/type/701/json?action=raw
2730za8e0qv,采集,701,黑晶琉璃,,285,316,B1,1776712661831,4,https://wiki.biligame.com/rocom/Data:Mapnew/type/701/json?action=raw
1py8ybhvwto,采集,701,黑晶琉璃,,268,441,B1,1776712709356,4,https://wiki.biligame.com/rocom/Data:Mapnew/type/701/json?action=raw
21kiuu38vnr,采集,701,黑晶琉璃,,149,280,B1,1776712805703,4,https://wiki.biligame.com/rocom/Data:Mapnew/type/701/json?action=raw
bc9qx0tv5z,采集,701,黑晶琉璃,,218,255,B1,1776712836871,4,https://wiki.biligame.com/rocom/Data:Mapnew/type/701/json?action=raw
276kl8m0gie,采集,701,黑晶琉璃,,-996,232,G,1776752662934,4,https://wiki.biligame.com/rocom/Data:Mapnew/type/701/json?action=raw
sdi5yp9jfg,采集,701,黑晶琉璃,,-1001,223,G,1776752663452,4,https://wiki.biligame.com/rocom/Data:Mapnew/type/701/json?action=raw
5xb8f94h1l,采集,701,黑晶琉璃,,-1001,242,G,1776752669769,4,https://wiki.biligame.com/rocom/Data:Mapnew/type/701/json?action=raw
2dvm0xcyr3r,采集,701,黑晶琉璃,,-997,202,G,1776752717239,4,https://wiki.biligame.com/rocom/Data:Mapnew/type/701/json?action=raw
1iv12wjujsd,采集,701,黑晶琉璃,,-80,-276,G,1776753210029,4,https://wiki.biligame.com/rocom/Data:Mapnew/type/701/json?action=raw
9yn7tnlbed,采集,701,黑晶琉璃,,-90,-311,G,1776753264629,4,https://wiki.biligame.com/rocom/Data:Mapnew/type/701/json?action=raw
25peg6v9fot,采集,701,黑晶琉璃,,-79,-332,G,1776753274541,4,https://wiki.biligame.com/rocom/Data:Mapnew/type/701/json?action=raw
qb2dano9vd,采集,701,黑晶琉璃,,-108,-340,G,1776753284857,4,https://wiki.biligame.com/rocom/Data:Mapnew/type/701/json?action=raw
gurvggltuy,采集,701,黑晶琉璃,,-625,-1627,G,1776911952490,4,https://wiki.biligame.com/rocom/Data:Mapnew/type/701/json?action=raw
1w5kceyec1p,采集,701,黑晶琉璃,,-606,-1631,G,1776911961726,4,https://wiki.biligame.com/rocom/Data:Mapnew/type/701/json?action=raw
1cd2v5v3zuv,采集,701,黑晶琉璃,,-631,-1794,G,1776912046919,4,https://wiki.biligame.com/rocom/Data:Mapnew/type/701/json?action=raw
152rrutci1f,采集,701,黑晶琉璃,,-624,-1775,G,1776912051027,4,https://wiki.biligame.com/rocom/Data:Mapnew/type/701/json?action=raw
fh5cfws7eb,采集,701,黑晶琉璃,中,-591,-438,G,1777122717811,4,https://wiki.biligame.com/rocom/Data:Mapnew/type/701/json?action=raw
vq0gkctw2b,采集,702,黄石榴石,,1386,-1671,G,1743573705619,4,https://wiki.biligame.com/rocom/Data:Mapnew/type/702/json?action=raw
238rsjjczhk,采集,702,黄石榴石,,945,-1784,G,1743593102760,4,https://wiki.biligame.com/rocom/Data:Mapnew/type/702/json?action=raw
2gtxvshmd44,采集,702,黄石榴石,,1044,-1603,G,1743594454243,4,https://wiki.biligame.com/rocom/Data:Mapnew/type/702/json?action=raw
u8ubtgvkbs,采集,702,黄石榴石,,781,559,G,1744230706344,4,https://wiki.biligame.com/rocom/Data:Mapnew/type/702/json?action=raw
1lm9q6revnv,采集,702,黄石榴石,,768,601,G,1744230722251,4,https://wiki.biligame.com/rocom/Data:Mapnew/type/702/json?action=raw
1bh5ypx8mju,采集,702,黄石榴石,,876,574,G,1744230746410,4,https://wiki.biligame.com/rocom/Data:Mapnew/type/702/json?action=raw
mnwep9q46v,采集,702,黄石榴石,,886,649,G,1744230769847,4,https://wiki.biligame.com/rocom/Data:Mapnew/type/702/json?action=raw
24thk61cmwp,采集,702,黄石榴石,,958,-1899,G,1744985618425,4,https://wiki.biligame.com/rocom/Data:Mapnew/type/702/json?action=raw
1kja18cz6ra,采集,702,黄石榴石,,999,-1827,G,1744985622774,4,https://wiki.biligame.com/rocom/Data:Mapnew/type/702/json?action=raw
11c27lknxtx,采集,702,黄石榴石,,944,-1728,G,1744985924357,4,https://wiki.biligame.com/rocom/Data:Mapnew/type/702/json?action=raw
2i7kfjjgsto,采集,702,黄石榴石,,1039,-1568,G,1744986080493,4,https://wiki.biligame.com/rocom/Data:Mapnew/type/702/json?action=raw
1uhakuuwmwb,采集,702,黄石榴石,,1503,759,G,1745051726315,4,https://wiki.biligame.com/rocom/Data:Mapnew/type/702/json?action=raw
w46xjeeel9,采集,702,黄石榴石,,717,-32,G,1746244864861,4,https://wiki.biligame.com/rocom/Data:Mapnew/type/702/json?action=raw
2iwdpodl2p2,采集,702,黄石榴石,,791,71,G,1746244894182,4,https://wiki.biligame.com/rocom/Data:Mapnew/type/702/json?action=raw
291ws0ouhui,采集,702,黄石榴石,,809,93,G,1746244939226,4,https://wiki.biligame.com/rocom/Data:Mapnew/type/702/json?action=raw
2p05hqu36ja,采集,702,黄石榴石,,1288,-275,G,1746245614038,4,https://wiki.biligame.com/rocom/Data:Mapnew/type/702/json?action=raw
2i0h88xrlys,采集,702,黄石榴石,,1278,-321,G,1746245650675,4,https://wiki.biligame.com/rocom/Data:Mapnew/type/702/json?action=raw
bmw6qay9qi,采集,702,黄石榴石,,1446,-443,G,1746245777354,4,https://wiki.biligame.com/rocom/Data:Mapnew/type/702/json?action=raw
1dg26dl3v3h,采集,702,黄石榴石,,1460,-387,G,1746245806381,4,https://wiki.biligame.com/rocom/Data:Mapnew/type/702/json?action=raw
f6i4g42hlo,采集,702,黄石榴石,,1313,-426,G,1746245847452,4,https://wiki.biligame.com/rocom/Data:Mapnew/type/702/json?action=raw
2pasbjznoxq,采集,702,黄石榴石,,1299,-436,G,1746245860606,4,https://wiki.biligame.com/rocom/Data:Mapnew/type/702/json?action=raw
298zzw50r2u,采集,702,黄石榴石,,1234,-422,G,1746245877270,4,https://wiki.biligame.com/rocom/Data:Mapnew/type/702/json?action=raw
2mjj9bx51zo,采集,702,黄石榴石,,1199,-349,G,1746246022741,4,https://wiki.biligame.com/rocom/Data:Mapnew/type/702/json?action=raw
z62tkn4zhp,采集,702,黄石榴石,,1181,-328,G,1746246042541,4,https://wiki.biligame.com/rocom/Data:Mapnew/type/702/json?action=raw
ptbxljf2at,采集,702,黄石榴石,,1150,-323,G,1746246053989,4,https://wiki.biligame.com/rocom/Data:Mapnew/type/702/json?action=raw
2ntm6i8qmc2,采集,702,黄石榴石,,952,-465,G,1746246189970,4,https://wiki.biligame.com/rocom/Data:Mapnew/type/702/json?action=raw
1kqd9on50xr,采集,702,黄石榴石,,1070,-547,G,1746246253311,4,https://wiki.biligame.com/rocom/Data:Mapnew/type/702/json?action=raw
17u0fzqeoqo,采集,702,黄石榴石,,1219,-677,G,1746246372032,4,https://wiki.biligame.com/rocom/Data:Mapnew/type/702/json?action=raw
1udqzgwehka,采集,702,黄石榴石,,1233,-641,G,1746246443114,4,https://wiki.biligame.com/rocom/Data:Mapnew/type/702/json?action=raw
92qcdofr0r,采集,702,黄石榴石,,1379,-606,G,1746246591115,4,https://wiki.biligame.com/rocom/Data:Mapnew/type/702/json?action=raw
11ts9v09t33,采集,702,黄石榴石,,1384,-589,G,1746246592383,4,https://wiki.biligame.com/rocom/Data:Mapnew/type/702/json?action=raw
1mi6h1cms01,采集,702,黄石榴石,,1167,-1664,G,1764737070913,4,https://wiki.biligame.com/rocom/Data:Mapnew/type/702/json?action=raw
ciswnkhd3f,采集,702,黄石榴石,,1431,-1446,G,1764737109131,4,https://wiki.biligame.com/rocom/Data:Mapnew/type/702/json?action=raw
19pda9zhv3u,采集,702,黄石榴石,,1538,818,G,1766903537338,4,https://wiki.biligame.com/rocom/Data:Mapnew/type/702/json?action=raw
2g54wxym9e9,采集,702,黄石榴石,,1513,788,G,1766903578385,4,https://wiki.biligame.com/rocom/Data:Mapnew/type/702/json?action=raw
1ike4ki7voz,采集,702,黄石榴石,,1513,771,G,1766903594547,4,https://wiki.biligame.com/rocom/Data:Mapnew/type/702/json?action=raw
fo8fmc7km9,采集,702,黄石榴石,,1441,751,G,1766903617569,4,https://wiki.biligame.com/rocom/Data:Mapnew/type/702/json?action=raw
aujktmcbvh,采集,702,黄石榴石,,1485,761,G,1767109718301,4,https://wiki.biligame.com/rocom/Data:Mapnew/type/702/json?action=raw
2qa8sf7hd58,采集,702,黄石榴石,,1608,-1554,G,1775635357643,4,https://wiki.biligame.com/rocom/Data:Mapnew/type/702/json?action=raw
2j3hbc7n9wy,采集,702,黄石榴石,,1568,-1425,G,1776260380915,4,https://wiki.biligame.com/rocom/Data:Mapnew/type/702/json?action=raw
8okaf6nc53,采集,702,黄石榴石,,1580,-1419,G,1776260390711,4,https://wiki.biligame.com/rocom/Data:Mapnew/type/702/json?action=raw
2joqyyihyio,采集,702,黄石榴石,,1592,-1414,G,1776260391679,4,https://wiki.biligame.com/rocom/Data:Mapnew/type/702/json?action=raw
8aduobfii9,采集,702,黄石榴石,,1627,-1552,G,1776260413041,4,https://wiki.biligame.com/rocom/Data:Mapnew/type/702/json?action=raw
114ze3d2zgb,采集,702,黄石榴石,,1532,-1563,G,1776260430075,4,https://wiki.biligame.com/rocom/Data:Mapnew/type/702/json?action=raw
241531j3sm2,采集,702,黄石榴石,,1535,-1549,G,1776260430490,4,https://wiki.biligame.com/rocom/Data:Mapnew/type/702/json?action=raw
e72evbwlwb,采集,702,黄石榴石,,1515,-1577,G,1776260439515,4,https://wiki.biligame.com/rocom/Data:Mapnew/type/702/json?action=raw
2gxhwqfx0r8,采集,702,黄石榴石,,1456,-1592,G,1776260446484,4,https://wiki.biligame.com/rocom/Data:Mapnew/type/702/json?action=raw
1jjuc8f4p81,采集,702,黄石榴石,,1366,-1687,G,1776260458417,4,https://wiki.biligame.com/rocom/Data:Mapnew/type/702/json?action=raw
1vz8spzojx,采集,702,黄石榴石,,1318,-1674,G,1776260509709,4,https://wiki.biligame.com/rocom/Data:Mapnew/type/702/json?action=raw
2gmv2xajc41,采集,702,黄石榴石,,1310,-1659,G,1776260518417,4,https://wiki.biligame.com/rocom/Data:Mapnew/type/702/json?action=raw
1ft56n6h4xf,采集,702,黄石榴石,,1301,-1672,G,1776260519219,4,https://wiki.biligame.com/rocom/Data:Mapnew/type/702/json?action=raw
241531j65h0,采集,702,黄石榴石,,1241,-1665,G,1776260540468,4,https://wiki.biligame.com/rocom/Data:Mapnew/type/702/json?action=raw
1zlmnw9vyf3,采集,702,黄石榴石,,1121,-1516,G,1776260643071,4,https://wiki.biligame.com/rocom/Data:Mapnew/type/702/json?action=raw
120vvithve1,采集,702,黄石榴石,,1040,-1526,G,1776260673065,4,https://wiki.biligame.com/rocom/Data:Mapnew/type/702/json?action=raw
1o2wdbef1o1,采集,702,黄石榴石,,1040,-1579,G,1776260685873,4,https://wiki.biligame.com/rocom/Data:Mapnew/type/702/json?action=raw
g2eznymnny,采集,702,黄石榴石,,922,-1758,G,1776261074766,4,https://wiki.biligame.com/rocom/Data:Mapnew/type/702/json?action=raw
12bipbz5u9p,采集,702,黄石榴石,,935,-1768,G,1776261080957,4,https://wiki.biligame.com/rocom/Data:Mapnew/type/702/json?action=raw
k3qz2cr55o,采集,702,黄石榴石,,958,-1790,G,1776261093085,4,https://wiki.biligame.com/rocom/Data:Mapnew/type/702/json?action=raw
2gc8945gpsa,采集,702,黄石榴石,,973,-1806,G,1776261106570,4,https://wiki.biligame.com/rocom/Data:Mapnew/type/702/json?action=raw
g9i7jfu7jq,采集,702,黄石榴石,,1118,25,G,1776263752887,4,https://wiki.biligame.com/rocom/Data:Mapnew/type/702/json?action=raw
e3isxo2qmd,采集,702,黄石榴石,,1137,32,G,1776263761733,4,https://wiki.biligame.com/rocom/Data:Mapnew/type/702/json?action=raw
2kytw4w0qg8,采集,702,黄石榴石,,1174,86,G,1776263788007,4,https://wiki.biligame.com/rocom/Data:Mapnew/type/702/json?action=raw
2nq2ycypdf8,采集,702,黄石榴石,,1285,135,G,1776263905844,4,https://wiki.biligame.com/rocom/Data:Mapnew/type/702/json?action=raw
w47bbv8ofu,采集,702,黄石榴石,,1297,190,G,1776264374458,4,https://wiki.biligame.com/rocom/Data:Mapnew/type/702/json?action=raw
x3nep1dwg9,采集,702,黄石榴石,,1106,272,G,1776264489609,4,https://wiki.biligame.com/rocom/Data:Mapnew/type/702/json?action=raw
9v3lnusbqn,采集,702,黄石榴石,,1110,294,G,1776264500335,4,https://wiki.biligame.com/rocom/Data:Mapnew/type/702/json?action=raw
mv01ahef5t,采集,702,黄石榴石,,1125,299,G,1776264506689,4,https://wiki.biligame.com/rocom/Data:Mapnew/type/702/json?action=raw
1cuswjqnejp,采集,702,黄石榴石,,1022,259,G,1776264556389,4,https://wiki.biligame.com/rocom/Data:Mapnew/type/702/json?action=raw
1kqdnh39oqy,采集,702,黄石榴石,,1004,246,G,1776264567946,4,https://wiki.biligame.com/rocom/Data:Mapnew/type/702/json?action=raw
rvs421od4r,采集,702,黄石榴石,,953,319,G,1776264651131,4,https://wiki.biligame.com/rocom/Data:Mapnew/type/702/json?action=raw
1ukul4s3j50,采集,702,黄石榴石,,1005,383,G,1776264675236,4,https://wiki.biligame.com/rocom/Data:Mapnew/type/702/json?action=raw
1k1kdx2p0gt,采集,702,黄石榴石,,1017,442,G,1776264701085,4,https://wiki.biligame.com/rocom/Data:Mapnew/type/702/json?action=raw
n96h1cqwka,采集,702,黄石榴石,,1026,448,G,1776264701786,4,https://wiki.biligame.com/rocom/Data:Mapnew/type/702/json?action=raw
2dhfkyf6x52,采集,702,黄石榴石,,1012,463,G,1776264717382,4,https://wiki.biligame.com/rocom/Data:Mapnew/type/702/json?action=raw
2kytw4wl48c,采集,702,黄石榴石,,965,499,G,1776264738987,4,https://wiki.biligame.com/rocom/Data:Mapnew/type/702/json?action=raw
2yyy3oeyfr,采集,702,黄石榴石,,873,588,G,1776264776151,4,https://wiki.biligame.com/rocom/Data:Mapnew/type/702/json?action=raw
4xv4u0l1x4,采集,702,黄石榴石,,898,647,G,1776264803576,4,https://wiki.biligame.com/rocom/Data:Mapnew/type/702/json?action=raw
2nq2ycz95l8,采集,702,黄石榴石,,792,553,G,1776264828811,4,https://wiki.biligame.com/rocom/Data:Mapnew/type/702/json?action=raw
10xw6803jbs,采集,702,黄石榴石,,754,568,G,1776264848536,4,https://wiki.biligame.com/rocom/Data:Mapnew/type/702/json?action=raw
1oysuqx6s7c,采集,702,黄石榴石,大,590,507,G,1776264887624,4,https://wiki.biligame.com/rocom/Data:Mapnew/type/702/json?action=raw
28k744kz1py,采集,702,黄石榴石,中,582,524,G,1776264992630,4,https://wiki.biligame.com/rocom/Data:Mapnew/type/702/json?action=raw
1najhtr6ccs,采集,702,黄石榴石,,939,-40,G,1776266093324,4,https://wiki.biligame.com/rocom/Data:Mapnew/type/702/json?action=raw
2chzhrzdvj5,采集,702,黄石榴石,,487,226,G,1776671637473,4,https://wiki.biligame.com/rocom/Data:Mapnew/type/702/json?action=raw
2860okfuq5q,采集,702,黄石榴石,,488,244,G,1776671645422,4,https://wiki.biligame.com/rocom/Data:Mapnew/type/702/json?action=raw
1g3s0n4ogz8,采集,702,黄石榴石,,508,264,G,1776671656948,4,https://wiki.biligame.com/rocom/Data:Mapnew/type/702/json?action=raw
1spi0iw29g6,采集,702,黄石榴石,,526,258,G,1776671663190,4,https://wiki.biligame.com/rocom/Data:Mapnew/type/702/json?action=raw
1fm1yyjnf9j,采集,702,黄石榴石,,499,203,G,1776671672327,4,https://wiki.biligame.com/rocom/Data:Mapnew/type/702/json?action=raw
25sy2ao215x,采集,702,黄石榴石,中,567,599,G,1777121088101,4,https://wiki.biligame.com/rocom/Data:Mapnew/type/702/json?action=raw
1d5fqr21dqv,采集,702,黄石榴石,大,520,647,G,1777121102296,4,https://wiki.biligame.com/rocom/Data:Mapnew/type/702/json?action=raw
2f5oy9rsmpf,采集,702,黄石榴石,小,514,665,G,1777121108211,4,https://wiki.biligame.com/rocom/Data:Mapnew/type/702/json?action=raw
5c15ujabb9,采集,703,蓝晶碧玺,,-1617,-2920,G,1744196686533,4,https://wiki.biligame.com/rocom/Data:Mapnew/type/703/json?action=raw
1rmhwaxho3e,采集,703,蓝晶碧玺,,-1744,-2747,G,1744196812090,4,https://wiki.biligame.com/rocom/Data:Mapnew/type/703/json?action=raw
2jl6yi83udi,采集,703,蓝晶碧玺,,-1760,-2035,G,1744662473862,4,https://wiki.biligame.com/rocom/Data:Mapnew/type/703/json?action=raw
2iwdoy7gijc,采集,703,蓝晶碧玺,,-1792,-2035,G,1744662483159,4,https://wiki.biligame.com/rocom/Data:Mapnew/type/703/json?action=raw
2fqy6z9p79s,采集,703,蓝晶碧玺,,-1890,-2171,G,1744662627856,4,https://wiki.biligame.com/rocom/Data:Mapnew/type/703/json?action=raw
4g4omsfl3d,采集,703,蓝晶碧玺,,-1923,-2160,G,1744662637705,4,https://wiki.biligame.com/rocom/Data:Mapnew/type/703/json?action=raw
14okxalnqm5,采集,703,蓝晶碧玺,,-1964,-2205,G,1744662655869,4,https://wiki.biligame.com/rocom/Data:Mapnew/type/703/json?action=raw
kzn1z85cko,采集,703,蓝晶碧玺,,-1933,-2259,G,1744662688488,4,https://wiki.biligame.com/rocom/Data:Mapnew/type/703/json?action=raw
2jhnqxmskbi,采集,703,蓝晶碧玺,,-1769,-2017,G,1775931035614,4,https://wiki.biligame.com/rocom/Data:Mapnew/type/703/json?action=raw
fa240ro87s,采集,703,蓝晶碧玺,超大,-1746,-2016,G,1775931038360,4,https://wiki.biligame.com/rocom/Data:Mapnew/type/703/json?action=raw
2kh3udkcqm2,采集,703,蓝晶碧玺,,-1984,-2299,G,1776098130362,4,https://wiki.biligame.com/rocom/Data:Mapnew/type/703/json?action=raw
27a46vi54fr,采集,703,蓝晶碧玺,,-1977,-2339,G,1776098153399,4,https://wiki.biligame.com/rocom/Data:Mapnew/type/703/json?action=raw
2gc892mg8ea,采集,703,蓝晶碧玺,,-1815,-2195,G,1776168705154,4,https://wiki.biligame.com/rocom/Data:Mapnew/type/703/json?action=raw
1xc3ncjrnzw,采集,703,蓝晶碧玺,,-1800,-2163,G,1776246293820,4,https://wiki.biligame.com/rocom/Data:Mapnew/type/703/json?action=raw
fvbrsa9rb4,采集,703,蓝晶碧玺,,-1750,-2191,G,1776246389888,4,https://wiki.biligame.com/rocom/Data:Mapnew/type/703/json?action=raw
14vojodf58p,采集,703,蓝晶碧玺,,-1746,-2169,G,1776246400329,4,https://wiki.biligame.com/rocom/Data:Mapnew/type/703/json?action=raw
1fiictsnjus,采集,703,蓝晶碧玺,,-1755,-2153,G,1776246412356,4,https://wiki.biligame.com/rocom/Data:Mapnew/type/703/json?action=raw
1ziuq7g5vt,采集,703,蓝晶碧玺,,-1743,-2107,G,1776246485193,4,https://wiki.biligame.com/rocom/Data:Mapnew/type/703/json?action=raw
1qn27ntpssv,采集,703,蓝晶碧玺,,-1679,-2758,G,1776247752463,4,https://wiki.biligame.com/rocom/Data:Mapnew/type/703/json?action=raw
2nmjcezb8b2,采集,703,蓝晶碧玺,,-1716,-2760,G,1776247806414,4,https://wiki.biligame.com/rocom/Data:Mapnew/type/703/json?action=raw
s2vbx79pkw,采集,703,蓝晶碧玺,,-1701,-2745,G,1776247817408,4,https://wiki.biligame.com/rocom/Data:Mapnew/type/703/json?action=raw
xhtufmqsy3,采集,703,蓝晶碧玺,,-1738,-2733,G,1776247908107,4,https://wiki.biligame.com/rocom/Data:Mapnew/type/703/json?action=raw
qp8suewnfc,采集,703,蓝晶碧玺,,-1830,-1915,G,1776323306648,4,https://wiki.biligame.com/rocom/Data:Mapnew/type/703/json?action=raw
2egvock5mkh,采集,703,蓝晶碧玺,,-1824,-1902,G,1776323315073,4,https://wiki.biligame.com/rocom/Data:Mapnew/type/703/json?action=raw
1h6rps96cvd,采集,703,蓝晶碧玺,,-1856,-1899,G,1776323325865,4,https://wiki.biligame.com/rocom/Data:Mapnew/type/703/json?action=raw
1hky5j4etwf,采集,703,蓝晶碧玺,,-1855,-1913,G,1776323333855,4,https://wiki.biligame.com/rocom/Data:Mapnew/type/703/json?action=raw
widr3pl18k,采集,703,蓝晶碧玺,,-1873,-1851,G,1776323350148,4,https://wiki.biligame.com/rocom/Data:Mapnew/type/703/json?action=raw
67y21ht3yc,采集,703,蓝晶碧玺,,-1626,-2927,G,1776334884420,4,https://wiki.biligame.com/rocom/Data:Mapnew/type/703/json?action=raw
1ukul5xwe4i,采集,703,蓝晶碧玺,,-1612,-2912,G,1776334886018,4,https://wiki.biligame.com/rocom/Data:Mapnew/type/703/json?action=raw
1v2kmuiylbr,采集,703,蓝晶碧玺,,-1603,-2942,G,1776334924407,4,https://wiki.biligame.com/rocom/Data:Mapnew/type/703/json?action=raw
zuw28jhu3f,采集,704,紫莲刚玉,,-1839,-1213,G,1744303908251,4,https://wiki.biligame.com/rocom/Data:Mapnew/type/704/json?action=raw
lhd3hvlqqf,采集,704,紫莲刚玉,,-1864,-1187,G,1744303951255,4,https://wiki.biligame.com/rocom/Data:Mapnew/type/704/json?action=raw
2cefhkuzh0b,采集,704,紫莲刚玉,,-1119,-566,G,1745627979483,4,https://wiki.biligame.com/rocom/Data:Mapnew/type/704/json?action=raw
11j5frmjwex,采集,704,紫莲刚玉,,-1104,-567,G,1745627995353,4,https://wiki.biligame.com/rocom/Data:Mapnew/type/704/json?action=raw
114z00s8v5v,采集,704,紫莲刚玉,,-1601,-949,G,1745629547459,4,https://wiki.biligame.com/rocom/Data:Mapnew/type/704/json?action=raw
1fpl6mvsap6,采集,704,紫莲刚玉,,-1553,-982,G,1745629559850,4,https://wiki.biligame.com/rocom/Data:Mapnew/type/704/json?action=raw
2rvc5leezw,采集,704,紫莲刚玉,,-1589,-895,G,1745629588588,4,https://wiki.biligame.com/rocom/Data:Mapnew/type/704/json?action=raw
190jqy4w0sv,采集,704,紫莲刚玉,,-1578,-849,G,1745629599759,4,https://wiki.biligame.com/rocom/Data:Mapnew/type/704/json?action=raw
1rq1ixqfadh,采集,704,紫莲刚玉,,-1153,-363,G,1745713717317,4,https://wiki.biligame.com/rocom/Data:Mapnew/type/704/json?action=raw
1lc0ydsw3r,采集,704,紫莲刚玉,,-1147,-352,G,1745713727111,4,https://wiki.biligame.com/rocom/Data:Mapnew/type/704/json?action=raw
2mjj9aexcyu,采集,704,紫莲刚玉,,-1424,-312,G,1746154964454,4,https://wiki.biligame.com/rocom/Data:Mapnew/type/704/json?action=raw
yrwds9orob,采集,704,紫莲刚玉,,-1436,-298,G,1746154973979,4,https://wiki.biligame.com/rocom/Data:Mapnew/type/704/json?action=raw
khx0zbt0qy,采集,704,紫莲刚玉,,-1266,-182,G,1746155356170,4,https://wiki.biligame.com/rocom/Data:Mapnew/type/704/json?action=raw
4xur027f5b,采集,704,紫莲刚玉,,-1266,-226,G,1746155371119,4,https://wiki.biligame.com/rocom/Data:Mapnew/type/704/json?action=raw
ksjush9oi9,采集,704,紫莲刚玉,,-1282,-159,G,1746155423057,4,https://wiki.biligame.com/rocom/Data:Mapnew/type/704/json?action=raw
2hf7ya4xxps,采集,704,紫莲刚玉,,-1876,-1158,G,1775964812528,4,https://wiki.biligame.com/rocom/Data:Mapnew/type/704/json?action=raw
p82nsvmsoq,采集,704,紫莲刚玉,,-1844,-1184,G,1776336476602,4,https://wiki.biligame.com/rocom/Data:Mapnew/type/704/json?action=raw
v17m26arkt,采集,704,紫莲刚玉,,-1883,-1208,G,1776336500765,4,https://wiki.biligame.com/rocom/Data:Mapnew/type/704/json?action=raw
1bo9lcbuzs2,采集,704,紫莲刚玉,,-1878,-1306,G,1776336616354,4,https://wiki.biligame.com/rocom/Data:Mapnew/type/704/json?action=raw
1wnadu0wv97,采集,704,紫莲刚玉,,-1831,-1297,G,1776336653883,4,https://wiki.biligame.com/rocom/Data:Mapnew/type/704/json?action=raw
6ikvuodt00,采集,704,紫莲刚玉,,-1733,-1301,G,1776336819216,4,https://wiki.biligame.com/rocom/Data:Mapnew/type/704/json?action=raw
127z3flg97w,采集,704,紫莲刚玉,,-1582,-869,G,1776341865388,4,https://wiki.biligame.com/rocom/Data:Mapnew/type/704/json?action=raw
xldgewhqif,采集,704,紫莲刚玉,,-1598,-921,G,1776341866615,4,https://wiki.biligame.com/rocom/Data:Mapnew/type/704/json?action=raw
2bezsbv0dc0,采集,704,紫莲刚玉,,-1110,-515,G,1776355044992,4,https://wiki.biligame.com/rocom/Data:Mapnew/type/704/json?action=raw
szjjeeq9l,采集,704,紫莲刚玉,,-1108,-561,G,1776355075705,4,https://wiki.biligame.com/rocom/Data:Mapnew/type/704/json?action=raw
1b2zxqc0hlz,采集,704,紫莲刚玉,,-1095,-565,G,1776355089703,4,https://wiki.biligame.com/rocom/Data:Mapnew/type/704/json?action=raw
21dfmsqr406,采集,704,紫莲刚玉,,-1146,-360,G,1776355251974,4,https://wiki.biligame.com/rocom/Data:Mapnew/type/704/json?action=raw
1bh6dh7cst1,采集,704,紫莲刚玉,,-1132,-328,G,1776355276757,4,https://wiki.biligame.com/rocom/Data:Mapnew/type/704/json?action=raw
45i9ds0fw0,采集,704,紫莲刚玉,,-1182,-344,G,1776355315824,4,https://wiki.biligame.com/rocom/Data:Mapnew/type/704/json?action=raw
raigh90bty,采集,704,紫莲刚玉,,-1447,-311,G,1776355649766,4,https://wiki.biligame.com/rocom/Data:Mapnew/type/704/json?action=raw
jbe3m6lv79,采集,704,紫莲刚玉,,-1441,-259,G,1776355680053,4,https://wiki.biligame.com/rocom/Data:Mapnew/type/704/json?action=raw
1tshpojw3vj,采集,704,紫莲刚玉,,-1266,-196,G,1776355802783,4,https://wiki.biligame.com/rocom/Data:Mapnew/type/704/json?action=raw
1iykonp3z4t,采集,704,紫莲刚玉,,-1287,3,G,1776355903901,4,https://wiki.biligame.com/rocom/Data:Mapnew/type/704/json?action=raw
1t7822943on,采集,704,紫莲刚玉,,-1295,54,G,1776355916967,4,https://wiki.biligame.com/rocom/Data:Mapnew/type/704/json?action=raw
17cas53tjpf,采集,704,紫莲刚玉,,-1263,54,G,1776355926019,4,https://wiki.biligame.com/rocom/Data:Mapnew/type/704/json?action=raw
2c3t1vw8295,采集,704,紫莲刚玉,,-1292,76,G,1776355985769,4,https://wiki.biligame.com/rocom/Data:Mapnew/type/704/json?action=raw
1fbf506aoq6,采集,704,紫莲刚玉,,-1261,86,G,1776356020654,4,https://wiki.biligame.com/rocom/Data:Mapnew/type/704/json?action=raw
2ekfaati3r9,采集,704,紫莲刚玉,,-1282,125,G,1776356132997,4,https://wiki.biligame.com/rocom/Data:Mapnew/type/704/json?action=raw
2o0pse6bjes,采集,704,紫莲刚玉,,-1603,-1099,G,1776751318276,4,https://wiki.biligame.com/rocom/Data:Mapnew/type/704/json?action=raw
219w11ks8ga,采集,704,紫莲刚玉,,-1668,-1106,G,1776751370698,4,https://wiki.biligame.com/rocom/Data:Mapnew/type/704/json?action=raw
101zos7lmg6,采集,715,蜂窝,,-1885,-1537,G,1776244308966,4,https://wiki.biligame.com/rocom/Data:Mapnew/type/715/json?action=raw
1nzcrdewgyq,采集,715,蜂窝,,-1902,-1520,G,1776244379618,4,https://wiki.biligame.com/rocom/Data:Mapnew/type/715/json?action=raw
d42pk6gu94,采集,715,蜂窝,,-1897,-1485,G,1776244392744,4,https://wiki.biligame.com/rocom/Data:Mapnew/type/715/json?action=raw
ay3ayratt7,采集,715,蜂窝,,553,1068,G,1776265558123,4,https://wiki.biligame.com/rocom/Data:Mapnew/type/715/json?action=raw
1092wnzvi7t,采集,715,蜂窝,,517,1057,G,1776265571577,4,https://wiki.biligame.com/rocom/Data:Mapnew/type/715/json?action=raw
fyvdqbj8pi,采集,715,蜂窝,,342,856,G,1776265631191,4,https://wiki.biligame.com/rocom/Data:Mapnew/type/715/json?action=raw
1apl828rqy,采集,715,蜂窝,,-969,616,G,1776359772282,4,https://wiki.biligame.com/rocom/Data:Mapnew/type/715/json?action=raw
118j02q369p,采集,715,蜂窝,,-952,573,G,1776359859325,4,https://wiki.biligame.com/rocom/Data:Mapnew/type/715/json?action=raw
1j24alha5bs,采集,715,蜂窝,,-968,517,G,1776359874168,4,https://wiki.biligame.com/rocom/Data:Mapnew/type/715/json?action=raw
1b6jjqi5iga,采集,715,蜂窝,,358,-35,G,1776503453354,4,https://wiki.biligame.com/rocom/Data:Mapnew/type/715/json?action=raw
angh9jtn18,采集,715,蜂窝,,557,164,G,1776503972060,4,https://wiki.biligame.com/rocom/Data:Mapnew/type/715/json?action=raw
qi5l20gya6,采集,715,蜂窝,,-444,1220,G,1776506685838,4,https://wiki.biligame.com/rocom/Data:Mapnew/type/715/json?action=raw
2mjjn8fprwu,采集,715,蜂窝,,423,2572,G,1776510310542,4,https://wiki.biligame.com/rocom/Data:Mapnew/type/715/json?action=raw
4ub4dkojie,采集,705,向阳花,,-201,842,G,1744657629382,4,https://wiki.biligame.com/rocom/Data:Mapnew/type/705/json?action=raw
27h70geikqw,采集,705,向阳花,,1010,-1365,G,1744986220424,4,https://wiki.biligame.com/rocom/Data:Mapnew/type/705/json?action=raw
1aot3kom6zf,采集,705,向阳花,,939,-1420,G,1744986301659,4,https://wiki.biligame.com/rocom/Data:Mapnew/type/705/json?action=raw
11ts9a6brbl,采集,705,向阳花,,878,-1056,G,1744986971409,4,https://wiki.biligame.com/rocom/Data:Mapnew/type/705/json?action=raw
2ipaqaq0j0q,采集,705,向阳花,,1277,-1472,G,1764734181962,4,https://wiki.biligame.com/rocom/Data:Mapnew/type/705/json?action=raw
1kxgq1tzqyx,采集,705,向阳花,,1228,-1422,G,1764734186569,4,https://wiki.biligame.com/rocom/Data:Mapnew/type/705/json?action=raw
2oifok0o83e,采集,705,向阳花,,1172,-1558,G,1764734193402,4,https://wiki.biligame.com/rocom/Data:Mapnew/type/705/json?action=raw
yod0dtibns,采集,705,向阳花,,885,-1517,G,1764734262408,4,https://wiki.biligame.com/rocom/Data:Mapnew/type/705/json?action=raw
2ntmf003b24,采集,705,向阳花,,790,-1606,G,1764734315195,4,https://wiki.biligame.com/rocom/Data:Mapnew/type/705/json?action=raw
2e9sb5gr3p6,采集,705,向阳花,,798,-1672,G,1764734320506,4,https://wiki.biligame.com/rocom/Data:Mapnew/type/705/json?action=raw
oqcgsezyyp,采集,705,向阳花,,720,-1641,G,1764734368193,4,https://wiki.biligame.com/rocom/Data:Mapnew/type/705/json?action=raw
1ybjlfbzrn9,采集,705,向阳花,,637,-1816,G,1764734455221,4,https://wiki.biligame.com/rocom/Data:Mapnew/type/705/json?action=raw
3uva8fv0wi,采集,705,向阳花,,667,-1673,G,1764734510418,4,https://wiki.biligame.com/rocom/Data:Mapnew/type/705/json?action=raw
1lc9oyedjw,采集,705,向阳花,,613,-2117,G,1764734701084,4,https://wiki.biligame.com/rocom/Data:Mapnew/type/705/json?action=raw
83ahi9pejy,采集,705,向阳花,,559,-2053,G,1764734703342,4,https://wiki.biligame.com/rocom/Data:Mapnew/type/705/json?action=raw
20z91poynfx,采集,705,向阳花,,522,-2181,G,1764734727981,4,https://wiki.biligame.com/rocom/Data:Mapnew/type/705/json?action=raw
12pozs87k38,采集,705,向阳花,,-156,-1980,G,1764735248756,4,https://wiki.biligame.com/rocom/Data:Mapnew/type/705/json?action=raw
q3yzwgwi3x,采集,705,向阳花,,-202,-1787,G,1764735370157,4,https://wiki.biligame.com/rocom/Data:Mapnew/type/705/json?action=raw
cmcil997rm,采集,705,向阳花,,-240,-1840,G,1764735372434,4,https://wiki.biligame.com/rocom/Data:Mapnew/type/705/json?action=raw
175ty3kkcn,采集,705,向阳花,,-165,-1651,G,1764735377159,4,https://wiki.biligame.com/rocom/Data:Mapnew/type/705/json?action=raw
ciswnjgcyc,采集,705,向阳花,,-122,-1606,G,1764735382676,4,https://wiki.biligame.com/rocom/Data:Mapnew/type/705/json?action=raw
7w79muhzrl,采集,705,向阳花,,-100,-1662,G,1764735391057,4,https://wiki.biligame.com/rocom/Data:Mapnew/type/705/json?action=raw
1etoxzemzc7,采集,705,向阳花,,56,-1655,G,1764735395431,4,https://wiki.biligame.com/rocom/Data:Mapnew/type/705/json?action=raw
203cka96i6u,采集,705,向阳花,,595,-1337,G,1764735546006,4,https://wiki.biligame.com/rocom/Data:Mapnew/type/705/json?action=raw
2n4t5g066ck,采集,705,向阳花,,603,-1309,G,1764735546788,4,https://wiki.biligame.com/rocom/Data:Mapnew/type/705/json?action=raw
12ws7no08co,采集,705,向阳花,,673,-1383,G,1764735553096,4,https://wiki.biligame.com/rocom/Data:Mapnew/type/705/json?action=raw
20z91ppgfal,采集,705,向阳花,,629,-1350,G,1764735557229,4,https://wiki.biligame.com/rocom/Data:Mapnew/type/705/json?action=raw
1gsl4pqx98w,采集,705,向阳花,,745,-1280,G,1764735617808,4,https://wiki.biligame.com/rocom/Data:Mapnew/type/705/json?action=raw
1ft51ckuprf,采集,705,向阳花,,728,-1104,G,1764735627755,4,https://wiki.biligame.com/rocom/Data:Mapnew/type/705/json?action=raw
1rx4zjr9lb2,采集,705,向阳花,,403,-1038,G,1764735748894,4,https://wiki.biligame.com/rocom/Data:Mapnew/type/705/json?action=raw
2oew2mbsico,采集,705,向阳花,,412,-1031,G,1764735749863,4,https://wiki.biligame.com/rocom/Data:Mapnew/type/705/json?action=raw
2m1tg54eqr2,采集,705,向阳花,,395,-1051,G,1764735751918,4,https://wiki.biligame.com/rocom/Data:Mapnew/type/705/json?action=raw
ty7rffqxl8,采集,705,向阳花,,169,-1207,G,1764735952780,4,https://wiki.biligame.com/rocom/Data:Mapnew/type/705/json?action=raw
1py8stf8sl8,采集,705,向阳花,,53,-1186,G,1764735968700,4,https://wiki.biligame.com/rocom/Data:Mapnew/type/705/json?action=raw
jt3zyllirj,采集,705,向阳花,,-188,-1274,G,1764736016191,4,https://wiki.biligame.com/rocom/Data:Mapnew/type/705/json?action=raw
1p5vxbouu18,采集,705,向阳花,,16,-1244,G,1764736092044,4,https://wiki.biligame.com/rocom/Data:Mapnew/type/705/json?action=raw
ujhf1qojky,采集,705,向阳花,,-45,-1239,G,1764736100130,4,https://wiki.biligame.com/rocom/Data:Mapnew/type/705/json?action=raw
2qa8neycmwg,采集,705,向阳花,,-73,-1323,G,1764736108784,4,https://wiki.biligame.com/rocom/Data:Mapnew/type/705/json?action=raw
2mjjhtpnsbw,采集,705,向阳花,,-96,-1317,G,1764736109611,4,https://wiki.biligame.com/rocom/Data:Mapnew/type/705/json?action=raw
m2n0i38bnm,采集,705,向阳花,,13,-1364,G,1764736112642,4,https://wiki.biligame.com/rocom/Data:Mapnew/type/705/json?action=raw
1tlecgya7v8,采集,705,向阳花,,-75,-892,G,1764736231508,4,https://wiki.biligame.com/rocom/Data:Mapnew/type/705/json?action=raw
hg1dhecdt1,采集,705,向阳花,,35,-941,G,1764736234213,4,https://wiki.biligame.com/rocom/Data:Mapnew/type/705/json?action=raw
6pnye9pbc3,采集,705,向阳花,,57,-1808,G,1764736894627,4,https://wiki.biligame.com/rocom/Data:Mapnew/type/705/json?action=raw
16r0z6nb160,采集,705,向阳花,,111,-1817,G,1764736899496,4,https://wiki.biligame.com/rocom/Data:Mapnew/type/705/json?action=raw
f2yr07cx8y,采集,705,向阳花,,145,-1775,G,1764736903762,4,https://wiki.biligame.com/rocom/Data:Mapnew/type/705/json?action=raw
24py7ayy7mq,采集,705,向阳花,,112,-1728,G,1764736906531,4,https://wiki.biligame.com/rocom/Data:Mapnew/type/705/json?action=raw
2cp2k61eaho,采集,705,向阳花,,-47,-1782,G,1764736951708,4,https://wiki.biligame.com/rocom/Data:Mapnew/type/705/json?action=raw
1x8jw4io2b0,采集,705,向阳花,,-175,-279,G,1764738753452,4,https://wiki.biligame.com/rocom/Data:Mapnew/type/705/json?action=raw
2atpzdg4kh1,采集,705,向阳花,,-168,-346,G,1764738757797,4,https://wiki.biligame.com/rocom/Data:Mapnew/type/705/json?action=raw
67xwpq0okr,采集,705,向阳花,,802,188,G,1764739168875,4,https://wiki.biligame.com/rocom/Data:Mapnew/type/705/json?action=raw
2l9gknfzecw,采集,705,向阳花,,803,239,G,1764739169904,4,https://wiki.biligame.com/rocom/Data:Mapnew/type/705/json?action=raw
2d38zwxy63n,采集,705,向阳花,,863,186,G,1764739171427,4,https://wiki.biligame.com/rocom/Data:Mapnew/type/705/json?action=raw
gk4w1ztob1,采集,705,向阳花,,942,226,G,1764739172173,4,https://wiki.biligame.com/rocom/Data:Mapnew/type/705/json?action=raw
2owm4ayvbl0,采集,705,向阳花,,869,356,G,1764739176037,4,https://wiki.biligame.com/rocom/Data:Mapnew/type/705/json?action=raw
hchrjqaezg,采集,705,向阳花,,566,437,G,1764739178588,4,https://wiki.biligame.com/rocom/Data:Mapnew/type/705/json?action=raw
1okm9pfur6f,采集,705,向阳花,,707,236,G,1764739188759,4,https://wiki.biligame.com/rocom/Data:Mapnew/type/705/json?action=raw
dzz1pcu30u,采集,705,向阳花,,664,273,G,1764739189454,4,https://wiki.biligame.com/rocom/Data:Mapnew/type/705/json?action=raw
2pask1u6m1w,采集,705,向阳花,,-214,1009,G,1764739315492,4,https://wiki.biligame.com/rocom/Data:Mapnew/type/705/json?action=raw
2o0pmvion6w,采集,705,向阳花,,-170,998,G,1764739316071,4,https://wiki.biligame.com/rocom/Data:Mapnew/type/705/json?action=raw
jih65i5183,采集,705,向阳花,,-188,961,G,1764739316595,4,https://wiki.biligame.com/rocom/Data:Mapnew/type/705/json?action=raw
1dxsgk0pdjc,采集,705,向阳花,,-187,904,G,1764739317960,4,https://wiki.biligame.com/rocom/Data:Mapnew/type/705/json?action=raw
1x8jw4j0bii,采集,705,向阳花,,96,807,G,1764739325258,4,https://wiki.biligame.com/rocom/Data:Mapnew/type/705/json?action=raw
1fbezo23b8b,采集,705,向阳花,,-908,1705,G,1764739452315,4,https://wiki.biligame.com/rocom/Data:Mapnew/type/705/json?action=raw
jih65i80er,采集,705,向阳花,,-910,1780,G,1764739455507,4,https://wiki.biligame.com/rocom/Data:Mapnew/type/705/json?action=raw
eosb9dnc77,采集,705,向阳花,,-811,1705,G,1764739456643,4,https://wiki.biligame.com/rocom/Data:Mapnew/type/705/json?action=raw
1y0wrm9jr4f,采集,705,向阳花,,-812,1766,G,1764739457295,4,https://wiki.biligame.com/rocom/Data:Mapnew/type/705/json?action=raw
2p78y44graw,采集,705,向阳花,,-776,1807,G,1764739465785,4,https://wiki.biligame.com/rocom/Data:Mapnew/type/705/json?action=raw
yod0dwm7dw,采集,705,向阳花,,-655,1707,G,1764739482340,4,https://wiki.biligame.com/rocom/Data:Mapnew/type/705/json?action=raw
263kqf1sksp,采集,705,向阳花,,-545,1696,G,1764739487049,4,https://wiki.biligame.com/rocom/Data:Mapnew/type/705/json?action=raw
1l10bzmygaz,采集,705,向阳花,,-536,1661,G,1764739488011,4,https://wiki.biligame.com/rocom/Data:Mapnew/type/705/json?action=raw
114z8sttfkd,采集,705,向阳花,,-712,1712,G,1764739498253,4,https://wiki.biligame.com/rocom/Data:Mapnew/type/705/json?action=raw
1j97d4qfden,采集,705,向阳花,,-722,1728,G,1764739500959,4,https://wiki.biligame.com/rocom/Data:Mapnew/type/705/json?action=raw
1092rddjvjp,采集,705,向阳花,,-424,1746,G,1764739503989,4,https://wiki.biligame.com/rocom/Data:Mapnew/type/705/json?action=raw
1oyspgb9ug0,采集,705,向阳花,,-503,1771,G,1764739505504,4,https://wiki.biligame.com/rocom/Data:Mapnew/type/705/json?action=raw
2rvkxmyaul,采集,705,向阳花,,-520,1876,G,1764739507565,4,https://wiki.biligame.com/rocom/Data:Mapnew/type/705/json?action=raw
2lgjsivtm9k,采集,705,向阳花,,-560,2074,G,1764739546360,4,https://wiki.biligame.com/rocom/Data:Mapnew/type/705/json?action=raw
2b7wf4btsio,采集,705,向阳花,,-619,2133,G,1764739547296,4,https://wiki.biligame.com/rocom/Data:Mapnew/type/705/json?action=raw
1kfqodc5by9,采集,705,向阳花,,-515,2062,G,1764739550145,4,https://wiki.biligame.com/rocom/Data:Mapnew/type/705/json?action=raw
1avwkistfdn,采集,705,向阳花,,-720,1940,G,1764739569435,4,https://wiki.biligame.com/rocom/Data:Mapnew/type/705/json?action=raw
cmcilbrjvr,采集,705,向阳花,,1532,836,G,1764739587175,4,https://wiki.biligame.com/rocom/Data:Mapnew/type/705/json?action=raw
1gw4qnj3fkh,采集,705,向阳花,,1716,870,G,1764739588241,4,https://wiki.biligame.com/rocom/Data:Mapnew/type/705/json?action=raw
1lwwtf3actc,采集,705,向阳花,,1623,1007,G,1764739591776,4,https://wiki.biligame.com/rocom/Data:Mapnew/type/705/json?action=raw
26vxlwsbh82,采集,705,向阳花,,1673,930,G,1764739594226,4,https://wiki.biligame.com/rocom/Data:Mapnew/type/705/json?action=raw
29cjubpigu5,采集,705,向阳花,,1137,876,G,1764739599037,4,https://wiki.biligame.com/rocom/Data:Mapnew/type/705/json?action=raw
2ekf4ypbh8y,采集,705,向阳花,,1162,837,G,1764739599634,4,https://wiki.biligame.com/rocom/Data:Mapnew/type/705/json?action=raw
1lc9p1bg2n,采集,705,向阳花,,1229,956,G,1764739603231,4,https://wiki.biligame.com/rocom/Data:Mapnew/type/705/json?action=raw
1ov93iliwnc,采集,705,向阳花,,1258,955,G,1764739605192,4,https://wiki.biligame.com/rocom/Data:Mapnew/type/705/json?action=raw
1hohm59khw5,采集,705,向阳花,,1557,1096,G,1764739609749,4,https://wiki.biligame.com/rocom/Data:Mapnew/type/705/json?action=raw
2ienxkv8ido,采集,705,向阳花,,1474,759,G,1767110241805,4,https://wiki.biligame.com/rocom/Data:Mapnew/type/705/json?action=raw
2bt63tu8fx1,采集,705,向阳花,,1450,778,G,1767110427797,4,https://wiki.biligame.com/rocom/Data:Mapnew/type/705/json?action=raw
20hj15nwkw0,采集,705,向阳花,,1641,849,G,1767186934976,4,https://wiki.biligame.com/rocom/Data:Mapnew/type/705/json?action=raw
qp8qzesjfy,采集,705,向阳花,,1707,947,G,1772271881070,4,https://wiki.biligame.com/rocom/Data:Mapnew/type/705/json?action=raw
1irhewpzjgl,采集,705,向阳花,,1588,935,G,1772271904325,4,https://wiki.biligame.com/rocom/Data:Mapnew/type/705/json?action=raw
klgywyre4t,采集,705,向阳花,,1652,995,G,1772271952461,4,https://wiki.biligame.com/rocom/Data:Mapnew/type/705/json?action=raw
j0r9h46yi1,采集,705,向阳花,,1668,-1425,G,1775635139625,4,https://wiki.biligame.com/rocom/Data:Mapnew/type/705/json?action=raw
p82nrmx219,采集,705,向阳花,,1639,-1452,G,1776261372557,4,https://wiki.biligame.com/rocom/Data:Mapnew/type/705/json?action=raw
5fl6ijl2zb,采集,705,向阳花,,1628,-1474,G,1776261381463,4,https://wiki.biligame.com/rocom/Data:Mapnew/type/705/json?action=raw
15rl142mq1x,采集,705,向阳花,,1650,-1520,G,1776261418853,4,https://wiki.biligame.com/rocom/Data:Mapnew/type/705/json?action=raw
28yd5i5ma1m,采集,727,海神花,,910,-1860,G,1744986200410,4,https://wiki.biligame.com/rocom/Data:Mapnew/type/727/json?action=raw
15o10t4d7by,采集,727,海神花,,886,-1805,G,1744986201694,4,https://wiki.biligame.com/rocom/Data:Mapnew/type/727/json?action=raw
1wcn5me8wqa,采集,727,海神花,,984,-1355,G,1744986213810,4,https://wiki.biligame.com/rocom/Data:Mapnew/type/727/json?action=raw
28utjkfujwq,采集,727,海神花,,956,-1413,G,1744986263370,4,https://wiki.biligame.com/rocom/Data:Mapnew/type/727/json?action=raw
9gwrjpawk1,采集,727,海神花,,959,-1396,G,1744986265681,4,https://wiki.biligame.com/rocom/Data:Mapnew/type/727/json?action=raw
1b2zjbjvdzs,采集,727,海神花,,975,-1304,G,1744986343320,4,https://wiki.biligame.com/rocom/Data:Mapnew/type/727/json?action=raw
2gjb2mczqf0,采集,727,海神花,,961,-1214,G,1744986510460,4,https://wiki.biligame.com/rocom/Data:Mapnew/type/727/json?action=raw
1ltcyep0it9,采集,727,海神花,,980,-1279,G,1744986525757,4,https://wiki.biligame.com/rocom/Data:Mapnew/type/727/json?action=raw
ifh7ry8gxz,采集,727,海神花,,891,-1095,G,1744986998215,4,https://wiki.biligame.com/rocom/Data:Mapnew/type/727/json?action=raw
1t3o1pr46pf,采集,727,海神花,,849,-1124,G,1744987089395,4,https://wiki.biligame.com/rocom/Data:Mapnew/type/727/json?action=raw
11mp1eqsjtm,采集,727,海神花,,869,-1145,G,1744987108698,4,https://wiki.biligame.com/rocom/Data:Mapnew/type/727/json?action=raw
17mxgm1wzv7,采集,727,海神花,,1313,-1431,G,1764734113427,4,https://wiki.biligame.com/rocom/Data:Mapnew/type/727/json?action=raw
1okm9pcu65g,采集,727,海神花,,1332,-1574,G,1764734122660,4,https://wiki.biligame.com/rocom/Data:Mapnew/type/727/json?action=raw
g5ygb1l7k4,采集,727,海神花,,1340,-1554,G,1764734125701,4,https://wiki.biligame.com/rocom/Data:Mapnew/type/727/json?action=raw
24py7axaszy,采集,727,海神花,,1319,-1516,G,1764734134862,4,https://wiki.biligame.com/rocom/Data:Mapnew/type/727/json?action=raw
1dcisxmrxn3,采集,727,海神花,,1271,-1563,G,1764734139663,4,https://wiki.biligame.com/rocom/Data:Mapnew/type/727/json?action=raw
1al9qpk5z1a,采集,727,海神花,,1221,-1500,G,1764734146718,4,https://wiki.biligame.com/rocom/Data:Mapnew/type/727/json?action=raw
22ulmiayu29,采集,727,海神花,,1184,-1427,G,1764734156465,4,https://wiki.biligame.com/rocom/Data:Mapnew/type/727/json?action=raw
1sev18bcx4b,采集,727,海神花,,1144,-1494,G,1764734160299,4,https://wiki.biligame.com/rocom/Data:Mapnew/type/727/json?action=raw
1ebywasv978,采集,727,海神花,,1143,-1442,G,1764734166100,4,https://wiki.biligame.com/rocom/Data:Mapnew/type/727/json?action=raw
1y7zzhm2rt4,采集,727,海神花,,960,-1525,G,1764734272328,4,https://wiki.biligame.com/rocom/Data:Mapnew/type/727/json?action=raw
klgvgb0ynr,采集,727,海神花,,841,-1584,G,1764734282359,4,https://wiki.biligame.com/rocom/Data:Mapnew/type/727/json?action=raw
gd1o6hawoa,采集,727,海神花,,888,-1595,G,1764734291178,4,https://wiki.biligame.com/rocom/Data:Mapnew/type/727/json?action=raw
8dxbbevtb2,采集,727,海神花,,898,-1602,G,1764734291998,4,https://wiki.biligame.com/rocom/Data:Mapnew/type/727/json?action=raw
28ydekr4fzn,采集,727,海神花,,910,-1593,G,1764734293235,4,https://wiki.biligame.com/rocom/Data:Mapnew/type/727/json?action=raw
70as7dksxc,采集,727,海神花,,903,-1578,G,1764734294128,4,https://wiki.biligame.com/rocom/Data:Mapnew/type/727/json?action=raw
99tsqv7ie8,采集,727,海神花,,871,-1747,G,1764734386144,4,https://wiki.biligame.com/rocom/Data:Mapnew/type/727/json?action=raw
p0zalkfok7,采集,727,海神花,,796,-1786,G,1764734390808,4,https://wiki.biligame.com/rocom/Data:Mapnew/type/727/json?action=raw
2nq2t2acyg8,采集,727,海神花,,581,-1857,G,1764734442343,4,https://wiki.biligame.com/rocom/Data:Mapnew/type/727/json?action=raw
2abzxosj61i,采集,727,海神花,,639,-1787,G,1764734464342,4,https://wiki.biligame.com/rocom/Data:Mapnew/type/727/json?action=raw
16nhd8w28q8,采集,727,海神花,,638,-1746,G,1764734486704,4,https://wiki.biligame.com/rocom/Data:Mapnew/type/727/json?action=raw
1ybjlfc32oa,采集,727,海神花,,1024,-2171,G,1764734609482,4,https://wiki.biligame.com/rocom/Data:Mapnew/type/727/json?action=raw
2a4wptd067q,采集,727,海神花,,1018,-2137,G,1764734611574,4,https://wiki.biligame.com/rocom/Data:Mapnew/type/727/json?action=raw
2q35fjhuguw,采集,727,海神花,,964,-2131,G,1764734615000,4,https://wiki.biligame.com/rocom/Data:Mapnew/type/727/json?action=raw
wt0fl7dgyf,采集,727,海神花,,959,-2181,G,1764734616087,4,https://wiki.biligame.com/rocom/Data:Mapnew/type/727/json?action=raw
1vrdr2p3tie,采集,727,海神花,,849,-2194,G,1764734642470,4,https://wiki.biligame.com/rocom/Data:Mapnew/type/727/json?action=raw
178r0v707sb,采集,727,海神花,,820,-2090,G,1764734650987,4,https://wiki.biligame.com/rocom/Data:Mapnew/type/727/json?action=raw
1mwcws6fvd4,采集,727,海神花,,668,-2041,G,1764734681736,4,https://wiki.biligame.com/rocom/Data:Mapnew/type/727/json?action=raw
1hz4fyc27ll,采集,727,海神花,,695,-2169,G,1764734686969,4,https://wiki.biligame.com/rocom/Data:Mapnew/type/727/json?action=raw
fo8emgvwr0,采集,727,海神花,,602,-2173,G,1764734689164,4,https://wiki.biligame.com/rocom/Data:Mapnew/type/727/json?action=raw
2860j30wq8v,采集,727,海神花,,531,-2054,G,1764734707935,4,https://wiki.biligame.com/rocom/Data:Mapnew/type/727/json?action=raw
jexk7plq1v,采集,727,海神花,,576,-2173,G,1764734733347,4,https://wiki.biligame.com/rocom/Data:Mapnew/type/727/json?action=raw
11mpahc0s6d,采集,727,海神花,,427,-2147,G,1764734738085,4,https://wiki.biligame.com/rocom/Data:Mapnew/type/727/json?action=raw
2je3zur07lo,采集,727,海神花,,455,-2028,G,1764734749053,4,https://wiki.biligame.com/rocom/Data:Mapnew/type/727/json?action=raw
250l143510f,采集,727,海神花,,324,-2045,G,1764734834527,4,https://wiki.biligame.com/rocom/Data:Mapnew/type/727/json?action=raw
67xwpnuldq,采集,727,海神花,,523,-1448,G,1764735525566,4,https://wiki.biligame.com/rocom/Data:Mapnew/type/727/json?action=raw
2bpmgsuh3cx,采集,727,海神花,,535,-1372,G,1764735531329,4,https://wiki.biligame.com/rocom/Data:Mapnew/type/727/json?action=raw
1v2khip068e,采集,727,海神花,,694,-1575,G,1764735570062,4,https://wiki.biligame.com/rocom/Data:Mapnew/type/727/json?action=raw
re1x2sis7e,采集,727,海神花,,696,-1554,G,1764735570762,4,https://wiki.biligame.com/rocom/Data:Mapnew/type/727/json?action=raw
23myi02acl4,采集,727,海神花,,761,-1313,G,1764735598648,4,https://wiki.biligame.com/rocom/Data:Mapnew/type/727/json?action=raw
xaqh9t00rg,采集,727,海神花,,771,-1259,G,1764735603932,4,https://wiki.biligame.com/rocom/Data:Mapnew/type/727/json?action=raw
w7qryx5a94,采集,727,海神花,,916,-1195,G,1764735654952,4,https://wiki.biligame.com/rocom/Data:Mapnew/type/727/json?action=raw
16ge5dk7crn,采集,727,海神花,,823,-1734,G,1764740797539,4,https://wiki.biligame.com/rocom/Data:Mapnew/type/727/json?action=raw
l6qnxfgo2t,采集,727,海神花,,740,-1273,G,1775305097445,4,https://wiki.biligame.com/rocom/Data:Mapnew/type/727/json?action=raw
g9i73l4ake,采集,727,海神花,,624,-1374,G,1775305162622,4,https://wiki.biligame.com/rocom/Data:Mapnew/type/727/json?action=raw
1q8vrhdaxcy,采集,727,海神花,,620,-1361,G,1775305181282,4,https://wiki.biligame.com/rocom/Data:Mapnew/type/727/json?action=raw
1sies0uxss5,采集,727,海神花,,470,-1221,G,1775305281013,4,https://wiki.biligame.com/rocom/Data:Mapnew/type/727/json?action=raw
20l2qtnh4fu,采集,727,海神花,,450,-1275,G,1775305800634,4,https://wiki.biligame.com/rocom/Data:Mapnew/type/727/json?action=raw
1juh5lslboh,采集,727,海神花,,305,-1483,G,1775306501729,4,https://wiki.biligame.com/rocom/Data:Mapnew/type/727/json?action=raw
ij182vz6w8,采集,727,海神花,,1583,-1462,G,1776261338280,4,https://wiki.biligame.com/rocom/Data:Mapnew/type/727/json?action=raw
1ypq6gu1kg2,采集,727,海神花,,1621,-1442,G,1776261356482,4,https://wiki.biligame.com/rocom/Data:Mapnew/type/727/json?action=raw
1d5fqcu7x1r,采集,727,海神花,,1624,-1515,G,1776261443855,4,https://wiki.biligame.com/rocom/Data:Mapnew/type/727/json?action=raw
1zazu34y5de,采集,727,海神花,,1623,-1532,G,1776261455794,4,https://wiki.biligame.com/rocom/Data:Mapnew/type/727/json?action=raw
ezfad2zbfc,采集,727,海神花,,1612,-1520,G,1776261470872,4,https://wiki.biligame.com/rocom/Data:Mapnew/type/727/json?action=raw
1ypq6gu49xt,采集,727,海神花,,1601,-1529,G,1776261482833,4,https://wiki.biligame.com/rocom/Data:Mapnew/type/727/json?action=raw
i8ee9wv568,采集,727,海神花,,464,-1331,G,1776271937520,4,https://wiki.biligame.com/rocom/Data:Mapnew/type/727/json?action=raw
8dxgm85n0x,采集,727,海神花,,317,-1281,G,1776272032721,4,https://wiki.biligame.com/rocom/Data:Mapnew/type/727/json?action=raw
124fhgq2ptz,采集,727,海神花,,272,-1295,G,1776272046407,4,https://wiki.biligame.com/rocom/Data:Mapnew/type/727/json?action=raw
qb1ybl05l7,采集,728,紫雀花,,290,-889,G,1744157531468,4,https://wiki.biligame.com/rocom/Data:Mapnew/type/728/json?action=raw
2ot28xidbqm,采集,728,紫雀花,,-1198,-2635,G,1744196309678,4,https://wiki.biligame.com/rocom/Data:Mapnew/type/728/json?action=raw
q3yqgsh6pw,采集,728,紫雀花,,-1213,-2605,G,1744196311108,4,https://wiki.biligame.com/rocom/Data:Mapnew/type/728/json?action=raw
2lk358is62y,采集,728,紫雀花,,366,2657,G,1744659992522,4,https://wiki.biligame.com/rocom/Data:Mapnew/type/728/json?action=raw
b1midrz87i,采集,728,紫雀花,,355,2631,G,1744660005710,4,https://wiki.biligame.com/rocom/Data:Mapnew/type/728/json?action=raw
15de6ukqr4e,采集,728,紫雀花,,354,2621,G,1744660019150,4,https://wiki.biligame.com/rocom/Data:Mapnew/type/728/json?action=raw
20vp6jz7utf,采集,728,紫雀花,,382,2626,G,1744660063939,4,https://wiki.biligame.com/rocom/Data:Mapnew/type/728/json?action=raw
1qji77pf6pm,采集,728,紫雀花,,398,2593,G,1744660075706,4,https://wiki.biligame.com/rocom/Data:Mapnew/type/728/json?action=raw
1kfqf59cqwq,采集,728,紫雀花,,416,2594,G,1744660086842,4,https://wiki.biligame.com/rocom/Data:Mapnew/type/728/json?action=raw
nnciya49e9,采集,728,紫雀花,,707,-1843,G,1746156141201,4,https://wiki.biligame.com/rocom/Data:Mapnew/type/728/json?action=raw
1z0cmg3lr9p,采集,728,紫雀花,,667,-1844,G,1746156150861,4,https://wiki.biligame.com/rocom/Data:Mapnew/type/728/json?action=raw
1s47yvx2v7l,采集,728,紫雀花,,678,-1817,G,1746156169089,4,https://wiki.biligame.com/rocom/Data:Mapnew/type/728/json?action=raw
fkok5ij1xs,采集,728,紫雀花,,89,-2066,G,1746157213328,4,https://wiki.biligame.com/rocom/Data:Mapnew/type/728/json?action=raw
2downgbas9,采集,728,紫雀花,,123,-2075,G,1746157229913,4,https://wiki.biligame.com/rocom/Data:Mapnew/type/728/json?action=raw
a99nksxomx,采集,728,紫雀花,,58,-2037,G,1746157246201,4,https://wiki.biligame.com/rocom/Data:Mapnew/type/728/json?action=raw
r3euqe1w33,采集,728,紫雀花,,24,-2089,G,1746157260463,4,https://wiki.biligame.com/rocom/Data:Mapnew/type/728/json?action=raw
24iuqw9iheb,采集,728,紫雀花,,61,-2093,G,1746157293971,4,https://wiki.biligame.com/rocom/Data:Mapnew/type/728/json?action=raw
1bkplji2c25,采集,728,紫雀花,,38,-2092,G,1746157295501,4,https://wiki.biligame.com/rocom/Data:Mapnew/type/728/json?action=raw
1qn22dg0w50,采集,728,紫雀花,,338,-777,G,1764736181940,4,https://wiki.biligame.com/rocom/Data:Mapnew/type/728/json?action=raw
v8aolrduh7,采集,728,紫雀花,,365,-775,G,1764736182923,4,https://wiki.biligame.com/rocom/Data:Mapnew/type/728/json?action=raw
o52t658gl7,采集,728,紫雀花,,343,-759,G,1764736185083,4,https://wiki.biligame.com/rocom/Data:Mapnew/type/728/json?action=raw
1kmtw8prd51,采集,728,紫雀花,,359,-758,G,1764736185413,4,https://wiki.biligame.com/rocom/Data:Mapnew/type/728/json?action=raw
p82ih2i70r,采集,728,紫雀花,,-1547,-1128,G,1764738513419,4,https://wiki.biligame.com/rocom/Data:Mapnew/type/728/json?action=raw
1yimtau0wsi,采集,728,紫雀花,,-1533,-1129,G,1764738513922,4,https://wiki.biligame.com/rocom/Data:Mapnew/type/728/json?action=raw
rhlj0k2y5f,采集,728,紫雀花,,-1524,-1129,G,1764738514275,4,https://wiki.biligame.com/rocom/Data:Mapnew/type/728/json?action=raw
2a4wptfbu1a,采集,728,紫雀花,,-1553,-1112,G,1764738514894,4,https://wiki.biligame.com/rocom/Data:Mapnew/type/728/json?action=raw
kw3p9iywwm,采集,728,紫雀花,,-1542,-1112,G,1764738515222,4,https://wiki.biligame.com/rocom/Data:Mapnew/type/728/json?action=raw
1kmtw8r5azl,采集,728,紫雀花,,-1526,-1112,G,1764738515425,4,https://wiki.biligame.com/rocom/Data:Mapnew/type/728/json?action=raw
2bij8xh2811,采集,728,紫雀花,,1201,154,G,1764739230245,4,https://wiki.biligame.com/rocom/Data:Mapnew/type/728/json?action=raw
g5ygb4mmpu,采集,728,紫雀花,,1170,187,G,1764739230850,4,https://wiki.biligame.com/rocom/Data:Mapnew/type/728/json?action=raw
1i2o1w4kpeq,采集,728,紫雀花,,1172,236,G,1764739232162,4,https://wiki.biligame.com/rocom/Data:Mapnew/type/728/json?action=raw
1x1go93c9a2,采集,728,紫雀花,,1188,169,G,1764739236090,4,https://wiki.biligame.com/rocom/Data:Mapnew/type/728/json?action=raw
1wjqmkiazjx,采集,728,紫雀花,,1252,167,G,1764739241085,4,https://wiki.biligame.com/rocom/Data:Mapnew/type/728/json?action=raw
11j5ojowew1,采集,728,紫雀花,,147,1202,G,1764739250017,4,https://wiki.biligame.com/rocom/Data:Mapnew/type/728/json?action=raw
1fii7jhl4w9,采集,728,紫雀花,,154,1210,G,1764739250441,4,https://wiki.biligame.com/rocom/Data:Mapnew/type/728/json?action=raw
257o8zldu26,采集,728,紫雀花,,160,1223,G,1764739250798,4,https://wiki.biligame.com/rocom/Data:Mapnew/type/728/json?action=raw
118iuqjh7rd,采集,728,紫雀花,,167,1215,G,1764739251337,4,https://wiki.biligame.com/rocom/Data:Mapnew/type/728/json?action=raw
22y58g3t4eg,采集,728,紫雀花,,163,1204,G,1764739251849,4,https://wiki.biligame.com/rocom/Data:Mapnew/type/728/json?action=raw
1dg2evfmuba,采集,728,紫雀花,,551,1918,G,1764739263990,4,https://wiki.biligame.com/rocom/Data:Mapnew/type/728/json?action=raw
26lxbbynlx,采集,728,紫雀花,,559,1893,G,1764739265285,4,https://wiki.biligame.com/rocom/Data:Mapnew/type/728/json?action=raw
dsvttx9ksf,采集,728,紫雀花,,536,1929,G,1764739266175,4,https://wiki.biligame.com/rocom/Data:Mapnew/type/728/json?action=raw
1ike3kpmu8m,采集,728,紫雀花,,567,1906,G,1764739267478,4,https://wiki.biligame.com/rocom/Data:Mapnew/type/728/json?action=raw
rl54yacase,采集,728,紫雀花,,761,2007,G,1764739273630,4,https://wiki.biligame.com/rocom/Data:Mapnew/type/728/json?action=raw
1o2w80vfetz,采集,728,紫雀花,,-120,640,G,1764740216791,4,https://wiki.biligame.com/rocom/Data:Mapnew/type/728/json?action=raw
pm8y7yr0lb,采集,728,紫雀花,,-130,693,G,1764740217279,4,https://wiki.biligame.com/rocom/Data:Mapnew/type/728/json?action=raw
1dn5mqvtfkx,采集,728,紫雀花,,-137,657,G,1764740217633,4,https://wiki.biligame.com/rocom/Data:Mapnew/type/728/json?action=raw
178r65v60qd,采集,728,紫雀花,,1226,132,G,1776263806005,4,https://wiki.biligame.com/rocom/Data:Mapnew/type/728/json?action=raw
db5xjv518a,采集,728,紫雀花,,-29,247,G,1776501469306,4,https://wiki.biligame.com/rocom/Data:Mapnew/type/728/json?action=raw
lvjy18ezz4,采集,728,紫雀花,,-45,249,G,1776501488032,4,https://wiki.biligame.com/rocom/Data:Mapnew/type/728/json?action=raw
2atq4rzd979,采集,728,紫雀花,,-48,214,G,1776501513941,4,https://wiki.biligame.com/rocom/Data:Mapnew/type/728/json?action=raw
2bpmm7fnay2,采集,728,紫雀花,,-28,192,G,1776501531178,4,https://wiki.biligame.com/rocom/Data:Mapnew/type/728/json?action=raw
1z3wmboaepk,采集,728,紫雀花,,-66,200,G,1776501566712,4,https://wiki.biligame.com/rocom/Data:Mapnew/type/728/json?action=raw
ya6ayf2lvt,采集,706,喵喵草,,-2002,-2428,G,1743659774537,4,https://wiki.biligame.com/rocom/Data:Mapnew/type/706/json?action=raw
27dndwqzsih,采集,706,喵喵草,,-1958,-2438,G,1743659803929,4,https://wiki.biligame.com/rocom/Data:Mapnew/type/706/json?action=raw
3gokt1q6b5,采集,706,喵喵草,,-1721,-2413,G,1743660529521,4,https://wiki.biligame.com/rocom/Data:Mapnew/type/706/json?action=raw
2i40szwnras,采集,706,喵喵草,,-1495,-2316,G,1743660865013,4,https://wiki.biligame.com/rocom/Data:Mapnew/type/706/json?action=raw
l36x4w6yr0,采集,706,喵喵草,,613,-1705,G,1764734498156,4,https://wiki.biligame.com/rocom/Data:Mapnew/type/706/json?action=raw
ldtqy1mqbm,采集,706,喵喵草,,626,-1658,G,1764734523330,4,https://wiki.biligame.com/rocom/Data:Mapnew/type/706/json?action=raw
2n4t5fzke8c,采集,706,喵喵草,,589,-1662,G,1764734530573,4,https://wiki.biligame.com/rocom/Data:Mapnew/type/706/json?action=raw
1o6ftyhxh6c,采集,706,喵喵草,,755,-2047,G,1764734664244,4,https://wiki.biligame.com/rocom/Data:Mapnew/type/706/json?action=raw
7snnp49lpv,采集,706,喵喵草,,680,-2053,G,1764734676531,4,https://wiki.biligame.com/rocom/Data:Mapnew/type/706/json?action=raw
1fplfeuxvev,采集,706,喵喵草,,433,-1710,G,1764735451975,4,https://wiki.biligame.com/rocom/Data:Mapnew/type/706/json?action=raw
1wxx2bba4oq,采集,706,喵喵草,,453,-1667,G,1764735454522,4,https://wiki.biligame.com/rocom/Data:Mapnew/type/706/json?action=raw
11mpahcg6d2,采集,706,喵喵草,,500,-1651,G,1764735456310,4,https://wiki.biligame.com/rocom/Data:Mapnew/type/706/json?action=raw
17jduocwvia,采集,706,喵喵草,,527,-1825,G,1764735464322,4,https://wiki.biligame.com/rocom/Data:Mapnew/type/706/json?action=raw
25peao46a5i,采集,706,喵喵草,,431,-1814,G,1764735474918,4,https://wiki.biligame.com/rocom/Data:Mapnew/type/706/json?action=raw
vtkc81t520,采集,706,喵喵草,,457,-1804,G,1764735475672,4,https://wiki.biligame.com/rocom/Data:Mapnew/type/706/json?action=raw
1xq9xt1r9xy,采集,706,喵喵草,,569,-1774,G,1764735479830,4,https://wiki.biligame.com/rocom/Data:Mapnew/type/706/json?action=raw
2f256n7wtm5,采集,706,喵喵草,,549,-1739,G,1764735492333,4,https://wiki.biligame.com/rocom/Data:Mapnew/type/706/json?action=raw
1t3oasct7ov,采集,706,喵喵草,,524,-1611,G,1764735502383,4,https://wiki.biligame.com/rocom/Data:Mapnew/type/706/json?action=raw
r3f39n26ae,采集,706,喵喵草,,558,-1545,G,1764735506262,4,https://wiki.biligame.com/rocom/Data:Mapnew/type/706/json?action=raw
1xq9xt1rxog,采集,706,喵喵草,,539,-1532,G,1764735510592,4,https://wiki.biligame.com/rocom/Data:Mapnew/type/706/json?action=raw
1dqp8oizlvw,采集,706,喵喵草,,478,-1588,G,1764735789964,4,https://wiki.biligame.com/rocom/Data:Mapnew/type/706/json?action=raw
6ikqitfxh7,采集,706,喵喵草,,437,-1540,G,1764735810619,4,https://wiki.biligame.com/rocom/Data:Mapnew/type/706/json?action=raw
120vq87w57t,采集,706,喵喵草,,348,-1515,G,1764735813993,4,https://wiki.biligame.com/rocom/Data:Mapnew/type/706/json?action=raw
64eary7pwc,采集,706,喵喵草,,322,-1501,G,1764735814876,4,https://wiki.biligame.com/rocom/Data:Mapnew/type/706/json?action=raw
32ieqq6eo7,采集,706,喵喵草,,305,-1479,G,1764735816135,4,https://wiki.biligame.com/rocom/Data:Mapnew/type/706/json?action=raw
27a41nlax2n,采集,706,喵喵草,,339,-1433,G,1764735821551,4,https://wiki.biligame.com/rocom/Data:Mapnew/type/706/json?action=raw
2aq6dfokoe4,采集,706,喵喵草,,239,-1446,G,1764735827068,4,https://wiki.biligame.com/rocom/Data:Mapnew/type/706/json?action=raw
skl8bed84q,采集,706,喵喵草,,209,-1411,G,1764735829098,4,https://wiki.biligame.com/rocom/Data:Mapnew/type/706/json?action=raw
96a6t69e3w,采集,706,喵喵草,,185,-1381,G,1764735830444,4,https://wiki.biligame.com/rocom/Data:Mapnew/type/706/json?action=raw
1q1ser50moa,采集,706,喵喵草,,268,-1268,G,1764735910858,4,https://wiki.biligame.com/rocom/Data:Mapnew/type/706/json?action=raw
h5ejo8qhdk,采集,706,喵喵草,,353,-1298,G,1764735922809,4,https://wiki.biligame.com/rocom/Data:Mapnew/type/706/json?action=raw
184niao161l,采集,706,喵喵草,,433,-1312,G,1764735923417,4,https://wiki.biligame.com/rocom/Data:Mapnew/type/706/json?action=raw
c4mgwojpd0,采集,706,喵喵草,,389,-1270,G,1764735926052,4,https://wiki.biligame.com/rocom/Data:Mapnew/type/706/json?action=raw
ncpxoeyx5e,采集,706,喵喵草,,-651,-1684,G,1764736514642,4,https://wiki.biligame.com/rocom/Data:Mapnew/type/706/json?action=raw
1du8um988as,采集,706,喵喵草,,-638,-1682,G,1764736515332,4,https://wiki.biligame.com/rocom/Data:Mapnew/type/706/json?action=raw
2obyzvw85d,采集,706,喵喵草,,-571,-2115,G,1764737408065,4,https://wiki.biligame.com/rocom/Data:Mapnew/type/706/json?action=raw
1wxx2bcg0nh,采集,706,喵喵草,,-573,-2089,G,1764737408845,4,https://wiki.biligame.com/rocom/Data:Mapnew/type/706/json?action=raw
1lc9p00f7i,采集,706,喵喵草,,-560,-2099,G,1764737409278,4,https://wiki.biligame.com/rocom/Data:Mapnew/type/706/json?action=raw
19b6tjamb5j,采集,706,喵喵草,,-554,-2039,G,1764737427447,4,https://wiki.biligame.com/rocom/Data:Mapnew/type/706/json?action=raw
b56djjd4xa,采集,706,喵喵草,,-541,-1993,G,1764737427758,4,https://wiki.biligame.com/rocom/Data:Mapnew/type/706/json?action=raw
2afjjmk6s37,采集,706,喵喵草,,-1068,-2111,G,1764737568691,4,https://wiki.biligame.com/rocom/Data:Mapnew/type/706/json?action=raw
2jakdx2vkyk,采集,706,喵喵草,,-1061,-2099,G,1764737569244,4,https://wiki.biligame.com/rocom/Data:Mapnew/type/706/json?action=raw
2bezmzq9l72,采集,706,喵喵草,,-986,-2201,G,1764737571214,4,https://wiki.biligame.com/rocom/Data:Mapnew/type/706/json?action=raw
11xc4aj4qm9,采集,706,喵喵草,,-975,-2200,G,1764737571521,4,https://wiki.biligame.com/rocom/Data:Mapnew/type/706/json?action=raw
178r0v8qtpr,采集,706,喵喵草,,-982,-2189,G,1764737572079,4,https://wiki.biligame.com/rocom/Data:Mapnew/type/706/json?action=raw
1s487f7z0eu,采集,706,喵喵草,,-944,-2205,G,1764737581014,4,https://wiki.biligame.com/rocom/Data:Mapnew/type/706/json?action=raw
2poyzsodsvs,采集,706,喵喵草,,-929,-2319,G,1764737583991,4,https://wiki.biligame.com/rocom/Data:Mapnew/type/706/json?action=raw
13aynekg3e3,采集,706,喵喵草,,-938,-2329,G,1764737585451,4,https://wiki.biligame.com/rocom/Data:Mapnew/type/706/json?action=raw
ujhf1rke69,采集,706,喵喵草,,-927,-2334,G,1764737586113,4,https://wiki.biligame.com/rocom/Data:Mapnew/type/706/json?action=raw
1p5vxbprnlv,采集,706,喵喵草,,-1198,-2361,G,1764737623363,4,https://wiki.biligame.com/rocom/Data:Mapnew/type/706/json?action=raw
fh56r30rgh,采集,706,喵喵草,,-1226,-2345,G,1764737628673,4,https://wiki.biligame.com/rocom/Data:Mapnew/type/706/json?action=raw
1z7g2uu88ie,采集,706,喵喵草,,-1030,-1936,G,1764737757974,4,https://wiki.biligame.com/rocom/Data:Mapnew/type/706/json?action=raw
1orphkum8yn,采集,706,喵喵草,,-1030,-1922,G,1764737758431,4,https://wiki.biligame.com/rocom/Data:Mapnew/type/706/json?action=raw
wbadwpn3ow,采集,706,喵喵草,,-521,-63,G,1764740168560,4,https://wiki.biligame.com/rocom/Data:Mapnew/type/706/json?action=raw
2rvkxnch4y,采集,706,喵喵草,,-510,-58,G,1764740168898,4,https://wiki.biligame.com/rocom/Data:Mapnew/type/706/json?action=raw
ng9jm6ybo4,采集,706,喵喵草,,-499,-73,G,1764740169108,4,https://wiki.biligame.com/rocom/Data:Mapnew/type/706/json?action=raw
2h84l92hb70,采集,706,喵喵草,,-540,233,G,1764740196589,4,https://wiki.biligame.com/rocom/Data:Mapnew/type/706/json?action=raw
282gx5edb3v,采集,706,喵喵草,,-567,324,G,1764740197243,4,https://wiki.biligame.com/rocom/Data:Mapnew/type/706/json?action=raw
2m5d22wv3vo,采集,706,喵喵草,,-533,353,G,1764740197733,4,https://wiki.biligame.com/rocom/Data:Mapnew/type/706/json?action=raw
k3qtrtie1x,采集,706,喵喵草,,-501,358,G,1764740198565,4,https://wiki.biligame.com/rocom/Data:Mapnew/type/706/json?action=raw
188748go7fc,采集,706,喵喵草,,228,-475,G,1764740680600,4,https://wiki.biligame.com/rocom/Data:Mapnew/type/706/json?action=raw
2edc1tr2aeb,采集,706,喵喵草,,80,-531,G,1775048007715,4,https://wiki.biligame.com/rocom/Data:Mapnew/type/706/json?action=raw
263kv9sn2fx,采集,706,喵喵草,,440,-1170,G,1775305694237,4,https://wiki.biligame.com/rocom/Data:Mapnew/type/706/json?action=raw
118izlavsb9,采集,706,喵喵草,,434,-1473,G,1775306395413,4,https://wiki.biligame.com/rocom/Data:Mapnew/type/706/json?action=raw
2f25bzh5olr,采集,706,喵喵草,,-498,191,G,1776360528079,4,https://wiki.biligame.com/rocom/Data:Mapnew/type/706/json?action=raw
2jl7d2gd5bs,采集,706,喵喵草,,-437,337,G,1776360621112,4,https://wiki.biligame.com/rocom/Data:Mapnew/type/706/json?action=raw
2nq2yekd1iw,采集,706,喵喵草,,-425,431,G,1776360748279,4,https://wiki.biligame.com/rocom/Data:Mapnew/type/706/json?action=raw
laaacltgqv,采集,706,喵喵草,,-400,480,G,1776360816391,4,https://wiki.biligame.com/rocom/Data:Mapnew/type/706/json?action=raw
1mstg6qk65y,采集,706,喵喵草,,-405,509,G,1776360861238,4,https://wiki.biligame.com/rocom/Data:Mapnew/type/706/json?action=raw
2730z6snqee,采集,706,喵喵草,,332,-356,G,1776504842598,4,https://wiki.biligame.com/rocom/Data:Mapnew/type/706/json?action=raw
1627v193ca6,采集,706,喵喵草,,-370,560,G,1776505028078,4,https://wiki.biligame.com/rocom/Data:Mapnew/type/706/json?action=raw
1c5zn3p7oab,采集,706,喵喵草,,-449,92,G,1776505105331,4,https://wiki.biligame.com/rocom/Data:Mapnew/type/706/json?action=raw
cmcnzwp2km,采集,706,喵喵草,,-395,209,G,1776505181510,4,https://wiki.biligame.com/rocom/Data:Mapnew/type/706/json?action=raw
1ns9jmakjcb,采集,706,喵喵草,,-349,200,G,1776505196779,4,https://wiki.biligame.com/rocom/Data:Mapnew/type/706/json?action=raw
m2n5wq8yom,采集,706,喵喵草,,-327,191,G,1776505211798,4,https://wiki.biligame.com/rocom/Data:Mapnew/type/706/json?action=raw
1e4vtu1g0nf,采集,706,喵喵草,,-306,248,G,1776505237579,4,https://wiki.biligame.com/rocom/Data:Mapnew/type/706/json?action=raw
2csmbidrpym,采集,706,喵喵草,,-380,244,G,1776505291054,4,https://wiki.biligame.com/rocom/Data:Mapnew/type/706/json?action=raw
1w20qaijl36,采集,706,喵喵草,,-497,33,G,1776505416578,4,https://wiki.biligame.com/rocom/Data:Mapnew/type/706/json?action=raw
pf5vr3u478,采集,706,喵喵草,,-463,18,G,1776505425860,4,https://wiki.biligame.com/rocom/Data:Mapnew/type/706/json?action=raw
2fui7jlxf9z,采集,706,喵喵草,,-532,0,G,1776505494679,4,https://wiki.biligame.com/rocom/Data:Mapnew/type/706/json?action=raw
z9mtesn660,采集,706,喵喵草,,-534,18,G,1776505496312,4,https://wiki.biligame.com/rocom/Data:Mapnew/type/706/json?action=raw
qlp734rv5x,采集,706,喵喵草,,-995,-2164,G,1776712431237,4,https://wiki.biligame.com/rocom/Data:Mapnew/type/706/json?action=raw
2ds208uza8t,采集,708,睡铃,,-120,1324,G,1744658316445,4,https://wiki.biligame.com/rocom/Data:Mapnew/type/708/json?action=raw
1rmhwikabh8,采集,708,睡铃,,-3,1435,G,1744658363548,4,https://wiki.biligame.com/rocom/Data:Mapnew/type/708/json?action=raw
o1iy0dmfrn,采集,708,睡铃,,36,1470,G,1744658384467,4,https://wiki.biligame.com/rocom/Data:Mapnew/type/708/json?action=raw
gyb2krhccv,采集,708,睡铃,,97,1424,G,1744658400207,4,https://wiki.biligame.com/rocom/Data:Mapnew/type/708/json?action=raw
1ebyn2saf2a,采集,708,睡铃,,0,1372,G,1744658423490,4,https://wiki.biligame.com/rocom/Data:Mapnew/type/708/json?action=raw
1gsl4pqilzj,采集,708,睡铃,,-126,-2317,G,1764734934479,4,https://wiki.biligame.com/rocom/Data:Mapnew/type/708/json?action=raw
yh9siealdt,采集,708,睡铃,,-90,-2361,G,1764734935233,4,https://wiki.biligame.com/rocom/Data:Mapnew/type/708/json?action=raw
1eq5c1ok5yd,采集,708,睡铃,,-68,-2312,G,1764734940965,4,https://wiki.biligame.com/rocom/Data:Mapnew/type/708/json?action=raw
1hohm56vxqt,采集,708,睡铃,,-362,-2286,G,1764735104661,4,https://wiki.biligame.com/rocom/Data:Mapnew/type/708/json?action=raw
1g7bh3frule,采集,708,睡铃,,-439,-2188,G,1764735106722,4,https://wiki.biligame.com/rocom/Data:Mapnew/type/708/json?action=raw
1r18i4aphuf,采集,708,睡铃,,-293,-1945,G,1764735262871,4,https://wiki.biligame.com/rocom/Data:Mapnew/type/708/json?action=raw
1hohm570yk5,采集,708,睡铃,,-254,-1889,G,1764735338997,4,https://wiki.biligame.com/rocom/Data:Mapnew/type/708/json?action=raw
u5azavmg9r,采集,708,睡铃,,-538,-1320,G,1764736389855,4,https://wiki.biligame.com/rocom/Data:Mapnew/type/708/json?action=raw
1al9qpli3b2,采集,708,睡铃,,-703,-1312,G,1764736391742,4,https://wiki.biligame.com/rocom/Data:Mapnew/type/708/json?action=raw
1kqdi6fovqi,采集,708,睡铃,,-518,-1217,G,1764736392618,4,https://wiki.biligame.com/rocom/Data:Mapnew/type/708/json?action=raw
2egvj0xq7wp,采集,708,睡铃,,-1069,-1835,G,1764736605065,4,https://wiki.biligame.com/rocom/Data:Mapnew/type/708/json?action=raw
2kh3p5nzu6k,采集,708,睡铃,,-1002,-1849,G,1764736605837,4,https://wiki.biligame.com/rocom/Data:Mapnew/type/708/json?action=raw
uce76bdaut,采集,708,睡铃,,-1069,-1771,G,1764736609077,4,https://wiki.biligame.com/rocom/Data:Mapnew/type/708/json?action=raw
jexk7qtoag,采集,708,睡铃,,-572,-1221,G,1764736783928,4,https://wiki.biligame.com/rocom/Data:Mapnew/type/708/json?action=raw
i8e8z55jws,采集,708,睡铃,,174,-1876,G,1764736820492,4,https://wiki.biligame.com/rocom/Data:Mapnew/type/708/json?action=raw
1b2zse6splu,采集,708,睡铃,,227,-1826,G,1764736822946,4,https://wiki.biligame.com/rocom/Data:Mapnew/type/708/json?action=raw
11fm2lxrjjc,采集,708,睡铃,,55,-1619,G,1764737020072,4,https://wiki.biligame.com/rocom/Data:Mapnew/type/708/json?action=raw
1hky07kf3is,采集,708,睡铃,,250,695,G,1764740714388,4,https://wiki.biligame.com/rocom/Data:Mapnew/type/708/json?action=raw
1j5nr71cbw5,采集,708,睡铃,,271,693,G,1764740715573,4,https://wiki.biligame.com/rocom/Data:Mapnew/type/708/json?action=raw
1idavpavqnc,采集,708,睡铃,,296,692,G,1764740716200,4,https://wiki.biligame.com/rocom/Data:Mapnew/type/708/json?action=raw
6t7kc1sjqc,采集,708,睡铃,,-408,1298,G,1764740727780,4,https://wiki.biligame.com/rocom/Data:Mapnew/type/708/json?action=raw
widls5lag1,采集,708,睡铃,,-307,2201,G,1764740730145,4,https://wiki.biligame.com/rocom/Data:Mapnew/type/708/json?action=raw
12f25z61u6t,采集,708,睡铃,,-285,2353,G,1764740731157,4,https://wiki.biligame.com/rocom/Data:Mapnew/type/708/json?action=raw
db5s5d3olv,采集,708,睡铃,,-264,1815,G,1764740735059,4,https://wiki.biligame.com/rocom/Data:Mapnew/type/708/json?action=raw
18ity1m4rh3,采集,708,睡铃,,-70,1635,G,1764740742679,4,https://wiki.biligame.com/rocom/Data:Mapnew/type/708/json?action=raw
20z91psl925,采集,708,睡铃,,-488,-2500,G,1764740821277,4,https://wiki.biligame.com/rocom/Data:Mapnew/type/708/json?action=raw
12bik1gar7c,采集,708,睡铃,,-526,-1836,G,1764740824120,4,https://wiki.biligame.com/rocom/Data:Mapnew/type/708/json?action=raw
17camt0hmy6,采集,708,睡铃,,-749,-1983,G,1764740825710,4,https://wiki.biligame.com/rocom/Data:Mapnew/type/708/json?action=raw
2n19jidi9so,采集,708,睡铃,,-844,-2036,G,1764740826903,4,https://wiki.biligame.com/rocom/Data:Mapnew/type/708/json?action=raw
8hgx98l1gu,采集,708,睡铃,,-561,-2491,G,1764740830894,4,https://wiki.biligame.com/rocom/Data:Mapnew/type/708/json?action=raw
1h6ro4m024g,采集,708,睡铃,,-696,1500,G,1772716896448,4,https://wiki.biligame.com/rocom/Data:Mapnew/type/708/json?action=raw
u1rh15bxv6,采集,708,睡铃,,-630,1507,G,1772717111602,4,https://wiki.biligame.com/rocom/Data:Mapnew/type/708/json?action=raw
otw6jtdpzt,采集,708,睡铃,,-177,2046,G,1773059509721,4,https://wiki.biligame.com/rocom/Data:Mapnew/type/708/json?action=raw
7snrissnbi,采集,708,睡铃,,-242,2314,G,1773059741966,4,https://wiki.biligame.com/rocom/Data:Mapnew/type/708/json?action=raw
o8mixio9mm,采集,708,睡铃,,-234,2333,G,1773059742910,4,https://wiki.biligame.com/rocom/Data:Mapnew/type/708/json?action=raw
1bo9kvas3gg,采集,708,睡铃,,59,-1478,G,1775306876544,4,https://wiki.biligame.com/rocom/Data:Mapnew/type/708/json?action=raw
1e8ff7xspci,采集,708,睡铃,,36,-1481,G,1775306906706,4,https://wiki.biligame.com/rocom/Data:Mapnew/type/708/json?action=raw
o1jc392bda,采集,708,睡铃,,112,-1676,G,1775307078414,4,https://wiki.biligame.com/rocom/Data:Mapnew/type/708/json?action=raw
1qxp11fdbqd,采集,708,睡铃,,340,-2010,G,1775307554725,4,https://wiki.biligame.com/rocom/Data:Mapnew/type/708/json?action=raw
26se56y9po5,采集,708,睡铃,,237,-1485,G,1776100111413,4,https://wiki.biligame.com/rocom/Data:Mapnew/type/708/json?action=raw
uqks54e0pf,采集,708,睡铃,,225,-1813,G,1776100537107,4,https://wiki.biligame.com/rocom/Data:Mapnew/type/708/json?action=raw
1o6fz6h1utn,采集,708,睡铃,,-144,-1859,G,1776100830027,4,https://wiki.biligame.com/rocom/Data:Mapnew/type/708/json?action=raw
2i417wekvug,采集,708,睡铃,,-150,-1848,G,1776100834359,4,https://wiki.biligame.com/rocom/Data:Mapnew/type/708/json?action=raw
ufxybz5d5d,采集,708,睡铃,,-132,-1882,G,1776100843729,4,https://wiki.biligame.com/rocom/Data:Mapnew/type/708/json?action=raw
3uvfgf73ww,采集,708,睡铃,,-330,-1895,G,1776101035664,4,https://wiki.biligame.com/rocom/Data:Mapnew/type/708/json?action=raw
12wsczxvq8i,采集,708,睡铃,,-98,651,G,1776361644946,4,https://wiki.biligame.com/rocom/Data:Mapnew/type/708/json?action=raw
mrgfedfekd,采集,708,睡铃,,-103,662,G,1776361647229,4,https://wiki.biligame.com/rocom/Data:Mapnew/type/708/json?action=raw
5moei0xsmy,采集,708,睡铃,,-441,939,G,1776506165050,4,https://wiki.biligame.com/rocom/Data:Mapnew/type/708/json?action=raw
s2vc1h4h3g,采集,708,睡铃,,-521,973,G,1776506233996,4,https://wiki.biligame.com/rocom/Data:Mapnew/type/708/json?action=raw
238s7nv0utg,采集,708,睡铃,,-581,1041,G,1776506291972,4,https://wiki.biligame.com/rocom/Data:Mapnew/type/708/json?action=raw
190k54s2ppm,采集,708,睡铃,,-641,1065,G,1776506292906,4,https://wiki.biligame.com/rocom/Data:Mapnew/type/708/json?action=raw
ee5mutx97w,采集,708,睡铃,,-630,1098,G,1776506339820,4,https://wiki.biligame.com/rocom/Data:Mapnew/type/708/json?action=raw
2f98jxbmms0,采集,708,睡铃,,-576,975,G,1776506411984,4,https://wiki.biligame.com/rocom/Data:Mapnew/type/708/json?action=raw
1wcnk3ory46,采集,708,睡铃,,-506,1307,G,1776506775926,4,https://wiki.biligame.com/rocom/Data:Mapnew/type/708/json?action=raw
28gniav4z4c,采集,708,睡铃,,-554,1319,G,1776506810829,4,https://wiki.biligame.com/rocom/Data:Mapnew/type/708/json?action=raw
ix7nxteq23,采集,708,睡铃,,-379,1329,G,1776506899563,4,https://wiki.biligame.com/rocom/Data:Mapnew/type/708/json?action=raw
18879n1zrba,采集,708,睡铃,,-303,1298,G,1776506929670,4,https://wiki.biligame.com/rocom/Data:Mapnew/type/708/json?action=raw
y6n43xnbv9,采集,708,睡铃,,-324,1194,G,1776506988757,4,https://wiki.biligame.com/rocom/Data:Mapnew/type/708/json?action=raw
1tw1bos45c6,采集,708,睡铃,,38,1463,G,1776507666438,4,https://wiki.biligame.com/rocom/Data:Mapnew/type/708/json?action=raw
p0zg09xvsj,采集,708,睡铃,,44,1467,G,1776507668531,4,https://wiki.biligame.com/rocom/Data:Mapnew/type/708/json?action=raw
118j0567o8e,采集,708,睡铃,,-133,1539,G,1776507875438,4,https://wiki.biligame.com/rocom/Data:Mapnew/type/708/json?action=raw
yyzzlon8dj,采集,708,睡铃,,-79,1546,G,1776507889191,4,https://wiki.biligame.com/rocom/Data:Mapnew/type/708/json?action=raw
1aan2b4j5a3,采集,708,睡铃,,-79,1556,G,1776507900284,4,https://wiki.biligame.com/rocom/Data:Mapnew/type/708/json?action=raw
qssev6oo9l,采集,708,睡铃,,-75,1651,G,1776508015321,4,https://wiki.biligame.com/rocom/Data:Mapnew/type/708/json?action=raw
2g551csutve,采集,708,睡铃,,-59,1654,G,1776508022458,4,https://wiki.biligame.com/rocom/Data:Mapnew/type/708/json?action=raw
2o7t05l5owo,采集,708,睡铃,,38,1815,G,1776508147289,4,https://wiki.biligame.com/rocom/Data:Mapnew/type/708/json?action=raw
zuwh1544fo,采集,708,睡铃,,-283,1605,G,1776508225652,4,https://wiki.biligame.com/rocom/Data:Mapnew/type/708/json?action=raw
1w93y5zyayb,采集,708,睡铃,,-670,1429,G,1776508429043,4,https://wiki.biligame.com/rocom/Data:Mapnew/type/708/json?action=raw
27vduol984l,采集,708,睡铃,,-681,1422,G,1776508429925,4,https://wiki.biligame.com/rocom/Data:Mapnew/type/708/json?action=raw
1zp69y38j5r,采集,708,睡铃,,-678,1352,G,1776508456447,4,https://wiki.biligame.com/rocom/Data:Mapnew/type/708/json?action=raw
yktjutsgij,采集,708,睡铃,,-809,1409,G,1776508520347,4,https://wiki.biligame.com/rocom/Data:Mapnew/type/708/json?action=raw
1ym6kr951t5,采集,708,睡铃,,-226,-354,G,1776753323369,4,https://wiki.biligame.com/rocom/Data:Mapnew/type/708/json?action=raw
ncq375hw3b,采集,708,睡铃,,-702,388,G,1776753372599,4,https://wiki.biligame.com/rocom/Data:Mapnew/type/708/json?action=raw
g9i7rjd1cn,采集,708,睡铃,,-634,222,G,1776753399575,4,https://wiki.biligame.com/rocom/Data:Mapnew/type/708/json?action=raw
2dvm0xddo9d,采集,708,睡铃,,-600,203,G,1776753413393,4,https://wiki.biligame.com/rocom/Data:Mapnew/type/708/json?action=raw
2hwy0bri98c,采集,708,睡铃,,-681,113,G,1776753436221,4,https://wiki.biligame.com/rocom/Data:Mapnew/type/708/json?action=raw
1x50fpi3mwv,采集,708,睡铃,,-657,120,G,1776753450175,4,https://wiki.biligame.com/rocom/Data:Mapnew/type/708/json?action=raw
2b7wkn0loan,采集,708,睡铃,,-625,89,G,1776753461823,4,https://wiki.biligame.com/rocom/Data:Mapnew/type/708/json?action=raw
1fplkxm5q00,采集,708,睡铃,,-649,71,G,1776753470688,4,https://wiki.biligame.com/rocom/Data:Mapnew/type/708/json?action=raw
2afjpbe7uf2,采集,708,睡铃,,-472,-741,G,1777123106750,4,https://wiki.biligame.com/rocom/Data:Mapnew/type/708/json?action=raw
1djm6hym988,采集,708,睡铃,,-329,-712,G,1777123368504,4,https://wiki.biligame.com/rocom/Data:Mapnew/type/708/json?action=raw
77e5rpcuq6,采集,708,睡铃,,-303,-763,G,1777123416975,4,https://wiki.biligame.com/rocom/Data:Mapnew/type/708/json?action=raw
2ib4g8r0nlw,采集,708,睡铃,,-285,-766,G,1777123422852,4,https://wiki.biligame.com/rocom/Data:Mapnew/type/708/json?action=raw
29qqfrdrg6p,采集,708,睡铃,,-219,-731,G,1777123439537,4,https://wiki.biligame.com/rocom/Data:Mapnew/type/708/json?action=raw
1tzkxwojst7,采集,708,睡铃,,-73,-744,G,1777123459227,4,https://wiki.biligame.com/rocom/Data:Mapnew/type/708/json?action=raw
16y4cqxkkgl,采集,708,睡铃,,-82,-792,G,1777123478933,4,https://wiki.biligame.com/rocom/Data:Mapnew/type/708/json?action=raw
152rryb8gsy,采集,708,睡铃,,-37,-781,G,1777123494418,4,https://wiki.biligame.com/rocom/Data:Mapnew/type/708/json?action=raw
28r9x0sm1dj,采集,710,石耳,,-1858,-2432,G,1743660326007,4,https://wiki.biligame.com/rocom/Data:Mapnew/type/710/json?action=raw
1e8f0oka3jh,采集,710,石耳,,-1815,-2381,G,1743660393581,4,https://wiki.biligame.com/rocom/Data:Mapnew/type/710/json?action=raw
17jdkzte72s,采集,710,石耳,,-1923,-2438,G,1743660450900,4,https://wiki.biligame.com/rocom/Data:Mapnew/type/710/json?action=raw
2plf46e0jc0,采集,710,石耳,,-1548,-2304,G,1743660820448,4,https://wiki.biligame.com/rocom/Data:Mapnew/type/710/json?action=raw
1l102jyf2cl,采集,710,石耳,,-898,-2548,G,1744200239013,4,https://wiki.biligame.com/rocom/Data:Mapnew/type/710/json?action=raw
u1r3xj4fwq,采集,710,石耳,,-842,-2585,G,1744200241290,4,https://wiki.biligame.com/rocom/Data:Mapnew/type/710/json?action=raw
2cw5ite1o6u,采集,710,石耳,,252,919,G,1744657199798,4,https://wiki.biligame.com/rocom/Data:Mapnew/type/710/json?action=raw
12t8chw64rn,采集,710,石耳,,120,964,G,1744657375651,4,https://wiki.biligame.com/rocom/Data:Mapnew/type/710/json?action=raw
1r8bgrohghh,采集,710,石耳,,134,918,G,1744657404341,4,https://wiki.biligame.com/rocom/Data:Mapnew/type/710/json?action=raw
qelkhkgkeu,采集,710,石耳,,177,852,G,1744657466198,4,https://wiki.biligame.com/rocom/Data:Mapnew/type/710/json?action=raw
2hbnxyoldsi,采集,710,石耳,,4,2162,G,1744659220754,4,https://wiki.biligame.com/rocom/Data:Mapnew/type/710/json?action=raw
1thuhb7642j,采集,710,石耳,,18,2071,G,1744659266843,4,https://wiki.biligame.com/rocom/Data:Mapnew/type/710/json?action=raw
mkcsyn5rgz,采集,710,石耳,,15,2262,G,1744659478867,4,https://wiki.biligame.com/rocom/Data:Mapnew/type/710/json?action=raw
13p4txefxsv,采集,710,石耳,,142,2621,G,1744660740831,4,https://wiki.biligame.com/rocom/Data:Mapnew/type/710/json?action=raw
361rgftova,采集,710,石耳,,182,2606,G,1744660775462,4,https://wiki.biligame.com/rocom/Data:Mapnew/type/710/json?action=raw
26zgymfq0jm,采集,710,石耳,,208,2624,G,1744660786242,4,https://wiki.biligame.com/rocom/Data:Mapnew/type/710/json?action=raw
2h8hwfcr93,采集,710,石耳,,353,2749,G,1744661083127,4,https://wiki.biligame.com/rocom/Data:Mapnew/type/710/json?action=raw
2fqy6z8vwaw,采集,710,石耳,,519,2642,G,1744661260616,4,https://wiki.biligame.com/rocom/Data:Mapnew/type/710/json?action=raw
jwncobfc7c,采集,710,石耳,,563,2651,G,1744661280392,4,https://wiki.biligame.com/rocom/Data:Mapnew/type/710/json?action=raw
27vdg1wbm8m,采集,710,石耳,,641,2577,G,1744661342550,4,https://wiki.biligame.com/rocom/Data:Mapnew/type/710/json?action=raw
2i0h7iqm5uw,采集,710,石耳,,485,2396,G,1744661518631,4,https://wiki.biligame.com/rocom/Data:Mapnew/type/710/json?action=raw
bc9cvpmu14,采集,710,石耳,,-1108,-1039,G,1746158614152,4,https://wiki.biligame.com/rocom/Data:Mapnew/type/710/json?action=raw
2d38rdnl4x1,采集,710,石耳,,-1071,-1100,G,1746158651173,4,https://wiki.biligame.com/rocom/Data:Mapnew/type/710/json?action=raw
29qq1ja4vbr,采集,710,石耳,,-1020,-1112,G,1746158665111,4,https://wiki.biligame.com/rocom/Data:Mapnew/type/710/json?action=raw
ydpy1gsym9,采集,710,石耳,,-1061,-1113,G,1746158916161,4,https://wiki.biligame.com/rocom/Data:Mapnew/type/710/json?action=raw
26hqxo3qzp3,采集,710,石耳,崖壁,-1982,-2394,G,1746248133175,4,https://wiki.biligame.com/rocom/Data:Mapnew/type/710/json?action=raw
1hvku0mf4nw,采集,710,石耳,,-72,-2235,G,1764734966620,4,https://wiki.biligame.com/rocom/Data:Mapnew/type/710/json?action=raw
1f4brsjt14o,采集,710,石耳,,-74,-2201,G,1764734967288,4,https://wiki.biligame.com/rocom/Data:Mapnew/type/710/json?action=raw
2joqtnwolni,采集,710,石耳,,131,-2099,G,1764735176606,4,https://wiki.biligame.com/rocom/Data:Mapnew/type/710/json?action=raw
27oaheg5ez7,采集,710,石耳,,99,-2099,G,1764735177491,4,https://wiki.biligame.com/rocom/Data:Mapnew/type/710/json?action=raw
1vd7bbu702b,采集,710,石耳,,71,-2096,G,1764735178259,4,https://wiki.biligame.com/rocom/Data:Mapnew/type/710/json?action=raw
1mlq2z211n3,采集,710,石耳,,-357,-1152,G,1764736380047,4,https://wiki.biligame.com/rocom/Data:Mapnew/type/710/json?action=raw
1lc9ozedfv,采集,710,石耳,,-409,-1139,G,1764736380555,4,https://wiki.biligame.com/rocom/Data:Mapnew/type/710/json?action=raw
2860j31wlag,采集,710,石耳,,-465,-1130,G,1764736381128,4,https://wiki.biligame.com/rocom/Data:Mapnew/type/710/json?action=raw
2n19jiav094,采集,710,石耳,,-518,-1143,G,1764736382217,4,https://wiki.biligame.com/rocom/Data:Mapnew/type/710/json?action=raw
1juh0qzh9b5,采集,710,石耳,,-357,-1634,G,1764736488545,4,https://wiki.biligame.com/rocom/Data:Mapnew/type/710/json?action=raw
21dfhgl8p6n,采集,710,石耳,,-386,-1639,G,1764736489087,4,https://wiki.biligame.com/rocom/Data:Mapnew/type/710/json?action=raw
17camsxws3c,采集,710,石耳,,-344,-1769,G,1764736493368,4,https://wiki.biligame.com/rocom/Data:Mapnew/type/710/json?action=raw
2i7kom6cp68,采集,710,石耳,,-343,-1750,G,1764736493680,4,https://wiki.biligame.com/rocom/Data:Mapnew/type/710/json?action=raw
hn4lcu9u55,采集,710,石耳,,-972,-1306,G,1764736761561,4,https://wiki.biligame.com/rocom/Data:Mapnew/type/710/json?action=raw
oxfonw1fnh,采集,710,石耳,,-979,-1288,G,1764736762237,4,https://wiki.biligame.com/rocom/Data:Mapnew/type/710/json?action=raw
2cliy8bh7lx,采集,710,石耳,,-959,-1271,G,1764736764869,4,https://wiki.biligame.com/rocom/Data:Mapnew/type/710/json?action=raw
h1uxqjfh9s,采集,710,石耳,,-954,-1235,G,1764736766000,4,https://wiki.biligame.com/rocom/Data:Mapnew/type/710/json?action=raw
1dg2eve5bkj,采集,710,石耳,,-896,-1212,G,1764736766931,4,https://wiki.biligame.com/rocom/Data:Mapnew/type/710/json?action=raw
bmwf840gk8,采集,710,石耳,,-781,-1098,G,1764736772056,4,https://wiki.biligame.com/rocom/Data:Mapnew/type/710/json?action=raw
2abzxotwnk9,采集,710,石耳,,-741,-1085,G,1764736773193,4,https://wiki.biligame.com/rocom/Data:Mapnew/type/710/json?action=raw
2d38zwws8ho,采集,710,石耳,,-434,-2040,G,1764737214972,4,https://wiki.biligame.com/rocom/Data:Mapnew/type/710/json?action=raw
197n7lkoosi,采集,710,石耳,,-427,-2026,G,1764737215362,4,https://wiki.biligame.com/rocom/Data:Mapnew/type/710/json?action=raw
2mu6bmw34v8,采集,710,石耳,,-844,-2239,G,1764737794916,4,https://wiki.biligame.com/rocom/Data:Mapnew/type/710/json?action=raw
1i2o1w3pxfm,采集,710,石耳,,-865,-2289,G,1764737796226,4,https://wiki.biligame.com/rocom/Data:Mapnew/type/710/json?action=raw
3620oh5xzs,采集,710,石耳,,-813,-2279,G,1764737797208,4,https://wiki.biligame.com/rocom/Data:Mapnew/type/710/json?action=raw
2fcs0geph5q,采集,710,石耳,,-775,-2260,G,1764737798430,4,https://wiki.biligame.com/rocom/Data:Mapnew/type/710/json?action=raw
1vuxd0gsk80,采集,710,石耳,,-742,-2259,G,1764737799520,4,https://wiki.biligame.com/rocom/Data:Mapnew/type/710/json?action=raw
1l83jv1kg5k,采集,710,石耳,,-680,-2275,G,1764737801160,4,https://wiki.biligame.com/rocom/Data:Mapnew/type/710/json?action=raw
2cp2k61y51a,采集,710,石耳,,-692,-2805,G,1764737877758,4,https://wiki.biligame.com/rocom/Data:Mapnew/type/710/json?action=raw
1ascyl203s5,采集,710,石耳,,-706,-2769,G,1764737878309,4,https://wiki.biligame.com/rocom/Data:Mapnew/type/710/json?action=raw
282gx5d0dpm,采集,710,石耳,,-758,-2451,G,1764737914474,4,https://wiki.biligame.com/rocom/Data:Mapnew/type/710/json?action=raw
mrga24yk4d,采集,710,石耳,,-781,-2466,G,1764737918557,4,https://wiki.biligame.com/rocom/Data:Mapnew/type/710/json?action=raw
1wudgdmzs9i,采集,710,石耳,,-958,-2749,G,1764738008022,4,https://wiki.biligame.com/rocom/Data:Mapnew/type/710/json?action=raw
23myi03q1ja,采集,710,石耳,,-989,-2786,G,1764738010438,4,https://wiki.biligame.com/rocom/Data:Mapnew/type/710/json?action=raw
2aj35ka9cnj,采集,710,石耳,,-1013,-2795,G,1764738011727,4,https://wiki.biligame.com/rocom/Data:Mapnew/type/710/json?action=raw
2c09am1dji1,采集,710,石耳,,-1041,-2782,G,1764738014457,4,https://wiki.biligame.com/rocom/Data:Mapnew/type/710/json?action=raw
1gsl4pscotr,采集,710,石耳,,-1054,-2762,G,1764738017455,4,https://wiki.biligame.com/rocom/Data:Mapnew/type/710/json?action=raw
1brt1y85xh0,采集,710,石耳,,-1071,-2710,G,1764738021556,4,https://wiki.biligame.com/rocom/Data:Mapnew/type/710/json?action=raw
gk4w1z510v,采集,710,石耳,,-1060,-2713,G,1764738022255,4,https://wiki.biligame.com/rocom/Data:Mapnew/type/710/json?action=raw
1tw16a4rvt1,采集,710,石耳,,-1084,-2671,G,1764738024901,4,https://wiki.biligame.com/rocom/Data:Mapnew/type/710/json?action=raw
17camsytrkg,采集,710,石耳,,-1111,-2673,G,1764738032336,4,https://wiki.biligame.com/rocom/Data:Mapnew/type/710/json?action=raw
14z80brg0fv,采集,710,石耳,,-1131,-2654,G,1764738035003,4,https://wiki.biligame.com/rocom/Data:Mapnew/type/710/json?action=raw
1hky07itwut,采集,710,石耳,,-1142,-2603,G,1764738046357,4,https://wiki.biligame.com/rocom/Data:Mapnew/type/710/json?action=raw
hu7t8atsnw,采集,710,石耳,,-1392,-1663,G,1764738338908,4,https://wiki.biligame.com/rocom/Data:Mapnew/type/710/json?action=raw
2dac7sd2kmd,采集,710,石耳,,-1395,-1645,G,1764738343397,4,https://wiki.biligame.com/rocom/Data:Mapnew/type/710/json?action=raw
1azg6ghzme2,采集,710,石耳,,-1466,-1017,G,1764738501914,4,https://wiki.biligame.com/rocom/Data:Mapnew/type/710/json?action=raw
2k6gvcjp9u4,采集,710,石耳,,-1446,-1017,G,1764738502923,4,https://wiki.biligame.com/rocom/Data:Mapnew/type/710/json?action=raw
rvryrfb0vi,采集,710,石耳,,-1453,-1002,G,1764738503726,4,https://wiki.biligame.com/rocom/Data:Mapnew/type/710/json?action=raw
1wxx2bd48b2,采集,710,石耳,,-1399,-903,G,1764738538510,4,https://wiki.biligame.com/rocom/Data:Mapnew/type/710/json?action=raw
7w79mwdgnc,采集,710,石耳,,-1407,-879,G,1764738538888,4,https://wiki.biligame.com/rocom/Data:Mapnew/type/710/json?action=raw
1zlmilpxcpz,采集,710,石耳,,-1438,-924,G,1764738542503,4,https://wiki.biligame.com/rocom/Data:Mapnew/type/710/json?action=raw
15yo3oxtt5z,采集,710,石耳,,-1438,-1077,G,1764738550247,4,https://wiki.biligame.com/rocom/Data:Mapnew/type/710/json?action=raw
1teb4lk1s7h,采集,710,石耳,,-1433,-1131,G,1764738551053,4,https://wiki.biligame.com/rocom/Data:Mapnew/type/710/json?action=raw
21rlx7hp8g6,采集,710,石耳,,-1416,-1161,G,1764738552838,4,https://wiki.biligame.com/rocom/Data:Mapnew/type/710/json?action=raw
z9mo06wx8s,采集,710,石耳,,-1461,-1319,G,1764738561612,4,https://wiki.biligame.com/rocom/Data:Mapnew/type/710/json?action=raw
re1x2uawcg,采集,710,石耳,,-1482,-1365,G,1764738562112,4,https://wiki.biligame.com/rocom/Data:Mapnew/type/710/json?action=raw
1hdusc3ivib,采集,710,石耳,,-1491,-1471,G,1764738564867,4,https://wiki.biligame.com/rocom/Data:Mapnew/type/710/json?action=raw
gurpv4vwb5,采集,710,石耳,,-1459,-1539,G,1764738565457,4,https://wiki.biligame.com/rocom/Data:Mapnew/type/710/json?action=raw
u8ul8mrjpf,采集,710,石耳,,-1088,-1162,G,1764738630275,4,https://wiki.biligame.com/rocom/Data:Mapnew/type/710/json?action=raw
1kjaab1epag,采集,710,石耳,,-1062,-1170,G,1764738630792,4,https://wiki.biligame.com/rocom/Data:Mapnew/type/710/json?action=raw
5q7v14ns9t,采集,710,石耳,,-1066,-1153,G,1764738631393,4,https://wiki.biligame.com/rocom/Data:Mapnew/type/710/json?action=raw
64earzxqcq,采集,710,石耳,,-1262,-1004,G,1764738708138,4,https://wiki.biligame.com/rocom/Data:Mapnew/type/710/json?action=raw
vx3y5tjia3,采集,710,石耳,,-1259,-982,G,1764738708555,4,https://wiki.biligame.com/rocom/Data:Mapnew/type/710/json?action=raw
m2n0i4s2xy,采集,710,石耳,,-1294,-1071,G,1764738714086,4,https://wiki.biligame.com/rocom/Data:Mapnew/type/710/json?action=raw
10qst1y4bwj,采集,710,石耳,,-1293,-1088,G,1764738714435,4,https://wiki.biligame.com/rocom/Data:Mapnew/type/710/json?action=raw
1j5nr705gf3,采集,710,石耳,,-1295,-1098,G,1764738715231,4,https://wiki.biligame.com/rocom/Data:Mapnew/type/710/json?action=raw
15deg2n2zcf,采集,710,石耳,,-1192,-1206,G,1764738719343,4,https://wiki.biligame.com/rocom/Data:Mapnew/type/710/json?action=raw
1m0gfcskqx8,采集,710,石耳,,-1165,-1208,G,1764738720076,4,https://wiki.biligame.com/rocom/Data:Mapnew/type/710/json?action=raw
1n6zqlet13o,采集,710,石耳,,51,-147,G,1764739624148,4,https://wiki.biligame.com/rocom/Data:Mapnew/type/710/json?action=raw
1ebywaw491y,采集,710,石耳,,32,-127,G,1764739624662,4,https://wiki.biligame.com/rocom/Data:Mapnew/type/710/json?action=raw
6pnyebbvkb,采集,710,石耳,,-12,-24,G,1764739626891,4,https://wiki.biligame.com/rocom/Data:Mapnew/type/710/json?action=raw
njt5jwfsee,采集,710,石耳,,-4,-13,G,1764739627398,4,https://wiki.biligame.com/rocom/Data:Mapnew/type/710/json?action=raw
1sly93u897m,采集,710,石耳,,-1,-19,G,1764739627682,4,https://wiki.biligame.com/rocom/Data:Mapnew/type/710/json?action=raw
db5s5cfypk,采集,710,石耳,,49,-62,G,1764739628408,4,https://wiki.biligame.com/rocom/Data:Mapnew/type/710/json?action=raw
hxrf61einm,采集,710,石耳,,73,-38,G,1764739628786,4,https://wiki.biligame.com/rocom/Data:Mapnew/type/710/json?action=raw
11tsicujwhu,采集,710,石耳,,-404,-154,G,1764739635522,4,https://wiki.biligame.com/rocom/Data:Mapnew/type/710/json?action=raw
159uu4xtk3f,采集,710,石耳,,-388,-173,G,1764739636219,4,https://wiki.biligame.com/rocom/Data:Mapnew/type/710/json?action=raw
1c5zhp4cuvu,采集,710,石耳,,-475,-195,G,1764739637082,4,https://wiki.biligame.com/rocom/Data:Mapnew/type/710/json?action=raw
1wcnep2xc9c,采集,710,石耳,,-467,-241,G,1764739637840,4,https://wiki.biligame.com/rocom/Data:Mapnew/type/710/json?action=raw
uu48uy7ltk,采集,710,石耳,,-469,-280,G,1764739638328,4,https://wiki.biligame.com/rocom/Data:Mapnew/type/710/json?action=raw
26sdzz2jd7p,采集,710,石耳,,-456,-343,G,1764739639205,4,https://wiki.biligame.com/rocom/Data:Mapnew/type/710/json?action=raw
cbpos6dghw,采集,710,石耳,,-406,-379,G,1764739640004,4,https://wiki.biligame.com/rocom/Data:Mapnew/type/710/json?action=raw
184niaq92g9,采集,710,石耳,,-52,-556,G,1764739651241,4,https://wiki.biligame.com/rocom/Data:Mapnew/type/710/json?action=raw
ydq6kralvl,采集,710,石耳,,-46,-542,G,1764739651649,4,https://wiki.biligame.com/rocom/Data:Mapnew/type/710/json?action=raw
uce76d6jjp,采集,710,石耳,,5,-439,G,1764739652981,4,https://wiki.biligame.com/rocom/Data:Mapnew/type/710/json?action=raw
lhdcvuhric,采集,710,石耳,,7,-423,G,1764739653508,4,https://wiki.biligame.com/rocom/Data:Mapnew/type/710/json?action=raw
2i7kom88gpo,采集,710,石耳,,1,-293,G,1764739655323,4,https://wiki.biligame.com/rocom/Data:Mapnew/type/710/json?action=raw
k7afpiztwi,采集,710,石耳,,-4,-277,G,1764739655714,4,https://wiki.biligame.com/rocom/Data:Mapnew/type/710/json?action=raw
1bkpu2titn6,采集,710,石耳,,8,-256,G,1764739656594,4,https://wiki.biligame.com/rocom/Data:Mapnew/type/710/json?action=raw
nncrhm9ivf,采集,710,石耳,,-105,-231,G,1764739658187,4,https://wiki.biligame.com/rocom/Data:Mapnew/type/710/json?action=raw
sdi0g115ll,采集,710,石耳,,-90,-230,G,1764739658649,4,https://wiki.biligame.com/rocom/Data:Mapnew/type/710/json?action=raw
lz3ekfjbz0,采集,710,石耳,,-242,-405,G,1764739662428,4,https://wiki.biligame.com/rocom/Data:Mapnew/type/710/json?action=raw
2228r0ns93f,采集,710,石耳,,-220,-404,G,1764739662859,4,https://wiki.biligame.com/rocom/Data:Mapnew/type/710/json?action=raw
ufxt42zuf4,采集,710,石耳,,-242,-418,G,1764739663552,4,https://wiki.biligame.com/rocom/Data:Mapnew/type/710/json?action=raw
2jl77q9jtlm,采集,710,石耳,,-279,-460,G,1764739669403,4,https://wiki.biligame.com/rocom/Data:Mapnew/type/710/json?action=raw
1idavpa9bdw,采集,710,石耳,,-268,-501,G,1764739669988,4,https://wiki.biligame.com/rocom/Data:Mapnew/type/710/json?action=raw
8vnd034h2s,采集,710,石耳,,-272,-522,G,1764739670644,4,https://wiki.biligame.com/rocom/Data:Mapnew/type/710/json?action=raw
1ltd7hdizpy,采集,710,石耳,,-275,-473,G,1764739671639,4,https://wiki.biligame.com/rocom/Data:Mapnew/type/710/json?action=raw
1dg2evfvr3c,采集,710,石耳,,-812,-436,G,1764739679720,4,https://wiki.biligame.com/rocom/Data:Mapnew/type/710/json?action=raw
2c7cihhze63,采集,710,石耳,,-811,-418,G,1764739680123,4,https://wiki.biligame.com/rocom/Data:Mapnew/type/710/json?action=raw
1pcz576lxak,采集,710,石耳,,-722,-336,G,1764739681740,4,https://wiki.biligame.com/rocom/Data:Mapnew/type/710/json?action=raw
25peao6ohg7,采集,710,石耳,,-736,-318,G,1764739683415,4,https://wiki.biligame.com/rocom/Data:Mapnew/type/710/json?action=raw
2c3swjs6it7,采集,710,石耳,,-746,-263,G,1764739689659,4,https://wiki.biligame.com/rocom/Data:Mapnew/type/710/json?action=raw
16jxrb9cpqb,采集,710,石耳,,-721,-275,G,1764739691075,4,https://wiki.biligame.com/rocom/Data:Mapnew/type/710/json?action=raw
1qqlob7xl2h,采集,710,石耳,,-735,-206,G,1764739709929,4,https://wiki.biligame.com/rocom/Data:Mapnew/type/710/json?action=raw
1xttjqu318l,采集,710,石耳,,-713,-205,G,1764739710725,4,https://wiki.biligame.com/rocom/Data:Mapnew/type/710/json?action=raw
28utsn4jhtg,采集,710,石耳,,-758,-153,G,1764739711220,4,https://wiki.biligame.com/rocom/Data:Mapnew/type/710/json?action=raw
1vz3i6szrd,采集,710,石耳,,-738,-151,G,1764739711497,4,https://wiki.biligame.com/rocom/Data:Mapnew/type/710/json?action=raw
1vrdr2s4hh6,采集,710,石耳,,-780,-103,G,1764739712378,4,https://wiki.biligame.com/rocom/Data:Mapnew/type/710/json?action=raw
1f7vdqcftiu,采集,710,石耳,,-794,-75,G,1764739712822,4,https://wiki.biligame.com/rocom/Data:Mapnew/type/710/json?action=raw
1e8fad6d31o,采集,710,石耳,,-841,-36,G,1764739713708,4,https://wiki.biligame.com/rocom/Data:Mapnew/type/710/json?action=raw
2ekf4ypdxjn,采集,710,石耳,,-822,-32,G,1764739714067,4,https://wiki.biligame.com/rocom/Data:Mapnew/type/710/json?action=raw
2cefqcxmuv7,采集,710,石耳,,-1034,44,G,1764739741379,4,https://wiki.biligame.com/rocom/Data:Mapnew/type/710/json?action=raw
232bdmfsih,采集,710,石耳,,-1005,10,G,1764739741721,4,https://wiki.biligame.com/rocom/Data:Mapnew/type/710/json?action=raw
1r18i4ddt73,采集,710,石耳,,-900,92,G,1764739756559,4,https://wiki.biligame.com/rocom/Data:Mapnew/type/710/json?action=raw
1ywt91pzut0,采集,710,石耳,,-926,98,G,1764739756980,4,https://wiki.biligame.com/rocom/Data:Mapnew/type/710/json?action=raw
14aeqrrteqc,采集,710,石耳,,-958,110,G,1764739757780,4,https://wiki.biligame.com/rocom/Data:Mapnew/type/710/json?action=raw
1g08982xe74,采集,710,石耳,,-976,131,G,1764739758112,4,https://wiki.biligame.com/rocom/Data:Mapnew/type/710/json?action=raw
232bdmg6cs,采集,710,石耳,,-1071,259,G,1764739759660,4,https://wiki.biligame.com/rocom/Data:Mapnew/type/710/json?action=raw
2nmj74npuuy,采集,710,石耳,,-1082,273,G,1764739759994,4,https://wiki.biligame.com/rocom/Data:Mapnew/type/710/json?action=raw
mrga2621pz,采集,710,石耳,,-1111,311,G,1764739760951,4,https://wiki.biligame.com/rocom/Data:Mapnew/type/710/json?action=raw
lvjsmpsdjl,采集,710,石耳,,-1124,331,G,1764739761297,4,https://wiki.biligame.com/rocom/Data:Mapnew/type/710/json?action=raw
ij12scbw5i,采集,710,石耳,,-1100,289,G,1764739765126,4,https://wiki.biligame.com/rocom/Data:Mapnew/type/710/json?action=raw
1pnm3p52r3m,采集,710,石耳,,-1529,-466,G,1774946782898,4,https://wiki.biligame.com/rocom/Data:Mapnew/type/710/json?action=raw
1b6jj0rcq5t,采集,710,石耳,,-1500,-332,G,1774946785905,4,https://wiki.biligame.com/rocom/Data:Mapnew/type/710/json?action=raw
22nijhrf0rg,采集,710,石耳,,-481,-2293,G,1775309127836,4,https://wiki.biligame.com/rocom/Data:Mapnew/type/710/json?action=raw
2edc1y2jxrv,采集,710,石耳,,-478,-2358,G,1775309171643,4,https://wiki.biligame.com/rocom/Data:Mapnew/type/710/json?action=raw
1rbvgsbkr6a,采集,710,石耳,,-475,-2400,G,1775309193618,4,https://wiki.biligame.com/rocom/Data:Mapnew/type/710/json?action=raw
2bt689b6ewy,采集,710,石耳,,-321,-215,G,1776753008642,4,https://wiki.biligame.com/rocom/Data:Mapnew/type/710/json?action=raw
x3nex48sbe,采集,710,石耳,,-307,-175,G,1776753019226,4,https://wiki.biligame.com/rocom/Data:Mapnew/type/710/json?action=raw
1udrdhf8s7w,采集,710,石耳,,-241,-152,G,1776753042397,4,https://wiki.biligame.com/rocom/Data:Mapnew/type/710/json?action=raw
2l9gayubj4s,采集,711,伞伞菌,,-1728,-2402,G,1743660555165,4,https://wiki.biligame.com/rocom/Data:Mapnew/type/711/json?action=raw
7i0k7g1we9,采集,711,伞伞菌,,-1481,-2346,G,1743660885569,4,https://wiki.biligame.com/rocom/Data:Mapnew/type/711/json?action=raw
2600v98sfqv,采集,711,伞伞菌,,-71,2045,G,1744659348151,4,https://wiki.biligame.com/rocom/Data:Mapnew/type/711/json?action=raw
k3qkjq1dhc,采集,711,伞伞菌,,219,2311,G,1744659595392,4,https://wiki.biligame.com/rocom/Data:Mapnew/type/711/json?action=raw
1py8jleby5k,采集,711,伞伞菌,,294,2314,G,1744659665832,4,https://wiki.biligame.com/rocom/Data:Mapnew/type/711/json?action=raw
2fnel1i7w6t,采集,711,伞伞菌,,340,2549,G,1744659817653,4,https://wiki.biligame.com/rocom/Data:Mapnew/type/711/json?action=raw
icb62j60l,采集,711,伞伞菌,,303,2687,G,1744659959605,4,https://wiki.biligame.com/rocom/Data:Mapnew/type/711/json?action=raw
1oysg88hghx,采集,711,伞伞菌,,374,2623,G,1744660051397,4,https://wiki.biligame.com/rocom/Data:Mapnew/type/711/json?action=raw
2b7w5w91kco,采集,711,伞伞菌,,425,2586,G,1744660100680,4,https://wiki.biligame.com/rocom/Data:Mapnew/type/711/json?action=raw
39lde5praq,采集,711,伞伞菌,,248,2741,G,1744660915058,4,https://wiki.biligame.com/rocom/Data:Mapnew/type/711/json?action=raw
otvti5pffw,采集,711,伞伞菌,,377,2739,G,1744661108588,4,https://wiki.biligame.com/rocom/Data:Mapnew/type/711/json?action=raw
pwvit1mhb0,采集,711,伞伞菌,,428,2676,G,1744661165596,4,https://wiki.biligame.com/rocom/Data:Mapnew/type/711/json?action=raw
2b4cjyjvsiw,采集,711,伞伞菌,,455,2656,G,1744661187880,4,https://wiki.biligame.com/rocom/Data:Mapnew/type/711/json?action=raw
fkojgrucl0,采集,711,伞伞菌,,475,2683,G,1744661202484,4,https://wiki.biligame.com/rocom/Data:Mapnew/type/711/json?action=raw
1kjaaaywala,采集,711,伞伞菌,,789,-1897,G,1764734412702,4,https://wiki.biligame.com/rocom/Data:Mapnew/type/711/json?action=raw
73ue53gh0w,采集,711,伞伞菌,,743,-1888,G,1764734415152,4,https://wiki.biligame.com/rocom/Data:Mapnew/type/711/json?action=raw
z2jg4ou0hz,采集,711,伞伞菌,,741,-1845,G,1764734420487,4,https://wiki.biligame.com/rocom/Data:Mapnew/type/711/json?action=raw
2d38zwv4gof,采集,711,伞伞菌,,668,-1891,G,1764734426223,4,https://wiki.biligame.com/rocom/Data:Mapnew/type/711/json?action=raw
1jcqz2d8m9t,采集,711,伞伞菌,,640,-1780,G,1764734470081,4,https://wiki.biligame.com/rocom/Data:Mapnew/type/711/json?action=raw
2nbwdbf7zn6,采集,711,伞伞菌,,1071,-2116,G,1764734597938,4,https://wiki.biligame.com/rocom/Data:Mapnew/type/711/json?action=raw
14s4sg9st38,采集,711,伞伞菌,,923,-2102,G,1764734626628,4,https://wiki.biligame.com/rocom/Data:Mapnew/type/711/json?action=raw
1yf37d1wlj5,采集,711,伞伞菌,,865,-2107,G,1764734630401,4,https://wiki.biligame.com/rocom/Data:Mapnew/type/711/json?action=raw
10n9745vqr7,采集,711,伞伞菌,,866,-2092,G,1764734631475,4,https://wiki.biligame.com/rocom/Data:Mapnew/type/711/json?action=raw
1gav315ffj8,采集,711,伞伞菌,,322,-2248,G,1764734850404,4,https://wiki.biligame.com/rocom/Data:Mapnew/type/711/json?action=raw
mgtg8xplh5,采集,711,伞伞菌,,364,-2194,G,1764734851577,4,https://wiki.biligame.com/rocom/Data:Mapnew/type/711/json?action=raw
2ksd24n74w,采集,711,伞伞菌,,-194,-2213,G,1764734984160,4,https://wiki.biligame.com/rocom/Data:Mapnew/type/711/json?action=raw
1qxow6ks72g,采集,711,伞伞菌,,-235,-2232,G,1764735065800,4,https://wiki.biligame.com/rocom/Data:Mapnew/type/711/json?action=raw
1yf37d264hq,采集,711,伞伞菌,,-307,-2249,G,1764735074878,4,https://wiki.biligame.com/rocom/Data:Mapnew/type/711/json?action=raw
212snnf0ihw,采集,711,伞伞菌,,-397,-2415,G,1764735137956,4,https://wiki.biligame.com/rocom/Data:Mapnew/type/711/json?action=raw
77e02tp3nc,采集,711,伞伞菌,,-374,-2480,G,1764735140792,4,https://wiki.biligame.com/rocom/Data:Mapnew/type/711/json?action=raw
1qjigfpn4kq,采集,711,伞伞菌,,14,-2061,G,1764735216618,4,https://wiki.biligame.com/rocom/Data:Mapnew/type/711/json?action=raw
28nqkrm91wb,采集,711,伞伞菌,,-68,-2091,G,1764735218651,4,https://wiki.biligame.com/rocom/Data:Mapnew/type/711/json?action=raw
e3inn0a3p1,采集,711,伞伞菌,,-67,-2072,G,1764735221045,4,https://wiki.biligame.com/rocom/Data:Mapnew/type/711/json?action=raw
ij12s9mly3,采集,711,伞伞菌,,-47,-2013,G,1764735226267,4,https://wiki.biligame.com/rocom/Data:Mapnew/type/711/json?action=raw
1cgmbi75wb6,采集,711,伞伞菌,,-231,-1988,G,1764735242707,4,https://wiki.biligame.com/rocom/Data:Mapnew/type/711/json?action=raw
1627pmlov1t,采集,711,伞伞菌,,-133,-2045,G,1764735283249,4,https://wiki.biligame.com/rocom/Data:Mapnew/type/711/json?action=raw
njt5jugv3q,采集,711,伞伞菌,,-330,-1077,G,1764736318326,4,https://wiki.biligame.com/rocom/Data:Mapnew/type/711/json?action=raw
1l4jxxavmg0,采集,711,伞伞菌,,-369,-1026,G,1764736319840,4,https://wiki.biligame.com/rocom/Data:Mapnew/type/711/json?action=raw
vx3y5s4br4,采集,711,伞伞菌,,-391,-1065,G,1764736320640,4,https://wiki.biligame.com/rocom/Data:Mapnew/type/711/json?action=raw
10ucezmicum,采集,711,伞伞菌,,-491,-994,G,1764736332686,4,https://wiki.biligame.com/rocom/Data:Mapnew/type/711/json?action=raw
1i2o1w2ukpe,采集,711,伞伞菌,,-524,-989,G,1764736333394,4,https://wiki.biligame.com/rocom/Data:Mapnew/type/711/json?action=raw
rl54y8lg7v,采集,711,伞伞菌,,-581,-935,G,1764736341339,4,https://wiki.biligame.com/rocom/Data:Mapnew/type/711/json?action=raw
ls06oxy1ko,采集,711,伞伞菌,,-627,-935,G,1764736343416,4,https://wiki.biligame.com/rocom/Data:Mapnew/type/711/json?action=raw
18px5wz4pei,采集,711,伞伞菌,,-669,-964,G,1764736347290,4,https://wiki.biligame.com/rocom/Data:Mapnew/type/711/json?action=raw
2f256n8f8a8,采集,711,伞伞菌,,-736,-950,G,1764736351152,4,https://wiki.biligame.com/rocom/Data:Mapnew/type/711/json?action=raw
hqo7ajvdyi,采集,711,伞伞菌,,-574,-1378,G,1764736410474,4,https://wiki.biligame.com/rocom/Data:Mapnew/type/711/json?action=raw
d42k9ux7ip,采集,711,伞伞菌,,-805,-1389,G,1764736427601,4,https://wiki.biligame.com/rocom/Data:Mapnew/type/711/json?action=raw
c4mgwourz1,采集,711,伞伞菌,,-543,-1478,G,1764736442653,4,https://wiki.biligame.com/rocom/Data:Mapnew/type/711/json?action=raw
1gav316e4fv,采集,711,伞伞菌,,-378,-1543,G,1764736468987,4,https://wiki.biligame.com/rocom/Data:Mapnew/type/711/json?action=raw
21o2b9qnjvm,采集,711,伞伞菌,,-406,-1510,G,1764736471650,4,https://wiki.biligame.com/rocom/Data:Mapnew/type/711/json?action=raw
yyzu70ae5f,采集,711,伞伞菌,,-644,-1743,G,1764736541219,4,https://wiki.biligame.com/rocom/Data:Mapnew/type/711/json?action=raw
1p5vxbp4mlt,采集,711,伞伞菌,,-781,-1815,G,1764736548977,4,https://wiki.biligame.com/rocom/Data:Mapnew/type/711/json?action=raw
1jju6xu3dr4,采集,711,伞伞菌,,-879,-1827,G,1764736551520,4,https://wiki.biligame.com/rocom/Data:Mapnew/type/711/json?action=raw
kznb77m081,采集,711,伞伞菌,,-958,-1779,G,1764736556449,4,https://wiki.biligame.com/rocom/Data:Mapnew/type/711/json?action=raw
1vrdr2qa3ov,采集,711,伞伞菌,,-1146,-1753,G,1764736615215,4,https://wiki.biligame.com/rocom/Data:Mapnew/type/711/json?action=raw
1q1ser5gl2i,采集,711,伞伞菌,,-1321,-1674,G,1764736655274,4,https://wiki.biligame.com/rocom/Data:Mapnew/type/711/json?action=raw
n96bqp922b,采集,711,伞伞菌,,-1309,-1603,G,1764736664499,4,https://wiki.biligame.com/rocom/Data:Mapnew/type/711/json?action=raw
1yf37d348ou,采集,711,伞伞菌,,-1288,-1510,G,1764736666622,4,https://wiki.biligame.com/rocom/Data:Mapnew/type/711/json?action=raw
18tgrup4p0n,采集,711,伞伞菌,,-1194,-1625,G,1764736669863,4,https://wiki.biligame.com/rocom/Data:Mapnew/type/711/json?action=raw
1i67ntsuwq8,采集,711,伞伞菌,,-1205,-1546,G,1764736672048,4,https://wiki.biligame.com/rocom/Data:Mapnew/type/711/json?action=raw
c862ueszg2,采集,711,伞伞菌,,-1158,-1462,G,1764736682098,4,https://wiki.biligame.com/rocom/Data:Mapnew/type/711/json?action=raw
1q8vmml3qzn,采集,711,伞伞菌,,-952,-1398,G,1764736702563,4,https://wiki.biligame.com/rocom/Data:Mapnew/type/711/json?action=raw
nxzlapxg3o,采集,711,伞伞菌,,-895,-1438,G,1764736704708,4,https://wiki.biligame.com/rocom/Data:Mapnew/type/711/json?action=raw
133vfj4modd,采集,711,伞伞菌,,-422,-2138,G,1764737246433,4,https://wiki.biligame.com/rocom/Data:Mapnew/type/711/json?action=raw
o1j78g31h9,采集,711,伞伞菌,,-676,-2056,G,1764737288765,4,https://wiki.biligame.com/rocom/Data:Mapnew/type/711/json?action=raw
2eylkpj6b8v,采集,711,伞伞菌,,-568,-2153,G,1764737291631,4,https://wiki.biligame.com/rocom/Data:Mapnew/type/711/json?action=raw
ng9jm59pd0,采集,711,伞伞菌,,-707,-2244,G,1764737340836,4,https://wiki.biligame.com/rocom/Data:Mapnew/type/711/json?action=raw
2poyzso9rpm,采集,711,伞伞菌,,-545,-2223,G,1764737395850,4,https://wiki.biligame.com/rocom/Data:Mapnew/type/711/json?action=raw
2h11ddl78j2,采集,711,伞伞菌,,-593,-2281,G,1764737400814,4,https://wiki.biligame.com/rocom/Data:Mapnew/type/711/json?action=raw
1cusr93ruvc,采集,711,伞伞菌,,-1165,-2110,G,1764737559560,4,https://wiki.biligame.com/rocom/Data:Mapnew/type/711/json?action=raw
bmwf84i4rs,采集,711,伞伞菌,,-1121,-2384,G,1764737596584,4,https://wiki.biligame.com/rocom/Data:Mapnew/type/711/json?action=raw
esbx72czwq,采集,711,伞伞菌,,-1017,-2364,G,1764737617610,4,https://wiki.biligame.com/rocom/Data:Mapnew/type/711/json?action=raw
2hmb0zw79d0,采集,711,伞伞菌,,-2098,-2376,G,1764737660709,4,https://wiki.biligame.com/rocom/Data:Mapnew/type/711/json?action=raw
4ubdlo9ppi,采集,711,伞伞菌,,-1610,-1201,G,1764738426470,4,https://wiki.biligame.com/rocom/Data:Mapnew/type/711/json?action=raw
190jzq5srl3,采集,711,伞伞菌,,-1623,-1268,G,1764738439079,4,https://wiki.biligame.com/rocom/Data:Mapnew/type/711/json?action=raw
1hsnrau9mf,采集,711,伞伞菌,,-1833,-1255,G,1764738478647,4,https://wiki.biligame.com/rocom/Data:Mapnew/type/711/json?action=raw
1y4gdjys1ng,采集,711,伞伞菌,,-1777,-1271,G,1764738487644,4,https://wiki.biligame.com/rocom/Data:Mapnew/type/711/json?action=raw
1s7rtcybmrk,采集,711,伞伞菌,,-1731,-1089,G,1764738492928,4,https://wiki.biligame.com/rocom/Data:Mapnew/type/711/json?action=raw
1sien63u8nh,采集,711,伞伞菌,,-1210,-1263,G,1764738650701,4,https://wiki.biligame.com/rocom/Data:Mapnew/type/711/json?action=raw
1hab6edruiy,采集,711,伞伞菌,,-1400,-1436,G,1764738660426,4,https://wiki.biligame.com/rocom/Data:Mapnew/type/711/json?action=raw
1s0olhit35q,采集,711,伞伞菌,,-1448,-1384,G,1764738661182,4,https://wiki.biligame.com/rocom/Data:Mapnew/type/711/json?action=raw
1i9r9rjwwo0,采集,711,伞伞菌,,-445,-311,G,1764738767968,4,https://wiki.biligame.com/rocom/Data:Mapnew/type/711/json?action=raw
1xj6pxo3ni6,采集,711,伞伞菌,,-363,-254,G,1764738770366,4,https://wiki.biligame.com/rocom/Data:Mapnew/type/711/json?action=raw
2ds29gyd3ts,采集,711,伞伞菌,,-358,-261,G,1764738770592,4,https://wiki.biligame.com/rocom/Data:Mapnew/type/711/json?action=raw
x03ngpguwf,采集,711,伞伞菌,,-217,-142,G,1764738779503,4,https://wiki.biligame.com/rocom/Data:Mapnew/type/711/json?action=raw
1qfyui1yhvd,采集,711,伞伞菌,,35,-257,G,1764738783225,4,https://wiki.biligame.com/rocom/Data:Mapnew/type/711/json?action=raw
c12uz0g3rz,采集,711,伞伞菌,,490,-396,G,1764738794271,4,https://wiki.biligame.com/rocom/Data:Mapnew/type/711/json?action=raw
ydq6kqsdwj,采集,711,伞伞菌,,-64,348,G,1764738801507,4,https://wiki.biligame.com/rocom/Data:Mapnew/type/711/json?action=raw
2m8wo0lubg8,采集,711,伞伞菌,,70,489,G,1764738804345,4,https://wiki.biligame.com/rocom/Data:Mapnew/type/711/json?action=raw
vmh4co6crh,采集,711,伞伞菌,,-35,502,G,1764738805277,4,https://wiki.biligame.com/rocom/Data:Mapnew/type/711/json?action=raw
pipca83snk,采集,711,伞伞菌,,461,253,G,1764738810832,4,https://wiki.biligame.com/rocom/Data:Mapnew/type/711/json?action=raw
26zh7uhns3f,采集,711,伞伞菌,,486,308,G,1764738811643,4,https://wiki.biligame.com/rocom/Data:Mapnew/type/711/json?action=raw
oc611mexuy,采集,711,伞伞菌,,497,183,G,1764738813162,4,https://wiki.biligame.com/rocom/Data:Mapnew/type/711/json?action=raw
1q8vmmmd36h,采集,711,伞伞菌,,380,210,G,1764738817881,4,https://wiki.biligame.com/rocom/Data:Mapnew/type/711/json?action=raw
2fy1o2q5tuk,采集,711,伞伞菌,,396,255,G,1764738820188,4,https://wiki.biligame.com/rocom/Data:Mapnew/type/711/json?action=raw
qwbve9f687,采集,711,伞伞菌,,221,350,G,1764738825799,4,https://wiki.biligame.com/rocom/Data:Mapnew/type/711/json?action=raw
j7ucccfe6a,采集,711,伞伞菌,,319,419,G,1764738830722,4,https://wiki.biligame.com/rocom/Data:Mapnew/type/711/json?action=raw
491pzdoc1l,采集,711,伞伞菌,,180,269,G,1764738849785,4,https://wiki.biligame.com/rocom/Data:Mapnew/type/711/json?action=raw
y6mypb7a0w,采集,711,伞伞菌,,189,265,G,1764738850176,4,https://wiki.biligame.com/rocom/Data:Mapnew/type/711/json?action=raw
3rboasnqw4,采集,711,伞伞菌,,516,135,G,1764738886628,4,https://wiki.biligame.com/rocom/Data:Mapnew/type/711/json?action=raw
2d38zwxs2u1,采集,711,伞伞菌,,575,108,G,1764738887257,4,https://wiki.biligame.com/rocom/Data:Mapnew/type/711/json?action=raw
21rlx7hwgvq,采集,711,伞伞菌,,475,-10,G,1764738890358,4,https://wiki.biligame.com/rocom/Data:Mapnew/type/711/json?action=raw
3gouhn8mgg,采集,711,伞伞菌,,470,-21,G,1764738891440,4,https://wiki.biligame.com/rocom/Data:Mapnew/type/711/json?action=raw
2lgjsivflde,采集,711,伞伞菌,,467,-4,G,1764738892018,4,https://wiki.biligame.com/rocom/Data:Mapnew/type/711/json?action=raw
c12uz0jkfx,采集,711,伞伞菌,,-79,-79,G,1764738955837,4,https://wiki.biligame.com/rocom/Data:Mapnew/type/711/json?action=raw
cwzcegta6e,采集,711,伞伞菌,,-277,-121,G,1764738957510,4,https://wiki.biligame.com/rocom/Data:Mapnew/type/711/json?action=raw
23qi3xu3fio,采集,711,伞伞菌,,-371,-153,G,1764738958160,4,https://wiki.biligame.com/rocom/Data:Mapnew/type/711/json?action=raw
sdi0g0maa7,采集,711,伞伞菌,,48,82,G,1764738964879,4,https://wiki.biligame.com/rocom/Data:Mapnew/type/711/json?action=raw
14z80brzyrl,采集,711,伞伞菌,,98,132,G,1764738965953,4,https://wiki.biligame.com/rocom/Data:Mapnew/type/711/json?action=raw
1sfhkgjyb6,采集,711,伞伞菌,,85,282,G,1764738966642,4,https://wiki.biligame.com/rocom/Data:Mapnew/type/711/json?action=raw
khx9io0d4v,采集,711,伞伞菌,,39,363,G,1764738970239,4,https://wiki.biligame.com/rocom/Data:Mapnew/type/711/json?action=raw
1ukufu5zojo,采集,711,伞伞菌,,27,373,G,1764738970628,4,https://wiki.biligame.com/rocom/Data:Mapnew/type/711/json?action=raw
1l83jv29ir9,采集,711,伞伞菌,,38,382,G,1764738970933,4,https://wiki.biligame.com/rocom/Data:Mapnew/type/711/json?action=raw
ppsk5nthzi,采集,711,伞伞菌,,-220,48,G,1764738976590,4,https://wiki.biligame.com/rocom/Data:Mapnew/type/711/json?action=raw
1mwcws900mm,采集,711,伞伞菌,,-68,113,G,1764738980910,4,https://wiki.biligame.com/rocom/Data:Mapnew/type/711/json?action=raw
19wgh5meej9,采集,711,伞伞菌,,-868,-580,G,1764738997013,4,https://wiki.biligame.com/rocom/Data:Mapnew/type/711/json?action=raw
219vviwxjdv,采集,711,伞伞菌,,-918,-697,G,1764739004515,4,https://wiki.biligame.com/rocom/Data:Mapnew/type/711/json?action=raw
1xttjqtokjt,采集,711,伞伞菌,,-760,-528,G,1764739035913,4,https://wiki.biligame.com/rocom/Data:Mapnew/type/711/json?action=raw
dwffrmy3p9,采集,711,伞伞菌,,-651,-56,G,1764739053885,4,https://wiki.biligame.com/rocom/Data:Mapnew/type/711/json?action=raw
25peao6brau,采集,711,伞伞菌,,-542,-371,G,1764739089654,4,https://wiki.biligame.com/rocom/Data:Mapnew/type/711/json?action=raw
3620ohxnju,采集,711,伞伞菌,,-532,-365,G,1764739090042,4,https://wiki.biligame.com/rocom/Data:Mapnew/type/711/json?action=raw
2luq89qs95k,采集,711,伞伞菌,,-498,-219,G,1764739095383,4,https://wiki.biligame.com/rocom/Data:Mapnew/type/711/json?action=raw
vx3y5trteg,采集,711,伞伞菌,,-498,-256,G,1764739096216,4,https://wiki.biligame.com/rocom/Data:Mapnew/type/711/json?action=raw
rs8ctpv4ef,采集,711,伞伞菌,,651,38,G,1764739118343,4,https://wiki.biligame.com/rocom/Data:Mapnew/type/711/json?action=raw
64eas0b0pz,采集,711,伞伞菌,,285,857,G,1764739328103,4,https://wiki.biligame.com/rocom/Data:Mapnew/type/711/json?action=raw
1brt1y8y1j6,采集,711,伞伞菌,,354,1057,G,1764739333186,4,https://wiki.biligame.com/rocom/Data:Mapnew/type/711/json?action=raw
2fy1o2qguii,采集,711,伞伞菌,,234,1083,G,1764739334266,4,https://wiki.biligame.com/rocom/Data:Mapnew/type/711/json?action=raw
20om7wmacky,采集,711,伞伞菌,,437,1011,G,1764739343410,4,https://wiki.biligame.com/rocom/Data:Mapnew/type/711/json?action=raw
1uz0vl1g01t,采集,711,伞伞菌,,487,1082,G,1764739344705,4,https://wiki.biligame.com/rocom/Data:Mapnew/type/711/json?action=raw
bjctafqrfo,采集,711,伞伞菌,,426,1486,G,1764739355748,4,https://wiki.biligame.com/rocom/Data:Mapnew/type/711/json?action=raw
2o0pmvipun4,采集,711,伞伞菌,,303,1322,G,1764739372385,4,https://wiki.biligame.com/rocom/Data:Mapnew/type/711/json?action=raw
1t3oasf47c7,采集,711,伞伞菌,,199,1478,G,1764739374375,4,https://wiki.biligame.com/rocom/Data:Mapnew/type/711/json?action=raw
q0fdythvv0,采集,711,伞伞菌,,208,1555,G,1764739403916,4,https://wiki.biligame.com/rocom/Data:Mapnew/type/711/json?action=raw
22ulmie3cmm,采集,711,伞伞菌,,264,1632,G,1764739405998,4,https://wiki.biligame.com/rocom/Data:Mapnew/type/711/json?action=raw
dpc7w7k9e6,采集,711,伞伞菌,,-80,2621,G,1764739441550,4,https://wiki.biligame.com/rocom/Data:Mapnew/type/711/json?action=raw
a26o8oohjz,采集,711,伞伞菌,,28,2673,G,1764739442399,4,https://wiki.biligame.com/rocom/Data:Mapnew/type/711/json?action=raw
1cgmbi9u7wn,采集,711,伞伞菌,,-1037,3,G,1764739736711,4,https://wiki.biligame.com/rocom/Data:Mapnew/type/711/json?action=raw
1ltd7hdsdfx,采集,711,伞伞菌,,216,-242,G,1764740109325,4,https://wiki.biligame.com/rocom/Data:Mapnew/type/711/json?action=raw
otw2q8pb55,采集,711,伞伞菌,,693,1991,G,1764740912297,4,https://wiki.biligame.com/rocom/Data:Mapnew/type/711/json?action=raw
dsvtty9fom,采集,711,伞伞菌,,148,1776,G,1764740939174,4,https://wiki.biligame.com/rocom/Data:Mapnew/type/711/json?action=raw
2ax9lb7bf4x,采集,711,伞伞菌,,444,1843,G,1764741080161,4,https://wiki.biligame.com/rocom/Data:Mapnew/type/711/json?action=raw
1kjaab2w12p,采集,711,伞伞菌,,165,2712,G,1764741118833,4,https://wiki.biligame.com/rocom/Data:Mapnew/type/711/json?action=raw
19eqj557bcm,采集,711,伞伞菌,,-343,2401,G,1772726984246,4,https://wiki.biligame.com/rocom/Data:Mapnew/type/711/json?action=raw
1e4vs3m261f,采集,711,伞伞菌,,-61,2312,G,1772730494227,4,https://wiki.biligame.com/rocom/Data:Mapnew/type/711/json?action=raw
2kytunqwo0e,采集,711,伞伞菌,,142,2529,G,1773050492814,4,https://wiki.biligame.com/rocom/Data:Mapnew/type/711/json?action=raw
l6qmw55hs1,采集,711,伞伞菌,,151,2537,G,1773050531393,4,https://wiki.biligame.com/rocom/Data:Mapnew/type/711/json?action=raw
1x1gs2jp6b2,采集,711,伞伞菌,,139,2575,G,1773050578734,4,https://wiki.biligame.com/rocom/Data:Mapnew/type/711/json?action=raw
1wxx64v0axb,采集,711,伞伞菌,,430,2578,G,1773052454479,4,https://wiki.biligame.com/rocom/Data:Mapnew/type/711/json?action=raw
uxnyma35en,采集,711,伞伞菌,,387,2728,G,1773060571167,4,https://wiki.biligame.com/rocom/Data:Mapnew/type/711/json?action=raw
26lavx8zzuw,采集,711,伞伞菌,,457,2651,G,1773060586568,4,https://wiki.biligame.com/rocom/Data:Mapnew/type/711/json?action=raw
14aeule6zja,采集,711,伞伞菌,,208,2729,G,1773061208934,4,https://wiki.biligame.com/rocom/Data:Mapnew/type/711/json?action=raw
zgpzp9mjmd,采集,711,伞伞菌,,167,2706,G,1773061220821,4,https://wiki.biligame.com/rocom/Data:Mapnew/type/711/json?action=raw
db5x04iobb,采集,711,伞伞菌,,-26,-2081,G,1775307898775,4,https://wiki.biligame.com/rocom/Data:Mapnew/type/711/json?action=raw
1bo9l66jlo2,采集,711,伞伞菌,,-1801,-1240,G,1775964889714,4,https://wiki.biligame.com/rocom/Data:Mapnew/type/711/json?action=raw
1tw1bkrxg61,采集,711,伞伞菌,,368,1288,G,1776265489177,4,https://wiki.biligame.com/rocom/Data:Mapnew/type/711/json?action=raw
18pxb7nald5,采集,711,伞伞菌,,458,1233,G,1776265506217,4,https://wiki.biligame.com/rocom/Data:Mapnew/type/711/json?action=raw
1brt78vc38p,采集,711,伞伞菌,,506,1325,G,1776265513577,4,https://wiki.biligame.com/rocom/Data:Mapnew/type/711/json?action=raw
184nnmgbk31,采集,711,伞伞菌,,-678,-985,G,1776332477037,4,https://wiki.biligame.com/rocom/Data:Mapnew/type/711/json?action=raw
1kjafmue9wq,采集,711,伞伞菌,,-1759,-1047,G,1776336359338,4,https://wiki.biligame.com/rocom/Data:Mapnew/type/711/json?action=raw
roow7svhv1,采集,711,伞伞菌,,-1840,-1261,G,1776336561197,4,https://wiki.biligame.com/rocom/Data:Mapnew/type/711/json?action=raw
1ahqa3vq0lv,采集,711,伞伞菌,,-832,-625,G,1776345944211,4,https://wiki.biligame.com/rocom/Data:Mapnew/type/711/json?action=raw
1py8y5fqmcf,采集,711,伞伞菌,,-915,-710,G,1776346306207,4,https://wiki.biligame.com/rocom/Data:Mapnew/type/711/json?action=raw
1okmf1ejv0x,采集,711,伞伞菌,,-958,-621,G,1776346506705,4,https://wiki.biligame.com/rocom/Data:Mapnew/type/711/json?action=raw
25peg054thq,采集,711,伞伞菌,,-925,-675,G,1776346592078,4,https://wiki.biligame.com/rocom/Data:Mapnew/type/711/json?action=raw
ay3b2no1l3,采集,711,伞伞菌,,162,294,G,1776501320967,4,https://wiki.biligame.com/rocom/Data:Mapnew/type/711/json?action=raw
zuwh11c9vj,采集,711,伞伞菌,,-129,235,G,1776501887487,4,https://wiki.biligame.com/rocom/Data:Mapnew/type/711/json?action=raw
16r14l8mezy,采集,711,伞伞菌,,311,281,G,1776503140718,4,https://wiki.biligame.com/rocom/Data:Mapnew/type/711/json?action=raw
yh9xx0z2z4,采集,711,伞伞菌,,383,-44,G,1776503467472,4,https://wiki.biligame.com/rocom/Data:Mapnew/type/711/json?action=raw
qi5l22h0pf,采集,711,伞伞菌,,157,2530,G,1776510048211,4,https://wiki.biligame.com/rocom/Data:Mapnew/type/711/json?action=raw
7w7f1li6z6,采集,711,伞伞菌,,532,1862,G,1776511188178,4,https://wiki.biligame.com/rocom/Data:Mapnew/type/711/json?action=raw
1gp1oa3rmr5,采集,711,伞伞菌,,-879,-2200,G,1776712374001,4,https://wiki.biligame.com/rocom/Data:Mapnew/type/711/json?action=raw
1lma54mfj4t,采集,711,伞伞菌,,-175,-208,G,1776753157277,4,https://wiki.biligame.com/rocom/Data:Mapnew/type/711/json?action=raw
25peao4acxw,采集,712,蜜黄菌,,828,-999,G,1764735665156,4,https://wiki.biligame.com/rocom/Data:Mapnew/type/712/json?action=raw
yod0ducfpb,采集,712,蜜黄菌,,758,-1025,G,1764735667327,4,https://wiki.biligame.com/rocom/Data:Mapnew/type/712/json?action=raw
2dhffnr3ogp,采集,712,蜜黄菌,,706,-1002,G,1764735681945,4,https://wiki.biligame.com/rocom/Data:Mapnew/type/712/json?action=raw
29qqa2iewnv,采集,712,蜜黄菌,,683,-987,G,1764735686363,4,https://wiki.biligame.com/rocom/Data:Mapnew/type/712/json?action=raw
73ue547qgb,采集,712,蜜黄菌,,675,-970,G,1764735687083,4,https://wiki.biligame.com/rocom/Data:Mapnew/type/712/json?action=raw
1xmqbvc2qkt,采集,712,蜜黄菌,,747,-940,G,1764735691533,4,https://wiki.biligame.com/rocom/Data:Mapnew/type/712/json?action=raw
2poyzsn9cq2,采集,712,蜜黄菌,,675,-948,G,1764735696810,4,https://wiki.biligame.com/rocom/Data:Mapnew/type/712/json?action=raw
2ds29gwjahm,采集,712,蜜黄菌,,784,-804,G,1764735699930,4,https://wiki.biligame.com/rocom/Data:Mapnew/type/712/json?action=raw
1z7g2ut08di,采集,712,蜜黄菌,,617,-834,G,1764735704934,4,https://wiki.biligame.com/rocom/Data:Mapnew/type/712/json?action=raw
2cp2k60nmhb,采集,712,蜜黄菌,,546,-856,G,1764735707535,4,https://wiki.biligame.com/rocom/Data:Mapnew/type/712/json?action=raw
1pk2d2jv1k1,采集,712,蜜黄菌,,560,-951,G,1764735714465,4,https://wiki.biligame.com/rocom/Data:Mapnew/type/712/json?action=raw
wt0fl81cfi,采集,712,蜜黄菌,,496,-909,G,1764735729966,4,https://wiki.biligame.com/rocom/Data:Mapnew/type/712/json?action=raw
vfdwh6vpb1,采集,712,蜜黄菌,,-40,-1172,G,1764735982557,4,https://wiki.biligame.com/rocom/Data:Mapnew/type/712/json?action=raw
1hz4fycu004,采集,712,蜜黄菌,,-57,-1182,G,1764735983492,4,https://wiki.biligame.com/rocom/Data:Mapnew/type/712/json?action=raw
srog6u3lg0,采集,712,蜜黄菌,,-138,-1274,G,1764736025936,4,https://wiki.biligame.com/rocom/Data:Mapnew/type/712/json?action=raw
kp0he1vfgl,采集,712,蜜黄菌,,-157,-1284,G,1764736026885,4,https://wiki.biligame.com/rocom/Data:Mapnew/type/712/json?action=raw
1qu5a8vjwe3,采集,712,蜜黄菌,,-61,-1063,G,1764736035259,4,https://wiki.biligame.com/rocom/Data:Mapnew/type/712/json?action=raw
5fl17xox8t,采集,712,蜜黄菌,,-43,-1069,G,1764736035661,4,https://wiki.biligame.com/rocom/Data:Mapnew/type/712/json?action=raw
1sien62a7bo,采集,712,蜜黄菌,,-38,-1050,G,1764736036244,4,https://wiki.biligame.com/rocom/Data:Mapnew/type/712/json?action=raw
2dhffnrc7il,采集,712,蜜黄菌,,86,-1236,G,1764736079885,4,https://wiki.biligame.com/rocom/Data:Mapnew/type/712/json?action=raw
10cmdb1cedr,采集,712,蜜黄菌,,61,-1356,G,1764736118991,4,https://wiki.biligame.com/rocom/Data:Mapnew/type/712/json?action=raw
p0zallgrac,采集,712,蜜黄菌,,60,-1340,G,1764736120612,4,https://wiki.biligame.com/rocom/Data:Mapnew/type/712/json?action=raw
2kytqu8qv0w,采集,712,蜜黄菌,,59,-1327,G,1764736122768,4,https://wiki.biligame.com/rocom/Data:Mapnew/type/712/json?action=raw
1sfhkev831,采集,712,蜜黄菌,,294,-1063,G,1764736133293,4,https://wiki.biligame.com/rocom/Data:Mapnew/type/712/json?action=raw
9yn2awwj82,采集,712,蜜黄菌,,276,-1000,G,1764736135506,4,https://wiki.biligame.com/rocom/Data:Mapnew/type/712/json?action=raw
11j5ojn1psh,采集,712,蜜黄菌,,232,-989,G,1764736138193,4,https://wiki.biligame.com/rocom/Data:Mapnew/type/712/json?action=raw
1riyjsw9pf4,采集,712,蜜黄菌,,211,-1047,G,1764736141552,4,https://wiki.biligame.com/rocom/Data:Mapnew/type/712/json?action=raw
1c2fvrcgwy9,采集,712,蜜黄菌,,151,-1050,G,1764736144081,4,https://wiki.biligame.com/rocom/Data:Mapnew/type/712/json?action=raw
219vviv89jp,采集,712,蜜黄菌,,104,-1079,G,1764736145749,4,https://wiki.biligame.com/rocom/Data:Mapnew/type/712/json?action=raw
16ukl4co02l,采集,712,蜜黄菌,,156,-921,G,1764736148061,4,https://wiki.biligame.com/rocom/Data:Mapnew/type/712/json?action=raw
27ru3c6jbz2,采集,712,蜜黄菌,,144,-865,G,1764736149854,4,https://wiki.biligame.com/rocom/Data:Mapnew/type/712/json?action=raw
fyv8fn6kft,采集,712,蜜黄菌,,132,-824,G,1764736155641,4,https://wiki.biligame.com/rocom/Data:Mapnew/type/712/json?action=raw
1y7zzhn8h33,采集,712,蜜黄菌,,-75,-975,G,1764736217983,4,https://wiki.biligame.com/rocom/Data:Mapnew/type/712/json?action=raw
27dnnlbci4x,采集,712,蜜黄菌,,-50,-973,G,1764736218577,4,https://wiki.biligame.com/rocom/Data:Mapnew/type/712/json?action=raw
1ne2ygseag6,采集,712,蜜黄菌,,-8,-879,G,1764736223334,4,https://wiki.biligame.com/rocom/Data:Mapnew/type/712/json?action=raw
depe3082g9,采集,712,蜜黄菌,,6,-884,G,1764736223849,4,https://wiki.biligame.com/rocom/Data:Mapnew/type/712/json?action=raw
njt5jueujy,采集,712,蜜黄菌,,24,-887,G,1764736224302,4,https://wiki.biligame.com/rocom/Data:Mapnew/type/712/json?action=raw
27dnnlbdloh,采集,712,蜜黄菌,,-194,-1423,G,1764736269825,4,https://wiki.biligame.com/rocom/Data:Mapnew/type/712/json?action=raw
lkwytiacwk,采集,712,蜜黄菌,,-237,-1414,G,1764736271828,4,https://wiki.biligame.com/rocom/Data:Mapnew/type/712/json?action=raw
gk4w1y3ok0,采集,712,蜜黄菌,,-246,-1497,G,1764736279824,4,https://wiki.biligame.com/rocom/Data:Mapnew/type/712/json?action=raw
2ly9u7ex3js,采集,712,蜜黄菌,,-315,-1562,G,1764736285240,4,https://wiki.biligame.com/rocom/Data:Mapnew/type/712/json?action=raw
xowx0omy00,采集,712,蜜黄菌,,-298,-1566,G,1764736286112,4,https://wiki.biligame.com/rocom/Data:Mapnew/type/712/json?action=raw
3rboar40ua,采集,712,蜜黄菌,,-282,-1568,G,1764736286786,4,https://wiki.biligame.com/rocom/Data:Mapnew/type/712/json?action=raw
qi5fncoh0m,采集,712,蜜黄菌,,-312,-1524,G,1764736287782,4,https://wiki.biligame.com/rocom/Data:Mapnew/type/712/json?action=raw
c862uekkks,采集,712,蜜黄菌,,-308,-1510,G,1764736289580,4,https://wiki.biligame.com/rocom/Data:Mapnew/type/712/json?action=raw
24885mdmcpw,采集,712,蜜黄菌,,-647,-1388,G,1764736417508,4,https://wiki.biligame.com/rocom/Data:Mapnew/type/712/json?action=raw
2doinj75obu,采集,712,蜜黄菌,,-723,-1353,G,1764736421226,4,https://wiki.biligame.com/rocom/Data:Mapnew/type/712/json?action=raw
10n9746y6d4,采集,712,蜜黄菌,,-805,-1401,G,1764736424632,4,https://wiki.biligame.com/rocom/Data:Mapnew/type/712/json?action=raw
102rdha6d7,采集,712,蜜黄菌,,200,-902,G,1776273208251,4,https://wiki.biligame.com/rocom/Data:Mapnew/type/712/json?action=raw
weu555x9o5,采集,712,蜜黄菌,,199,-909,G,1776273209397,4,https://wiki.biligame.com/rocom/Data:Mapnew/type/712/json?action=raw
1tw1bkwknds,采集,712,蜜黄菌,,281,-948,G,1776273290080,4,https://wiki.biligame.com/rocom/Data:Mapnew/type/712/json?action=raw
fa246fja5p,采集,712,蜜黄菌,,365,-839,G,1776273449261,4,https://wiki.biligame.com/rocom/Data:Mapnew/type/712/json?action=raw
8l0ohorx6k,采集,712,蜜黄菌,,273,-991,G,1776273718460,4,https://wiki.biligame.com/rocom/Data:Mapnew/type/712/json?action=raw
1r4s9dtmdr8,采集,712,蜜黄菌,,-166,-999,G,1776333189156,4,https://wiki.biligame.com/rocom/Data:Mapnew/type/712/json?action=raw
rl5aa1288a,采集,712,蜜黄菌,,-160,-982,G,1776333193002,4,https://wiki.biligame.com/rocom/Data:Mapnew/type/712/json?action=raw
2yyy4t5dt2,采集,712,蜜黄菌,,-151,-982,G,1776333193766,4,https://wiki.biligame.com/rocom/Data:Mapnew/type/712/json?action=raw
2erii5vgnmk,采集,712,蜜黄菌,,-140,-1000,G,1776333196956,4,https://wiki.biligame.com/rocom/Data:Mapnew/type/712/json?action=raw
1tshpo6msq9,采集,712,蜜黄菌,,-59,-1191,G,1776333533425,4,https://wiki.biligame.com/rocom/Data:Mapnew/type/712/json?action=raw
28rabxbh1ux,采集,714,凤眼莲,,193,-1462,G,1776101876393,4,https://wiki.biligame.com/rocom/Data:Mapnew/type/714/json?action=raw
24fbiprywgh,采集,714,凤眼莲,,69,-1455,G,1776101930961,4,https://wiki.biligame.com/rocom/Data:Mapnew/type/714/json?action=raw
m2n5q25aqf,采集,714,凤眼莲,,72,-1468,G,1776101932951,4,https://wiki.biligame.com/rocom/Data:Mapnew/type/714/json?action=raw
19wgmdjllbn,采集,714,凤眼莲,,80,-1458,G,1776101934643,4,https://wiki.biligame.com/rocom/Data:Mapnew/type/714/json?action=raw
7p46ze8gid,采集,714,凤眼莲,,24,-1502,G,1776101941141,4,https://wiki.biligame.com/rocom/Data:Mapnew/type/714/json?action=raw
25whnrj3a71,采集,714,凤眼莲,,44,-1555,G,1776101942621,4,https://wiki.biligame.com/rocom/Data:Mapnew/type/714/json?action=raw
omt02p5l4h,采集,714,凤眼莲,,59,-1638,G,1776101948209,4,https://wiki.biligame.com/rocom/Data:Mapnew/type/714/json?action=raw
2l5x3xna6ne,采集,714,凤眼莲,,145,-1677,G,1776101952298,4,https://wiki.biligame.com/rocom/Data:Mapnew/type/714/json?action=raw
282h2dav8ee,采集,714,凤眼莲,,33,-1674,G,1776101956166,4,https://wiki.biligame.com/rocom/Data:Mapnew/type/714/json?action=raw
231ozlqolsa,采集,714,凤眼莲,,-11,-1731,G,1776101966410,4,https://wiki.biligame.com/rocom/Data:Mapnew/type/714/json?action=raw
169b2q0qif4,采集,714,凤眼莲,,-7,-1737,G,1776101967808,4,https://wiki.biligame.com/rocom/Data:Mapnew/type/714/json?action=raw
29ua187ewja,采集,714,凤眼莲,,-11,-1745,G,1776101970742,4,https://wiki.biligame.com/rocom/Data:Mapnew/type/714/json?action=raw
4xv4rbn229,采集,714,凤眼莲,,-13,-1691,G,1776101974321,4,https://wiki.biligame.com/rocom/Data:Mapnew/type/714/json?action=raw
18879gcwe8y,采集,714,凤眼莲,,-53,-1703,G,1776101985314,4,https://wiki.biligame.com/rocom/Data:Mapnew/type/714/json?action=raw
1gav8955nkr,采集,714,凤眼莲,,-40,-1699,G,1776102035355,4,https://wiki.biligame.com/rocom/Data:Mapnew/type/714/json?action=raw
d42phtprya,采集,714,凤眼莲,,-71,-1755,G,1776102042306,4,https://wiki.biligame.com/rocom/Data:Mapnew/type/714/json?action=raw
2lk3joikgsw,采集,714,凤眼莲,,-117,-1712,G,1776102044687,4,https://wiki.biligame.com/rocom/Data:Mapnew/type/714/json?action=raw
4n8ay69ey4,采集,714,凤眼莲,,-139,-1690,G,1776102048236,4,https://wiki.biligame.com/rocom/Data:Mapnew/type/714/json?action=raw
2c09ftz8bby,采集,714,凤眼莲,,-163,-1737,G,1776102052446,4,https://wiki.biligame.com/rocom/Data:Mapnew/type/714/json?action=raw
9gx5uauext,采集,714,凤眼莲,,-167,-1775,G,1776102062369,4,https://wiki.biligame.com/rocom/Data:Mapnew/type/714/json?action=raw
2mcgf691i5s,采集,714,凤眼莲,,-160,-1791,G,1776102064944,4,https://wiki.biligame.com/rocom/Data:Mapnew/type/714/json?action=raw
2joqyvw8kyu,采集,714,凤眼莲,,-254,-1926,G,1776102070310,4,https://wiki.biligame.com/rocom/Data:Mapnew/type/714/json?action=raw
o52ye46wgw,采集,714,凤眼莲,,-243,-1916,G,1776102073824,4,https://wiki.biligame.com/rocom/Data:Mapnew/type/714/json?action=raw
12pp507q84t,采集,714,凤眼莲,,-117,-1931,G,1776102081197,4,https://wiki.biligame.com/rocom/Data:Mapnew/type/714/json?action=raw
2cefvkuhcyu,采集,714,凤眼莲,,-140,-1890,G,1776102087142,4,https://wiki.biligame.com/rocom/Data:Mapnew/type/714/json?action=raw
1w20q3uewup,采集,714,凤眼莲,,-149,-1928,G,1776102090705,4,https://wiki.biligame.com/rocom/Data:Mapnew/type/714/json?action=raw
2hirka4i99w,采集,714,凤眼莲,,-180,-1921,G,1776102132596,4,https://wiki.biligame.com/rocom/Data:Mapnew/type/714/json?action=raw
1hhejhqwzud,采集,714,凤眼莲,,-34,-1824,G,1776102148981,4,https://wiki.biligame.com/rocom/Data:Mapnew/type/714/json?action=raw
7zr0sjs814,采集,714,凤眼莲,,-28,-1897,G,1776102152872,4,https://wiki.biligame.com/rocom/Data:Mapnew/type/714/json?action=raw
3k8lnafwps,采集,714,凤眼莲,,20,-1862,G,1776102156640,4,https://wiki.biligame.com/rocom/Data:Mapnew/type/714/json?action=raw
depjaz7jjo,采集,714,凤眼莲,,93,-1863,G,1776102160820,4,https://wiki.biligame.com/rocom/Data:Mapnew/type/714/json?action=raw
1y0wwu6m0fi,采集,714,凤眼莲,,148,-1854,G,1776102164910,4,https://wiki.biligame.com/rocom/Data:Mapnew/type/714/json?action=raw
b8q4p7g21q,采集,714,凤眼莲,,185,-1836,G,1776102168926,4,https://wiki.biligame.com/rocom/Data:Mapnew/type/714/json?action=raw
491v7b3yy8,采集,714,凤眼莲,,315,-1558,G,1776102181552,4,https://wiki.biligame.com/rocom/Data:Mapnew/type/714/json?action=raw
4n8ay6cbtm,采集,714,凤眼莲,,346,-1586,G,1776102184154,4,https://wiki.biligame.com/rocom/Data:Mapnew/type/714/json?action=raw
un167fkagz,采集,714,凤眼莲,,336,-1631,G,1776102186243,4,https://wiki.biligame.com/rocom/Data:Mapnew/type/714/json?action=raw
5q809289xy,采集,714,凤眼莲,,321,-1659,G,1776102189654,4,https://wiki.biligame.com/rocom/Data:Mapnew/type/714/json?action=raw
2h84qgz4c98,采集,714,凤眼莲,,320,-1728,G,1776102193676,4,https://wiki.biligame.com/rocom/Data:Mapnew/type/714/json?action=raw
1xfn97vsbmy,采集,714,凤眼莲,,345,-1990,G,1776102200554,4,https://wiki.biligame.com/rocom/Data:Mapnew/type/714/json?action=raw
25ib80o0nih,采集,714,凤眼莲,,315,-1993,G,1776102207241,4,https://wiki.biligame.com/rocom/Data:Mapnew/type/714/json?action=raw
kau6v5s451,采集,714,凤眼莲,,93,-2010,G,1776102221045,4,https://wiki.biligame.com/rocom/Data:Mapnew/type/714/json?action=raw
124fhdwzmlj,采集,714,凤眼莲,,-49,-1928,G,1776102261031,4,https://wiki.biligame.com/rocom/Data:Mapnew/type/714/json?action=raw
45i41li6ut,采集,707,蓝掌,,130,-2350,G,1764734880821,4,https://wiki.biligame.com/rocom/Data:Mapnew/type/707/json?action=raw
z9mo04qdkc,采集,707,蓝掌,,82,-2248,G,1764734896940,4,https://wiki.biligame.com/rocom/Data:Mapnew/type/707/json?action=raw
2fcs0gczdwb,采集,707,蓝掌,,39,-2383,G,1764734901531,4,https://wiki.biligame.com/rocom/Data:Mapnew/type/707/json?action=raw
2hwxuszzf7c,采集,707,蓝掌,,-20,-2471,G,1764734905017,4,https://wiki.biligame.com/rocom/Data:Mapnew/type/707/json?action=raw
yod0dtw48g,采集,707,蓝掌,,8,-2433,G,1764734905968,4,https://wiki.biligame.com/rocom/Data:Mapnew/type/707/json?action=raw
22cvktqfkyw,采集,707,蓝掌,,-159,-2132,G,1764735002088,4,https://wiki.biligame.com/rocom/Data:Mapnew/type/707/json?action=raw
20om7wjpcwn,采集,707,蓝掌,,-213,-2185,G,1764735004823,4,https://wiki.biligame.com/rocom/Data:Mapnew/type/707/json?action=raw
rzbkp31mm5,采集,707,蓝掌,,-109,-2392,G,1764735029181,4,https://wiki.biligame.com/rocom/Data:Mapnew/type/707/json?action=raw
1s0olhgna5n,采集,707,蓝掌,,-142,-2351,G,1764735031083,4,https://wiki.biligame.com/rocom/Data:Mapnew/type/707/json?action=raw
26sdzyzstse,采集,707,蓝掌,,-300,-2412,G,1764735041742,4,https://wiki.biligame.com/rocom/Data:Mapnew/type/707/json?action=raw
2a5j8z986e,采集,707,蓝掌,,-273,-2393,G,1764735042726,4,https://wiki.biligame.com/rocom/Data:Mapnew/type/707/json?action=raw
1x8jw4ggmcw,采集,707,蓝掌,,-267,-2292,G,1764735046960,4,https://wiki.biligame.com/rocom/Data:Mapnew/type/707/json?action=raw
1wudgdl8hxt,采集,707,蓝掌,,-229,-2269,G,1764735055313,4,https://wiki.biligame.com/rocom/Data:Mapnew/type/707/json?action=raw
a99w41p8wf,采集,707,蓝掌,,-287,-2232,G,1764735085135,4,https://wiki.biligame.com/rocom/Data:Mapnew/type/707/json?action=raw
q0fdyqy1oh,采集,707,蓝掌,,-417,-2333,G,1764735119105,4,https://wiki.biligame.com/rocom/Data:Mapnew/type/707/json?action=raw
1lc9oynjpf,采集,707,蓝掌,,-374,-2398,G,1764735128963,4,https://wiki.biligame.com/rocom/Data:Mapnew/type/707/json?action=raw
pm8y7vpzwa,采集,707,蓝掌,,-404,-2393,G,1764735130874,4,https://wiki.biligame.com/rocom/Data:Mapnew/type/707/json?action=raw
1nops9x64d4,采集,707,蓝掌,,-391,-2433,G,1764735131800,4,https://wiki.biligame.com/rocom/Data:Mapnew/type/707/json?action=raw
1jndsvjh9rq,采集,707,蓝掌,,145,-1409,G,1764735842998,4,https://wiki.biligame.com/rocom/Data:Mapnew/type/707/json?action=raw
2n19jiajgo0,采集,707,蓝掌,,169,-1412,G,1764735843616,4,https://wiki.biligame.com/rocom/Data:Mapnew/type/707/json?action=raw
2228r0lierx,采集,707,蓝掌,,154,-1388,G,1764735844429,4,https://wiki.biligame.com/rocom/Data:Mapnew/type/707/json?action=raw
fvbmhx712o,采集,707,蓝掌,,124,-1365,G,1764735854128,4,https://wiki.biligame.com/rocom/Data:Mapnew/type/707/json?action=raw
2oifok1nvty,采集,707,蓝掌,,134,-1275,G,1764735857126,4,https://wiki.biligame.com/rocom/Data:Mapnew/type/707/json?action=raw
1ebywatvikk,采集,707,蓝掌,,147,-1287,G,1764735857860,4,https://wiki.biligame.com/rocom/Data:Mapnew/type/707/json?action=raw
14z80bq5d8c,采集,707,蓝掌,,149,-1259,G,1764735858748,4,https://wiki.biligame.com/rocom/Data:Mapnew/type/707/json?action=raw
mnwo4dxwzz,采集,707,蓝掌,,187,-1265,G,1764735885903,4,https://wiki.biligame.com/rocom/Data:Mapnew/type/707/json?action=raw
g9i28sibig,采集,707,蓝掌,,-95,-1167,G,1764735993544,4,https://wiki.biligame.com/rocom/Data:Mapnew/type/707/json?action=raw
28utsn2bv8e,采集,707,蓝掌,,-119,-1170,G,1764735996126,4,https://wiki.biligame.com/rocom/Data:Mapnew/type/707/json?action=raw
1ghyawlq5sz,采集,707,蓝掌,,-114,-1180,G,1764735997155,4,https://wiki.biligame.com/rocom/Data:Mapnew/type/707/json?action=raw
17camsxm82n,采集,707,蓝掌,,-113,-1094,G,1764736000863,4,https://wiki.biligame.com/rocom/Data:Mapnew/type/707/json?action=raw
1bo9g0h5kdf,采集,707,蓝掌,,-124,-1087,G,1764736001891,4,https://wiki.biligame.com/rocom/Data:Mapnew/type/707/json?action=raw
22niemwhj3g,采集,707,蓝掌,,-86,-1261,G,1764736062188,4,https://wiki.biligame.com/rocom/Data:Mapnew/type/707/json?action=raw
2fgbme3hcqf,采集,707,蓝掌,,-76,-1258,G,1764736062903,4,https://wiki.biligame.com/rocom/Data:Mapnew/type/707/json?action=raw
c4mgwoqqn0,采集,707,蓝掌,,-241,-1274,G,1764736254300,4,https://wiki.biligame.com/rocom/Data:Mapnew/type/707/json?action=raw
1o6ftyiymmd,采集,707,蓝掌,,-644,-1252,G,1764736397573,4,https://wiki.biligame.com/rocom/Data:Mapnew/type/707/json?action=raw
1xxd5oif0uk,采集,707,蓝掌,,-312,-2069,G,1764737233932,4,https://wiki.biligame.com/rocom/Data:Mapnew/type/707/json?action=raw
sh1mdpebzo,采集,707,蓝掌,,-375,-2108,G,1764737237300,4,https://wiki.biligame.com/rocom/Data:Mapnew/type/707/json?action=raw
o1j78g2a0d,采集,707,蓝掌,,-421,-2077,G,1764737253165,4,https://wiki.biligame.com/rocom/Data:Mapnew/type/707/json?action=raw
b1mrltgchz,采集,707,蓝掌,,-367,-2048,G,1764737254471,4,https://wiki.biligame.com/rocom/Data:Mapnew/type/707/json?action=raw
190jzq58ucx,采集,707,蓝掌,,-442,-1154,G,1764737509553,4,https://wiki.biligame.com/rocom/Data:Mapnew/type/707/json?action=raw
1idavp8z17x,采集,707,蓝掌,,-472,-1151,G,1764737510637,4,https://wiki.biligame.com/rocom/Data:Mapnew/type/707/json?action=raw
qlp1l37ru3,采集,707,蓝掌,,-462,-1166,G,1764737511339,4,https://wiki.biligame.com/rocom/Data:Mapnew/type/707/json?action=raw
1dxsgjzmrb0,采集,707,蓝掌,,-489,-1324,G,1764737516220,4,https://wiki.biligame.com/rocom/Data:Mapnew/type/707/json?action=raw
99tsqx2r06,采集,707,蓝掌,,-728,-1323,G,1764737523254,4,https://wiki.biligame.com/rocom/Data:Mapnew/type/707/json?action=raw
15gy6v4qz01,采集,707,蓝掌,,170,-1276,G,1775306625969,4,https://wiki.biligame.com/rocom/Data:Mapnew/type/707/json?action=raw
1z3wlrwuz7b,采集,707,蓝掌,,172,-1278,G,1775306639799,4,https://wiki.biligame.com/rocom/Data:Mapnew/type/707/json?action=raw
16y4cdojrup,采集,707,蓝掌,,4,-2317,G,1776322265026,4,https://wiki.biligame.com/rocom/Data:Mapnew/type/707/json?action=raw
h5ejo91v4k,采集,725,风卷草,,-635,-1504,G,1764736453844,4,https://wiki.biligame.com/rocom/Data:Mapnew/type/725/json?action=raw
1l10bzl5fu4,采集,725,风卷草,,-631,-1518,G,1764736454764,4,https://wiki.biligame.com/rocom/Data:Mapnew/type/725/json?action=raw
1bkpu2rm7mc,采集,725,风卷草,,-625,-1532,G,1764736455444,4,https://wiki.biligame.com/rocom/Data:Mapnew/type/725/json?action=raw
1ktx445jbml,采集,725,风卷草,,-622,-1548,G,1764736456349,4,https://wiki.biligame.com/rocom/Data:Mapnew/type/725/json?action=raw
1inxpidxkkn,采集,725,风卷草,,-903,-1584,G,1764736732007,4,https://wiki.biligame.com/rocom/Data:Mapnew/type/725/json?action=raw
2ilr4d1q4zo,采集,725,风卷草,,-947,-1551,G,1764736733379,4,https://wiki.biligame.com/rocom/Data:Mapnew/type/725/json?action=raw
1757exifsku,采集,725,风卷草,,-977,-1549,G,1764736734318,4,https://wiki.biligame.com/rocom/Data:Mapnew/type/725/json?action=raw
2e68p7sdrxi,采集,725,风卷草,,-999,-1560,G,1764736734886,4,https://wiki.biligame.com/rocom/Data:Mapnew/type/725/json?action=raw
1toxyeoe3fw,采集,725,风卷草,,-1020,-1579,G,1764736735468,4,https://wiki.biligame.com/rocom/Data:Mapnew/type/725/json?action=raw
1feyllqa66i,采集,725,风卷草,,-1027,-1609,G,1764736736202,4,https://wiki.biligame.com/rocom/Data:Mapnew/type/725/json?action=raw
17mxgm3h81f,采集,725,风卷草,,-1012,-1634,G,1764736736755,4,https://wiki.biligame.com/rocom/Data:Mapnew/type/725/json?action=raw
3620ogj894,采集,725,风卷草,,-992,-1646,G,1764736737416,4,https://wiki.biligame.com/rocom/Data:Mapnew/type/725/json?action=raw
29g3g9dv39w,采集,725,风卷草,,-534,-1769,G,1764737151828,4,https://wiki.biligame.com/rocom/Data:Mapnew/type/725/json?action=raw
6bhinemjyh,采集,725,风卷草,,-537,-1738,G,1764737153161,4,https://wiki.biligame.com/rocom/Data:Mapnew/type/725/json?action=raw
1fplfevydih,采集,725,风卷草,,-581,-1720,G,1764737155049,4,https://wiki.biligame.com/rocom/Data:Mapnew/type/725/json?action=raw
1ej246a9hj1,采集,725,风卷草,,-599,-1752,G,1764737155837,4,https://wiki.biligame.com/rocom/Data:Mapnew/type/725/json?action=raw
1juh0qzvkuz,采集,725,风卷草,,-599,-1777,G,1764737156699,4,https://wiki.biligame.com/rocom/Data:Mapnew/type/725/json?action=raw
yod0dv8wth,采集,725,风卷草,,-457,-1760,G,1764737182501,4,https://wiki.biligame.com/rocom/Data:Mapnew/type/725/json?action=raw
2gfrpra8497,采集,725,风卷草,,-396,-1774,G,1764737183115,4,https://wiki.biligame.com/rocom/Data:Mapnew/type/725/json?action=raw
pwvs12d9o1,采集,725,风卷草,,-407,-1983,G,1764737185841,4,https://wiki.biligame.com/rocom/Data:Mapnew/type/725/json?action=raw
x03ngoiqo0,采集,725,风卷草,,-385,-1912,G,1764737187712,4,https://wiki.biligame.com/rocom/Data:Mapnew/type/725/json?action=raw
z637d1zhxw,采集,725,风卷草,,-1360,-1706,G,1776262204052,4,https://wiki.biligame.com/rocom/Data:Mapnew/type/725/json?action=raw
omsuuqhawe,采集,723,彩玉花,,-747,-1748,G,1764736533358,4,https://wiki.biligame.com/rocom/Data:Mapnew/type/723/json?action=raw
11j5ojnb3da,采集,723,彩玉花,,-938,-1864,G,1764736575694,4,https://wiki.biligame.com/rocom/Data:Mapnew/type/723/json?action=raw
23u1pvihhbb,采集,723,彩玉花,,-942,-1851,G,1764736577511,4,https://wiki.biligame.com/rocom/Data:Mapnew/type/723/json?action=raw
b1mrlt1uog,采集,723,彩玉花,,-978,-1891,G,1764736578192,4,https://wiki.biligame.com/rocom/Data:Mapnew/type/723/json?action=raw
n96bqp77uq,采集,723,彩玉花,,-985,-1875,G,1764736578690,4,https://wiki.biligame.com/rocom/Data:Mapnew/type/723/json?action=raw
19wgh5l03kd,采集,723,彩玉花,,-1319,-1656,G,1764736649997,4,https://wiki.biligame.com/rocom/Data:Mapnew/type/723/json?action=raw
3620ogi7rx,采集,723,彩玉花,,-1150,-1507,G,1764736690141,4,https://wiki.biligame.com/rocom/Data:Mapnew/type/723/json?action=raw
8adpdqirig,采集,723,彩玉花,,-961,-1716,G,1764736719304,4,https://wiki.biligame.com/rocom/Data:Mapnew/type/723/json?action=raw
5fl17y3l5p,采集,723,彩玉花,,-907,-1695,G,1764736719837,4,https://wiki.biligame.com/rocom/Data:Mapnew/type/723/json?action=raw
1kqdi6g9hks,采集,723,彩玉花,,-730,-2182,G,1764737354044,4,https://wiki.biligame.com/rocom/Data:Mapnew/type/723/json?action=raw
13sop35gg48,采集,723,彩玉花,,-1228,-1391,G,1764737537688,4,https://wiki.biligame.com/rocom/Data:Mapnew/type/723/json?action=raw
s6eskkaicl,采集,723,彩玉花,,-1083,-2000,G,1764737769317,4,https://wiki.biligame.com/rocom/Data:Mapnew/type/723/json?action=raw
250l144vxue,采集,723,彩玉花,,-1082,-1989,G,1764737769750,4,https://wiki.biligame.com/rocom/Data:Mapnew/type/723/json?action=raw
1thuqj9e5au,采集,723,彩玉花,,-1067,-1996,G,1764737771350,4,https://wiki.biligame.com/rocom/Data:Mapnew/type/723/json?action=raw
dwfkmfuk1u,采集,723,彩玉花,,-455,-1697,G,1775308711938,4,https://wiki.biligame.com/rocom/Data:Mapnew/type/723/json?action=raw
24brwexwexg,采集,723,彩玉花,,-452,-1702,G,1775308713108,4,https://wiki.biligame.com/rocom/Data:Mapnew/type/723/json?action=raw
xldgl0zm2n,采集,723,彩玉花,,-714,-2103,G,1776712216191,4,https://wiki.biligame.com/rocom/Data:Mapnew/type/723/json?action=raw
2nq2jmm7qi2,采集,713,喷气菇,,-737,-2345,G,1744195854314,4,https://wiki.biligame.com/rocom/Data:Mapnew/type/713/json?action=raw
1ck5o08cs46,采集,713,喷气菇,,-712,-2345,G,1744195862870,4,https://wiki.biligame.com/rocom/Data:Mapnew/type/713/json?action=raw
f2yhkhrj84,采集,713,喷气菇,,-703,-2400,G,1744195881748,4,https://wiki.biligame.com/rocom/Data:Mapnew/type/713/json?action=raw
231oky2qv55,采集,713,喷气菇,,-937,-2497,G,1744196086313,4,https://wiki.biligame.com/rocom/Data:Mapnew/type/713/json?action=raw
n962b005wn,采集,713,喷气菇,,-1082,-2561,G,1744196225511,4,https://wiki.biligame.com/rocom/Data:Mapnew/type/713/json?action=raw
2abzp5kzh6z,采集,713,喷气菇,,-1030,-1098,G,1746158672331,4,https://wiki.biligame.com/rocom/Data:Mapnew/type/713/json?action=raw
2nmiyld22d4,采集,713,喷气菇,,-996,-1047,G,1746158737785,4,https://wiki.biligame.com/rocom/Data:Mapnew/type/713/json?action=raw
oqc897jzxm,采集,713,喷气菇,,-962,-1038,G,1746158749610,4,https://wiki.biligame.com/rocom/Data:Mapnew/type/713/json?action=raw
v17873aafh,采集,713,喷气菇,,-1007,-962,G,1746158817869,4,https://wiki.biligame.com/rocom/Data:Mapnew/type/713/json?action=raw
2hmasgmy7ig,采集,713,喷气菇,,-1109,-1263,G,1746159005832,4,https://wiki.biligame.com/rocom/Data:Mapnew/type/713/json?action=raw
d0ipswmo95,采集,713,喷气菇,,-1268,-1219,G,1746159060041,4,https://wiki.biligame.com/rocom/Data:Mapnew/type/713/json?action=raw
2860ajtgo3w,采集,713,喷气菇,,-1315,-1110,G,1746159085324,4,https://wiki.biligame.com/rocom/Data:Mapnew/type/713/json?action=raw
1zzsptbfx2z,采集,713,喷气菇,,-1368,-1011,G,1746159109179,4,https://wiki.biligame.com/rocom/Data:Mapnew/type/713/json?action=raw
gr7ve5dbnj,采集,713,喷气菇,,-1364,-917,G,1746159143231,4,https://wiki.biligame.com/rocom/Data:Mapnew/type/713/json?action=raw
1oysgx10fn2,采集,713,喷气菇,,-1386,-925,G,1746159154222,4,https://wiki.biligame.com/rocom/Data:Mapnew/type/713/json?action=raw
b93zfisxg,采集,713,喷气菇,,-1387,-988,G,1746159193588,4,https://wiki.biligame.com/rocom/Data:Mapnew/type/713/json?action=raw
1f4bj9cawnj,采集,713,喷气菇,,-1266,-955,G,1746159248335,4,https://wiki.biligame.com/rocom/Data:Mapnew/type/713/json?action=raw
1cd2pkivxlq,采集,713,喷气菇,,-633,-2570,G,1764737813982,4,https://wiki.biligame.com/rocom/Data:Mapnew/type/713/json?action=raw
raib541snr,采集,713,喷气菇,,-611,-2563,G,1764737814359,4,https://wiki.biligame.com/rocom/Data:Mapnew/type/713/json?action=raw
j0r4gw7gwf,采集,713,喷气菇,,-627,-2552,G,1764737814863,4,https://wiki.biligame.com/rocom/Data:Mapnew/type/713/json?action=raw
1l4jxxbs3r4,采集,713,喷气菇,,-646,-2627,G,1764737835264,4,https://wiki.biligame.com/rocom/Data:Mapnew/type/713/json?action=raw
165rbkd0xlg,采集,713,喷气菇,,-541,-2695,G,1764737849108,4,https://wiki.biligame.com/rocom/Data:Mapnew/type/713/json?action=raw
1wna8i7a8pb,采集,713,喷气菇,,-608,-2686,G,1764737849743,4,https://wiki.biligame.com/rocom/Data:Mapnew/type/713/json?action=raw
64earzfc9j,采集,713,喷气菇,,-610,-2705,G,1764737850071,4,https://wiki.biligame.com/rocom/Data:Mapnew/type/713/json?action=raw
1p5vxbpwvjv,采集,713,喷气菇,,-589,-2727,G,1764737866939,4,https://wiki.biligame.com/rocom/Data:Mapnew/type/713/json?action=raw
26oue1boclk,采集,713,喷气菇,,-539,-2765,G,1764737869000,4,https://wiki.biligame.com/rocom/Data:Mapnew/type/713/json?action=raw
101zjhwyqdf,采集,713,喷气菇,,-554,-2792,G,1764737871363,4,https://wiki.biligame.com/rocom/Data:Mapnew/type/713/json?action=raw
2oifok2v3lo,采集,713,喷气菇,,-619,-2781,G,1764737873405,4,https://wiki.biligame.com/rocom/Data:Mapnew/type/713/json?action=raw
10g5z8s8db5,采集,713,喷气菇,,-920,-2503,G,1764737933666,4,https://wiki.biligame.com/rocom/Data:Mapnew/type/713/json?action=raw
v8aolsfexp,采集,713,喷气菇,,-963,-2485,G,1764737935709,4,https://wiki.biligame.com/rocom/Data:Mapnew/type/713/json?action=raw
1wudgdmydly,采集,713,喷气菇,,-942,-2590,G,1764737942374,4,https://wiki.biligame.com/rocom/Data:Mapnew/type/713/json?action=raw
z2jg4qxj1x,采集,713,喷气菇,,-972,-2582,G,1764737943733,4,https://wiki.biligame.com/rocom/Data:Mapnew/type/713/json?action=raw
17mxgm473wo,采集,713,喷气菇,,-957,-2585,G,1764737944456,4,https://wiki.biligame.com/rocom/Data:Mapnew/type/713/json?action=raw
6ikqiuq9bd,采集,713,喷气菇,,-768,-2744,G,1764737972137,4,https://wiki.biligame.com/rocom/Data:Mapnew/type/713/json?action=raw
1i2o1w3tpps,采集,713,喷气菇,,-758,-2735,G,1764737972848,4,https://wiki.biligame.com/rocom/Data:Mapnew/type/713/json?action=raw
2a5j9101tw,采集,713,喷气菇,,-753,-2754,G,1764737973828,4,https://wiki.biligame.com/rocom/Data:Mapnew/type/713/json?action=raw
8vnd024ljv,采集,713,喷气菇,,-1090,-2585,G,1764737996827,4,https://wiki.biligame.com/rocom/Data:Mapnew/type/713/json?action=raw
2k6gvcjeg46,采集,713,喷气菇,,-1069,-2578,G,1764737997846,4,https://wiki.biligame.com/rocom/Data:Mapnew/type/713/json?action=raw
xldb2zukp1,采集,713,喷气菇,,-1034,-2678,G,1764737998661,4,https://wiki.biligame.com/rocom/Data:Mapnew/type/713/json?action=raw
rvryrfd25p,采集,713,喷气菇,,-1233,-981,G,1764738598701,4,https://wiki.biligame.com/rocom/Data:Mapnew/type/713/json?action=raw
skl8bg0nr7,采集,713,喷气菇,,-1237,-1032,G,1764738602051,4,https://wiki.biligame.com/rocom/Data:Mapnew/type/713/json?action=raw
2isuc8igfs8,采集,713,喷气菇,,-1252,-1104,G,1764738606568,4,https://wiki.biligame.com/rocom/Data:Mapnew/type/713/json?action=raw
oc611malrj,采集,713,喷气菇,,-1136,-1099,G,1764738610863,4,https://wiki.biligame.com/rocom/Data:Mapnew/type/713/json?action=raw
2gc83tlavfc,采集,713,喷气菇,,-1366,-1396,G,1764738668184,4,https://wiki.biligame.com/rocom/Data:Mapnew/type/713/json?action=raw
21gz3ecchk1,采集,713,喷气菇,,-1363,-1380,G,1764738668513,4,https://wiki.biligame.com/rocom/Data:Mapnew/type/713/json?action=raw
2ib4ajxgefc,采集,713,喷气菇,,-1424,-1353,G,1764738669063,4,https://wiki.biligame.com/rocom/Data:Mapnew/type/713/json?action=raw
13zrwylr8e3,采集,713,喷气菇,,-911,-866,G,1764738687035,4,https://wiki.biligame.com/rocom/Data:Mapnew/type/713/json?action=raw
1juh0r0sj26,采集,713,喷气菇,,-999,-899,G,1764738694014,4,https://wiki.biligame.com/rocom/Data:Mapnew/type/713/json?action=raw
2m8wo0ls06o,采集,713,喷气菇,,-1022,-812,G,1764738696432,4,https://wiki.biligame.com/rocom/Data:Mapnew/type/713/json?action=raw
uce76cm4hj,采集,713,喷气菇,,-1127,-880,G,1764738700343,4,https://wiki.biligame.com/rocom/Data:Mapnew/type/713/json?action=raw
1iguhmzhmxo,采集,713,喷气菇,,-1154,-815,G,1764738701660,4,https://wiki.biligame.com/rocom/Data:Mapnew/type/713/json?action=raw
2990dpk16f2,采集,713,喷气菇,,-762,-2571,G,1776322780862,4,https://wiki.biligame.com/rocom/Data:Mapnew/type/713/json?action=raw
1ex8p932pem,采集,713,喷气菇,,-1364,-932,G,1776342598686,4,https://wiki.biligame.com/rocom/Data:Mapnew/type/713/json?action=raw
2joqyzvhu9o,采集,713,喷气菇,,-1360,-1025,G,1776342687355,4,https://wiki.biligame.com/rocom/Data:Mapnew/type/713/json?action=raw
1z3wm93d6fe,采集,713,喷气菇,,-933,-784,G,1776345491658,4,https://wiki.biligame.com/rocom/Data:Mapnew/type/713/json?action=raw
2gmv2yp8grk,采集,713,喷气菇,,-1069,-1022,G,1776345671648,4,https://wiki.biligame.com/rocom/Data:Mapnew/type/713/json?action=raw
2lr6r145rf0,采集,734,幽幽草,,-1853,-1034,G,1774963225099,4,https://wiki.biligame.com/rocom/Data:Mapnew/type/734/json?action=raw
lvjxbskpxq,采集,734,幽幽草,,-1864,-995,G,1774963226702,4,https://wiki.biligame.com/rocom/Data:Mapnew/type/734/json?action=raw
169b276rdi2,采集,734,幽幽草,,-1872,-1197,G,1774963228442,4,https://wiki.biligame.com/rocom/Data:Mapnew/type/734/json?action=raw
1sfm9jtefo,采集,734,幽幽草,,-1792,-1295,G,1774963230036,4,https://wiki.biligame.com/rocom/Data:Mapnew/type/734/json?action=raw
130byaj3zbq,采集,734,幽幽草,,-1817,-1283,G,1774963232918,4,https://wiki.biligame.com/rocom/Data:Mapnew/type/734/json?action=raw
g2ez2hxf8k,采集,734,幽幽草,,-1751,-1291,G,1774963233892,4,https://wiki.biligame.com/rocom/Data:Mapnew/type/734/json?action=raw
1irhg58c42e,采集,734,幽幽草,,-1514,-1262,G,1774963235734,4,https://wiki.biligame.com/rocom/Data:Mapnew/type/734/json?action=raw
2gc88ioquy8,采集,734,幽幽草,,-1609,-1099,G,1774963236656,4,https://wiki.biligame.com/rocom/Data:Mapnew/type/734/json?action=raw
roovl3bqza,采集,734,幽幽草,,-1686,-1015,G,1774963393622,4,https://wiki.biligame.com/rocom/Data:Mapnew/type/734/json?action=raw
14vojjpkzoz,采集,734,幽幽草,,-1866,-1112,G,1775964497587,4,https://wiki.biligame.com/rocom/Data:Mapnew/type/734/json?action=raw
i4usd9ed87,采集,734,幽幽草,,-1745,-1097,G,1776336336759,4,https://wiki.biligame.com/rocom/Data:Mapnew/type/734/json?action=raw
1n3g9zkzzwy,采集,734,幽幽草,,-1498,-903,G,1776342413458,4,https://wiki.biligame.com/rocom/Data:Mapnew/type/734/json?action=raw
p4j1v9d1fv,采集,734,幽幽草,,-1531,-868,G,1776342416779,4,https://wiki.biligame.com/rocom/Data:Mapnew/type/734/json?action=raw
7snt7urn18,采集,734,幽幽草,,-1729,-1260,G,1776751490908,4,https://wiki.biligame.com/rocom/Data:Mapnew/type/734/json?action=raw
1hduxurqlkg,采集,734,幽幽草,,-1570,-1333,G,1776751538864,4,https://wiki.biligame.com/rocom/Data:Mapnew/type/734/json?action=raw
1spi0k7p1gw,采集,734,幽幽草,,-1705,-1191,G,1776751667888,4,https://wiki.biligame.com/rocom/Data:Mapnew/type/734/json?action=raw
i1b69e65qt,采集,735,幽幽鬼火,,-1801,-1115,G,1775964435605,4,https://wiki.biligame.com/rocom/Data:Mapnew/type/735/json?action=raw
ls0bumvxob,采集,735,幽幽鬼火,,-1857,-1104,G,1775964478011,4,https://wiki.biligame.com/rocom/Data:Mapnew/type/735/json?action=raw
60ufek9lbh,采集,709,天使草,,-1468,-2516,G,1744197234733,4,https://wiki.biligame.com/rocom/Data:Mapnew/type/709/json?action=raw
7egyilmel6,采集,709,天使草,,-1565,-2722,G,1744197316698,4,https://wiki.biligame.com/rocom/Data:Mapnew/type/709/json?action=raw
lz3ekecvaz,采集,709,天使草,,-1527,-2230,G,1764737681275,4,https://wiki.biligame.com/rocom/Data:Mapnew/type/709/json?action=raw
4clbx2sdju,采集,709,天使草,,-1589,-2245,G,1764737681818,4,https://wiki.biligame.com/rocom/Data:Mapnew/type/709/json?action=raw
ujhf1rmgp2,采集,709,天使草,,-1520,-2274,G,1764737682694,4,https://wiki.biligame.com/rocom/Data:Mapnew/type/709/json?action=raw
1z0cuzekiey,采集,709,天使草,,-1588,-2252,G,1764737684538,4,https://wiki.biligame.com/rocom/Data:Mapnew/type/709/json?action=raw
ito1c2x97q,采集,709,天使草,,-1606,-2443,G,1775054573286,4,https://wiki.biligame.com/rocom/Data:Mapnew/type/709/json?action=raw
yod54hyeyd,采集,709,天使草,,-1599,-2449,G,1775054573877,4,https://wiki.biligame.com/rocom/Data:Mapnew/type/709/json?action=raw
15gy6qyon0t,采集,709,天使草,,-1600,-2457,G,1775054574733,4,https://wiki.biligame.com/rocom/Data:Mapnew/type/709/json?action=raw
1ow0iz2fv4,采集,709,天使草,,-1687,-2528,G,1775394990032,4,https://wiki.biligame.com/rocom/Data:Mapnew/type/709/json?action=raw
wwk6faocez,采集,709,天使草,,-1494,-2720,G,1775399328476,4,https://wiki.biligame.com/rocom/Data:Mapnew/type/709/json?action=raw
3gozdy6wea,采集,709,天使草,,-1485,-2604,G,1775399333762,4,https://wiki.biligame.com/rocom/Data:Mapnew/type/709/json?action=raw
2fy1sz160zv,采集,709,天使草,,-1484,-2698,G,1775399352203,4,https://wiki.biligame.com/rocom/Data:Mapnew/type/709/json?action=raw
s2vbj6464y,采集,709,天使草,,-1518,-2733,G,1775399352850,4,https://wiki.biligame.com/rocom/Data:Mapnew/type/709/json?action=raw
h1v2mvnqsa,采集,709,天使草,,-1476,-2680,G,1775399353946,4,https://wiki.biligame.com/rocom/Data:Mapnew/type/709/json?action=raw
1tarnk5f50y,采集,709,天使草,,-1471,-2594,G,1775399373874,4,https://wiki.biligame.com/rocom/Data:Mapnew/type/709/json?action=raw
32ijn2zik2,采集,709,天使草,,-1474,-2500,G,1775399376562,4,https://wiki.biligame.com/rocom/Data:Mapnew/type/709/json?action=raw
1lma4i8fhzv,采集,709,天使草,,-1657,-2498,G,1775399385307,4,https://wiki.biligame.com/rocom/Data:Mapnew/type/709/json?action=raw
13aysaw7idm,采集,709,天使草,,-1667,-2523,G,1775399387338,4,https://wiki.biligame.com/rocom/Data:Mapnew/type/709/json?action=raw
1k1kdirjzui,采集,709,天使草,,-1535,-2138,G,1775399464762,4,https://wiki.biligame.com/rocom/Data:Mapnew/type/709/json?action=raw
28nqpnzgw22,采集,709,天使草,,-1531,-2125,G,1775399466314,4,https://wiki.biligame.com/rocom/Data:Mapnew/type/709/json?action=raw
219w0f7wnq2,采集,709,天使草,,-1626,-2093,G,1775399486234,4,https://wiki.biligame.com/rocom/Data:Mapnew/type/709/json?action=raw
weu4qpqk2i,采集,709,天使草,,-1584,-2103,G,1775399495962,4,https://wiki.biligame.com/rocom/Data:Mapnew/type/709/json?action=raw
c867qr64si,采集,709,天使草,,-1567,-2120,G,1775399497922,4,https://wiki.biligame.com/rocom/Data:Mapnew/type/709/json?action=raw
1v9nuahngte,采集,709,天使草,,-1557,-2100,G,1775399505379,4,https://wiki.biligame.com/rocom/Data:Mapnew/type/709/json?action=raw
uu4dr8tzbm,采集,709,天使草,,-1610,-2060,G,1775399525395,4,https://wiki.biligame.com/rocom/Data:Mapnew/type/709/json?action=raw
vtkh4ewyip,采集,709,天使草,,-1567,-2045,G,1775399535809,4,https://wiki.biligame.com/rocom/Data:Mapnew/type/709/json?action=raw
jihb1symjm,采集,709,天使草,,-1640,-2042,G,1775399540386,4,https://wiki.biligame.com/rocom/Data:Mapnew/type/709/json?action=raw
2iwe32jigmc,采集,709,天使草,,-1645,-1975,G,1775399546787,4,https://wiki.biligame.com/rocom/Data:Mapnew/type/709/json?action=raw
t2bewcbaf6,采集,709,天使草,,-1671,-1903,G,1775399556482,4,https://wiki.biligame.com/rocom/Data:Mapnew/type/709/json?action=raw
13sotzhcjwa,采集,709,天使草,,-1659,-1915,G,1775399558331,4,https://wiki.biligame.com/rocom/Data:Mapnew/type/709/json?action=raw
2krqnv5v8ze,采集,709,天使草,,-1669,-1860,G,1775399563322,4,https://wiki.biligame.com/rocom/Data:Mapnew/type/709/json?action=raw
qi5kjpblre,采集,709,天使草,,-1641,-1852,G,1775399569386,4,https://wiki.biligame.com/rocom/Data:Mapnew/type/709/json?action=raw
r3f86069yy,采集,709,天使草,,-1601,-1874,G,1775399579642,4,https://wiki.biligame.com/rocom/Data:Mapnew/type/709/json?action=raw
197nchws8hl,采集,709,天使草,,-1589,-1887,G,1775399583225,4,https://wiki.biligame.com/rocom/Data:Mapnew/type/709/json?action=raw
bftc90rgey,采集,709,天使草,,-1597,-1929,G,1775399587802,4,https://wiki.biligame.com/rocom/Data:Mapnew/type/709/json?action=raw
25pefkhbejm,采集,709,天使草,,-1587,-1954,G,1775399595874,4,https://wiki.biligame.com/rocom/Data:Mapnew/type/709/json?action=raw
2b0tchwzwoe,采集,709,天使草,,-1768,-2307,G,1776168973358,4,https://wiki.biligame.com/rocom/Data:Mapnew/type/709/json?action=raw
1yt9sd0wbhc,采集,709,天使草,,-1749,-2304,G,1776169055776,4,https://wiki.biligame.com/rocom/Data:Mapnew/type/709/json?action=raw
86u8qcauph,采集,709,天使草,,-1528,-2201,G,1776244755957,4,https://wiki.biligame.com/rocom/Data:Mapnew/type/709/json?action=raw
1d5fqckn7yp,采集,709,天使草,,-1611,-2052,G,1776245361681,4,https://wiki.biligame.com/rocom/Data:Mapnew/type/709/json?action=raw
di95b2r2bx,采集,709,天使草,,-1812,-2272,G,1776246162061,4,https://wiki.biligame.com/rocom/Data:Mapnew/type/709/json?action=raw
1a73g92wh83,采集,709,天使草,,-1825,-2248,G,1776246179124,4,https://wiki.biligame.com/rocom/Data:Mapnew/type/709/json?action=raw
1r4s9cdwj98,采集,709,天使草,,-1792,-2156,G,1776246322812,4,https://wiki.biligame.com/rocom/Data:Mapnew/type/709/json?action=raw
16r14gzqaaj,采集,709,天使草,,-1800,-2176,G,1776246339995,4,https://wiki.biligame.com/rocom/Data:Mapnew/type/709/json?action=raw
u8uqiy8bfm,采集,709,天使草,,-1720,-2139,G,1776246461922,4,https://wiki.biligame.com/rocom/Data:Mapnew/type/709/json?action=raw
u1rinimdwd,采集,709,天使草,,-1739,-2119,G,1776246472157,4,https://wiki.biligame.com/rocom/Data:Mapnew/type/709/json?action=raw
190k50hfiv0,采集,709,天使草,,-1795,-2136,G,1776246550076,4,https://wiki.biligame.com/rocom/Data:Mapnew/type/709/json?action=raw
13mdarssxg,采集,709,天使草,,-1561,-2713,G,1776247526516,4,https://wiki.biligame.com/rocom/Data:Mapnew/type/709/json?action=raw
1jy0d90c8ij,采集,716,星霜花,,-1433,-2885,G,1744196553243,4,https://wiki.biligame.com/rocom/Data:Mapnew/type/716/json?action=raw
yyzu70z6vh,采集,716,星霜花,,-1711,-2282,G,1764737698189,4,https://wiki.biligame.com/rocom/Data:Mapnew/type/716/json?action=raw
jih65h6zls,采集,716,星霜花,,-1762,-2296,G,1764737728192,4,https://wiki.biligame.com/rocom/Data:Mapnew/type/716/json?action=raw
17qh2jtvka5,采集,716,星霜花,,-1785,-2248,G,1764737728877,4,https://wiki.biligame.com/rocom/Data:Mapnew/type/716/json?action=raw
28utsn3d1f6,采集,716,星霜花,,-1786,-2200,G,1764737730418,4,https://wiki.biligame.com/rocom/Data:Mapnew/type/716/json?action=raw
mrga24uogx,采集,716,星霜花,,-1744,-2444,G,1764737737569,4,https://wiki.biligame.com/rocom/Data:Mapnew/type/716/json?action=raw
2kva4wk3ong,采集,716,星霜花,,-1279,-2587,G,1764738077581,4,https://wiki.biligame.com/rocom/Data:Mapnew/type/716/json?action=raw
11xc4ajflr2,采集,716,星霜花,,-1342,-2574,G,1764738078430,4,https://wiki.biligame.com/rocom/Data:Mapnew/type/716/json?action=raw
1ua7m101gbp,采集,716,星霜花,,-1308,-2651,G,1764738084069,4,https://wiki.biligame.com/rocom/Data:Mapnew/type/716/json?action=raw
2nq2t2cjous,采集,716,星霜花,,-1297,-2746,G,1764738115732,4,https://wiki.biligame.com/rocom/Data:Mapnew/type/716/json?action=raw
iq4anqz6am,采集,716,星霜花,,-1533,-2688,G,1764738138270,4,https://wiki.biligame.com/rocom/Data:Mapnew/type/716/json?action=raw
17fu8qop4e3,采集,716,星霜花,,-1488,-2714,G,1764738138747,4,https://wiki.biligame.com/rocom/Data:Mapnew/type/716/json?action=raw
171nsztgxnn,采集,716,星霜花,,-1590,-2828,G,1764738144099,4,https://wiki.biligame.com/rocom/Data:Mapnew/type/716/json?action=raw
1zw9cev4io9,采集,716,星霜花,,-2002,-2325,G,1764738166409,4,https://wiki.biligame.com/rocom/Data:Mapnew/type/716/json?action=raw
2dhffnsky3t,采集,716,星霜花,,-1937,-2329,G,1764738167209,4,https://wiki.biligame.com/rocom/Data:Mapnew/type/716/json?action=raw
165rbkd7zr5,采集,716,星霜花,,-2022,-2103,G,1764738178497,4,https://wiki.biligame.com/rocom/Data:Mapnew/type/716/json?action=raw
1zejaqa3eyg,采集,716,星霜花,,-1995,-2088,G,1764738179193,4,https://wiki.biligame.com/rocom/Data:Mapnew/type/716/json?action=raw
152rm9hcmt1,采集,716,星霜花,,-1795,-2009,G,1764738200437,4,https://wiki.biligame.com/rocom/Data:Mapnew/type/716/json?action=raw
1iguhmz76sk,采集,716,星霜花,,-1780,-1986,G,1764738214180,4,https://wiki.biligame.com/rocom/Data:Mapnew/type/716/json?action=raw
1ovvmqaxh2,采集,716,星霜花,,-1858,-1933,G,1764738222582,4,https://wiki.biligame.com/rocom/Data:Mapnew/type/716/json?action=raw
1i9r9rjlaip,采集,716,星霜花,,-1527,-1818,G,1764738226049,4,https://wiki.biligame.com/rocom/Data:Mapnew/type/716/json?action=raw
23xlbt99whv,采集,716,星霜花,,-1492,-1813,G,1764738226627,4,https://wiki.biligame.com/rocom/Data:Mapnew/type/716/json?action=raw
rl54y9py2w,采集,716,星霜花,,-1644,-1576,G,1764738230728,4,https://wiki.biligame.com/rocom/Data:Mapnew/type/716/json?action=raw
c4mgwpx41i,采集,716,星霜花,,-1663,-1584,G,1764738231222,4,https://wiki.biligame.com/rocom/Data:Mapnew/type/716/json?action=raw
uxnusn6j8h,采集,716,星霜花,,-1692,-1590,G,1764738231777,4,https://wiki.biligame.com/rocom/Data:Mapnew/type/716/json?action=raw
25sxwlvmgjc,采集,716,星霜花,,-1718,-1590,G,1764738232376,4,https://wiki.biligame.com/rocom/Data:Mapnew/type/716/json?action=raw
tr4jk1hu5c,采集,716,星霜花,,-1911,-1420,G,1764738241504,4,https://wiki.biligame.com/rocom/Data:Mapnew/type/716/json?action=raw
2gjbbp0o0cg,采集,716,星霜花,,-1855,-1553,G,1764738247616,4,https://wiki.biligame.com/rocom/Data:Mapnew/type/716/json?action=raw
2358gbitshd,采集,716,星霜花,,-1806,-1572,G,1764738249585,4,https://wiki.biligame.com/rocom/Data:Mapnew/type/716/json?action=raw
4xuzjdz5vj,采集,716,星霜花,,-1852,-1635,G,1764738257279,4,https://wiki.biligame.com/rocom/Data:Mapnew/type/716/json?action=raw
1ascyl288kj,采集,716,星霜花,,-1844,-1640,G,1764738257763,4,https://wiki.biligame.com/rocom/Data:Mapnew/type/716/json?action=raw
n233val617,采集,716,星霜花,洞穴,-2059,-1850,B1,1764738262987,4,https://wiki.biligame.com/rocom/Data:Mapnew/type/716/json?action=raw
1teb4ljvqv1,采集,716,星霜花,,-1960,-1671,G,1764738269373,4,https://wiki.biligame.com/rocom/Data:Mapnew/type/716/json?action=raw
16r0z6o4eia,采集,716,星霜花,,-1983,-1670,G,1764738269810,4,https://wiki.biligame.com/rocom/Data:Mapnew/type/716/json?action=raw
lz3ekepjzm,采集,716,星霜花,,-1985,-1608,G,1764738273138,4,https://wiki.biligame.com/rocom/Data:Mapnew/type/716/json?action=raw
ggla49hdpp,采集,716,星霜花,,-1988,-1526,G,1764738275501,4,https://wiki.biligame.com/rocom/Data:Mapnew/type/716/json?action=raw
1m0gfcsb9e3,采集,716,星霜花,,-2051,-1540,G,1764738277451,4,https://wiki.biligame.com/rocom/Data:Mapnew/type/716/json?action=raw
d7m67ltyej,采集,716,星霜花,,-2089,-1496,G,1764738278507,4,https://wiki.biligame.com/rocom/Data:Mapnew/type/716/json?action=raw
2d6slun85wa,采集,716,星霜花,,-2084,-1486,G,1764738281178,4,https://wiki.biligame.com/rocom/Data:Mapnew/type/716/json?action=raw
wj04zvpos,采集,716,星霜花,,-1844,-1428,G,1764738287308,4,https://wiki.biligame.com/rocom/Data:Mapnew/type/716/json?action=raw
1udr7ypywij,采集,716,星霜花,,-1781,-1415,G,1764738288155,4,https://wiki.biligame.com/rocom/Data:Mapnew/type/716/json?action=raw
1xttjqt8n1n,采集,716,星霜花,,-1751,-1401,G,1764738292651,4,https://wiki.biligame.com/rocom/Data:Mapnew/type/716/json?action=raw
2g8ohvva7as,采集,716,星霜花,,-1417,-2557,G,1764738313844,4,https://wiki.biligame.com/rocom/Data:Mapnew/type/716/json?action=raw
jt453rg4q4,采集,716,星霜花,,-1814,-1558,G,1775932084972,4,https://wiki.biligame.com/rocom/Data:Mapnew/type/716/json?action=raw
2aj3apf4mrd,采集,716,星霜花,,-1872,-1619,G,1775932432185,4,https://wiki.biligame.com/rocom/Data:Mapnew/type/716/json?action=raw
2rvq2qz8ul,采集,716,星霜花,,-1865,-1649,G,1775932512653,4,https://wiki.biligame.com/rocom/Data:Mapnew/type/716/json?action=raw
uxnzxslfyh,采集,716,星霜花,,-1990,-1581,G,1775933568009,4,https://wiki.biligame.com/rocom/Data:Mapnew/type/716/json?action=raw
2ekfa3tzf96,采集,716,星霜花,,-2000,-1648,G,1775933677818,4,https://wiki.biligame.com/rocom/Data:Mapnew/type/716/json?action=raw
133vkoatb2u,采集,716,星霜花,洞穴,-2062,-1942,B1,1775933876054,4,https://wiki.biligame.com/rocom/Data:Mapnew/type/716/json?action=raw
wpgyspdkqe,采集,716,星霜花,洞穴,-2027,-1961,B1,1775933977398,4,https://wiki.biligame.com/rocom/Data:Mapnew/type/716/json?action=raw
1ltdcmic2jd,采集,716,星霜花,洞穴,-2000,-1964,B1,1775933989337,4,https://wiki.biligame.com/rocom/Data:Mapnew/type/716/json?action=raw
12t8qv5gqis,采集,716,星霜花,洞穴,-2000,-1981,B1,1775933999940,4,https://wiki.biligame.com/rocom/Data:Mapnew/type/716/json?action=raw
2hmb6a8c2wc,采集,716,星霜花,,-1877,-2139,G,1776246614445,4,https://wiki.biligame.com/rocom/Data:Mapnew/type/716/json?action=raw
1apl66wzi4,采集,716,星霜花,,-1858,-2111,G,1776246688188,4,https://wiki.biligame.com/rocom/Data:Mapnew/type/716/json?action=raw
1sbbkm9erh5,采集,716,星霜花,,-1848,-1943,G,1776323273625,4,https://wiki.biligame.com/rocom/Data:Mapnew/type/716/json?action=raw
11tsnof5pji,采集,716,星霜花,,-1852,-1951,G,1776323284879,4,https://wiki.biligame.com/rocom/Data:Mapnew/type/716/json?action=raw
1lf6x22vwip,采集,716,星霜花,,-1841,-1924,G,1776323293281,4,https://wiki.biligame.com/rocom/Data:Mapnew/type/716/json?action=raw
b56ia4m455,采集,732,火焰花,,-1993,-2484,G,1775052368505,4,https://wiki.biligame.com/rocom/Data:Mapnew/type/732/json?action=raw
zyg2at4x4f,采集,732,火焰花,,-1773,-2772,G,1775054038447,4,https://wiki.biligame.com/rocom/Data:Mapnew/type/732/json?action=raw
1fwos0y7yym,采集,732,火焰花,顶部平台,-1648,-2514,G,1775054450366,4,https://wiki.biligame.com/rocom/Data:Mapnew/type/732/json?action=raw
1nopxf37r2s,采集,732,火焰花,,-1493,-2005,G,1775931528148,4,https://wiki.biligame.com/rocom/Data:Mapnew/type/732/json?action=raw
qp8snxqorz,采集,732,火焰花,,-1527,-1749,G,1775931677935,4,https://wiki.biligame.com/rocom/Data:Mapnew/type/732/json?action=raw
wwk6o3mguf,采集,732,火焰花,,-1531,-1734,G,1775931679175,4,https://wiki.biligame.com/rocom/Data:Mapnew/type/732/json?action=raw
114zdxxmkxk,采集,732,火焰花,,-1778,-1526,G,1775932139640,4,https://wiki.biligame.com/rocom/Data:Mapnew/type/732/json?action=raw
ij17xg0ry8,采集,732,火焰花,,-1739,-1659,G,1775932207488,4,https://wiki.biligame.com/rocom/Data:Mapnew/type/732/json?action=raw
kzngcdpo9c,采集,732,火焰花,,-1915,-1415,G,1775933047824,4,https://wiki.biligame.com/rocom/Data:Mapnew/type/732/json?action=raw
1rtlir843n8,采集,732,火焰花,,-2099,-1396,G,1775933169524,4,https://wiki.biligame.com/rocom/Data:Mapnew/type/732/json?action=raw
12ilx73av26,采集,732,火焰花,,-2061,-1534,G,1776241806014,4,https://wiki.biligame.com/rocom/Data:Mapnew/type/732/json?action=raw
icpog4hvt,采集,732,火焰花,,-1794,-2237,G,1776246133641,4,https://wiki.biligame.com/rocom/Data:Mapnew/type/732/json?action=raw
xsgo8rjn2z,采集,732,火焰花,,-1720,-2017,G,1776246863515,4,https://wiki.biligame.com/rocom/Data:Mapnew/type/732/json?action=raw
206wbicsj4z,采集,732,火焰花,,-1418,-2557,G,1776247305187,4,https://wiki.biligame.com/rocom/Data:Mapnew/type/732/json?action=raw
2pw2cygoqmw,采集,732,火焰花,,-1537,-2697,G,1776247469273,4,https://wiki.biligame.com/rocom/Data:Mapnew/type/732/json?action=raw
11c2lylg4no,采集,732,火焰花,,-1761,-2844,G,1776248252564,4,https://wiki.biligame.com/rocom/Data:Mapnew/type/732/json?action=raw
rs8i5ibnnt,采集,732,火焰花,,-1526,-2967,G,1776335958665,4,https://wiki.biligame.com/rocom/Data:Mapnew/type/732/json?action=raw
wt0kbuj3hs,采集,733,雪菇,,-1849,-2634,G,1775052759664,4,https://wiki.biligame.com/rocom/Data:Mapnew/type/733/json?action=raw
b56ia50jo0,采集,733,雪菇,洞内,-1805,-2559,G,1775053041808,4,https://wiki.biligame.com/rocom/Data:Mapnew/type/733/json?action=raw
130byc0q4ef,采集,733,雪菇,,-1839,-2498,G,1775053285575,4,https://wiki.biligame.com/rocom/Data:Mapnew/type/733/json?action=raw
27vdu0iyphk,采集,733,雪菇,,-1795,-2650,G,1775053391752,4,https://wiki.biligame.com/rocom/Data:Mapnew/type/733/json?action=raw
23jf0szh7i7,采集,733,雪菇,,-1835,-2707,G,1775053476671,4,https://wiki.biligame.com/rocom/Data:Mapnew/type/733/json?action=raw
15rl0k3gs5z,采集,733,雪菇,,-1869,-2670,G,1775053497751,4,https://wiki.biligame.com/rocom/Data:Mapnew/type/733/json?action=raw
2m8wswwn8wk,采集,733,雪菇,,-1692,-2752,G,1775398997203,4,https://wiki.biligame.com/rocom/Data:Mapnew/type/733/json?action=raw
2nmjc0xyp0a,采集,733,雪菇,,-1599,-2851,G,1775399015450,4,https://wiki.biligame.com/rocom/Data:Mapnew/type/733/json?action=raw
14l1ph7hwv7,采集,733,雪菇,,-1694,-3004,G,1775399033763,4,https://wiki.biligame.com/rocom/Data:Mapnew/type/733/json?action=raw
1lwwybdnche,采集,733,雪菇,,-1664,-2916,G,1775399041010,4,https://wiki.biligame.com/rocom/Data:Mapnew/type/733/json?action=raw
3gozdy0rzm,采集,733,雪菇,,-1489,-3015,G,1775399048114,4,https://wiki.biligame.com/rocom/Data:Mapnew/type/733/json?action=raw
cit1jwc8yr,采集,733,雪菇,,-1506,-2983,G,1775399072867,4,https://wiki.biligame.com/rocom/Data:Mapnew/type/733/json?action=raw
c4mlt142sj,采集,733,雪菇,,-1500,-2946,G,1775399078947,4,https://wiki.biligame.com/rocom/Data:Mapnew/type/733/json?action=raw
27h7efdjv0z,采集,733,雪菇,,-1465,-2957,G,1775399087315,4,https://wiki.biligame.com/rocom/Data:Mapnew/type/733/json?action=raw
2o49dpj1uf6,采集,733,雪菇,,-1410,-2939,G,1775399098178,4,https://wiki.biligame.com/rocom/Data:Mapnew/type/733/json?action=raw
fh5bnel65f,采集,733,雪菇,,-1443,-2903,G,1775399103587,4,https://wiki.biligame.com/rocom/Data:Mapnew/type/733/json?action=raw
1lwwybdovhu,采集,733,雪菇,,-1368,-2651,G,1775399112306,4,https://wiki.biligame.com/rocom/Data:Mapnew/type/733/json?action=raw
2h4l47mpxmc,采集,733,雪菇,,-1285,-2757,G,1775399118963,4,https://wiki.biligame.com/rocom/Data:Mapnew/type/733/json?action=raw
2e2p86eot7v,采集,733,雪菇,,-1266,-2830,G,1775399129067,4,https://wiki.biligame.com/rocom/Data:Mapnew/type/733/json?action=raw
oxftk853oq,采集,733,雪菇,,-1228,-2900,G,1775399135722,4,https://wiki.biligame.com/rocom/Data:Mapnew/type/733/json?action=raw
2clj34nkxjm,采集,733,雪菇,,-1228,-2802,G,1775399140818,4,https://wiki.biligame.com/rocom/Data:Mapnew/type/733/json?action=raw
14dyhlry6lu,采集,733,雪菇,,-1191,-2780,G,1775399146738,4,https://wiki.biligame.com/rocom/Data:Mapnew/type/733/json?action=raw
27vdu68u1q2,采集,733,雪菇,,-1805,-2658,G,1775399175226,4,https://wiki.biligame.com/rocom/Data:Mapnew/type/733/json?action=raw
2oc3w7n29e,采集,733,雪菇,,-1794,-2640,G,1775399182898,4,https://wiki.biligame.com/rocom/Data:Mapnew/type/733/json?action=raw
2i0hln31j1g,采集,733,雪菇,,-1414,-2948,G,1775399208355,4,https://wiki.biligame.com/rocom/Data:Mapnew/type/733/json?action=raw
yktjchc30z,采集,733,雪菇,,-1417,-2928,G,1775399209811,4,https://wiki.biligame.com/rocom/Data:Mapnew/type/733/json?action=raw
1bvcss9dks3,采集,733,雪菇,,-1278,-2823,G,1775399224179,4,https://wiki.biligame.com/rocom/Data:Mapnew/type/733/json?action=raw
1p9fo5r7w36,采集,733,雪菇,,-1294,-2771,G,1775399226674,4,https://wiki.biligame.com/rocom/Data:Mapnew/type/733/json?action=raw
1rmiamylpqi,采集,733,雪菇,,-1294,-2746,G,1775399227274,4,https://wiki.biligame.com/rocom/Data:Mapnew/type/733/json?action=raw
1lptqfy5t9f,采集,733,雪菇,,-1670,-2907,G,1775399256419,4,https://wiki.biligame.com/rocom/Data:Mapnew/type/733/json?action=raw
2oc3w7x7oz,采集,733,雪菇,,-1551,-2002,G,1775399656499,4,https://wiki.biligame.com/rocom/Data:Mapnew/type/733/json?action=raw
1ej292mg05m,采集,733,雪菇,,-1563,-1969,G,1775399662282,4,https://wiki.biligame.com/rocom/Data:Mapnew/type/733/json?action=raw
hn4q96oyea,采集,733,雪菇,,-1499,-1971,G,1775399669282,4,https://wiki.biligame.com/rocom/Data:Mapnew/type/733/json?action=raw
zyg2gix31e,采集,733,雪菇,,-1473,-1938,G,1775399673762,4,https://wiki.biligame.com/rocom/Data:Mapnew/type/733/json?action=raw
8dxg7ssczw,采集,733,雪菇,,-1587,-1719,G,1775399692492,4,https://wiki.biligame.com/rocom/Data:Mapnew/type/733/json?action=raw
1xmqgrp5ikq,采集,733,雪菇,,-1695,-1699,G,1775399703114,4,https://wiki.biligame.com/rocom/Data:Mapnew/type/733/json?action=raw
1orpmh6jlje,采集,733,雪菇,,-1871,-2129,G,1775399837130,4,https://wiki.biligame.com/rocom/Data:Mapnew/type/733/json?action=raw
225shuoe3x6,采集,733,雪菇,,-1753,-2035,G,1775399848794,4,https://wiki.biligame.com/rocom/Data:Mapnew/type/733/json?action=raw
2dpa32m8cy,采集,733,雪菇,,-1695,-2030,G,1775399854546,4,https://wiki.biligame.com/rocom/Data:Mapnew/type/733/json?action=raw
nqwibmvqu2,采集,733,雪菇,,-1724,-1946,G,1775399861146,4,https://wiki.biligame.com/rocom/Data:Mapnew/type/733/json?action=raw
d42p67ocpm,采集,733,雪菇,,-1701,-1425,G,1775399896410,4,https://wiki.biligame.com/rocom/Data:Mapnew/type/733/json?action=raw
2kdk84audyy,采集,733,雪菇,,-1778,-1453,G,1775399910458,4,https://wiki.biligame.com/rocom/Data:Mapnew/type/733/json?action=raw
1zspvdh1xhe,采集,733,雪菇,,-1804,-1521,G,1775399924930,4,https://wiki.biligame.com/rocom/Data:Mapnew/type/733/json?action=raw
rl59ulfbbl,采集,733,雪菇,,-1812,-1574,G,1775399937041,4,https://wiki.biligame.com/rocom/Data:Mapnew/type/733/json?action=raw
1uhaz1k5uza,采集,733,雪菇,山洞,-1754,-1566,G,1775931896854,4,https://wiki.biligame.com/rocom/Data:Mapnew/type/733/json?action=raw
yod5j0b0ir,采集,733,雪菇,山洞,-1755,-1546,G,1775931921251,4,https://wiki.biligame.com/rocom/Data:Mapnew/type/733/json?action=raw
ydqbpuxi3g,采集,733,雪菇,,-1812,-1532,G,1775932001244,4,https://wiki.biligame.com/rocom/Data:Mapnew/type/733/json?action=raw
1p2cgoau5i8,采集,733,雪菇,,-1784,-1447,G,1776244466016,4,https://wiki.biligame.com/rocom/Data:Mapnew/type/733/json?action=raw
1ae6o4jn78w,采集,733,雪菇,,-1860,-2656,G,1776248072048,4,https://wiki.biligame.com/rocom/Data:Mapnew/type/733/json?action=raw
1y0wwxufa3m,采集,733,雪菇,地下,-1776,-1548,G,1776323560162,4,https://wiki.biligame.com/rocom/Data:Mapnew/type/733/json?action=raw
1jcqqkl2q1m,采集,738,杏黄贝,,878,116,G,1746244982106,4,https://wiki.biligame.com/rocom/Data:Mapnew/type/738/json?action=raw
2lupzrvvrvu,采集,738,杏黄贝,,910,147,G,1746245007850,4,https://wiki.biligame.com/rocom/Data:Mapnew/type/738/json?action=raw
1kxghk20yty,采集,738,杏黄贝,,821,51,G,1746245030486,4,https://wiki.biligame.com/rocom/Data:Mapnew/type/738/json?action=raw
21yowl2rn30,采集,738,杏黄贝,,766,66,G,1746245059484,4,https://wiki.biligame.com/rocom/Data:Mapnew/type/738/json?action=raw
dsvlc2axrn,采集,738,杏黄贝,,720,4,G,1746245077875,4,https://wiki.biligame.com/rocom/Data:Mapnew/type/738/json?action=raw
1q1s69c2psn,采集,738,杏黄贝,,737,-78,G,1746245115671,4,https://wiki.biligame.com/rocom/Data:Mapnew/type/738/json?action=raw
v1788iodia,采集,738,杏黄贝,,678,-178,G,1746245135458,4,https://wiki.biligame.com/rocom/Data:Mapnew/type/738/json?action=raw
11xbvsp88bn,采集,738,杏黄贝,,685,-217,G,1746245162275,4,https://wiki.biligame.com/rocom/Data:Mapnew/type/738/json?action=raw
1627h4t9j1c,采集,738,杏黄贝,,829,-329,G,1746245354912,4,https://wiki.biligame.com/rocom/Data:Mapnew/type/738/json?action=raw
2fqy7pg1wio,采集,738,杏黄贝,,789,-270,G,1746245418720,4,https://wiki.biligame.com/rocom/Data:Mapnew/type/738/json?action=raw
20afjnwaax7,采集,738,杏黄贝,,1056,-179,G,1746245476811,4,https://wiki.biligame.com/rocom/Data:Mapnew/type/738/json?action=raw
1feyd3x4bts,采集,738,杏黄贝,,1191,-213,G,1746245571040,4,https://wiki.biligame.com/rocom/Data:Mapnew/type/738/json?action=raw
2cw5jjnqk58,采集,738,杏黄贝,,1271,-264,G,1746245598076,4,https://wiki.biligame.com/rocom/Data:Mapnew/type/738/json?action=raw
2h4kqthimmg,采集,738,杏黄贝,,1364,-381,G,1746245683209,4,https://wiki.biligame.com/rocom/Data:Mapnew/type/738/json?action=raw
2m8wfirjeno,采集,738,杏黄贝,,1484,-428,G,1746245723123,4,https://wiki.biligame.com/rocom/Data:Mapnew/type/738/json?action=raw
2a4whbld227,采集,738,杏黄贝,,1216,-381,G,1746245999791,4,https://wiki.biligame.com/rocom/Data:Mapnew/type/738/json?action=raw
2cslxly8x1l,采集,738,杏黄贝,,1045,-261,G,1746246131529,4,https://wiki.biligame.com/rocom/Data:Mapnew/type/738/json?action=raw
2doif1emj6t,采集,738,杏黄贝,,1129,-674,G,1746246315173,4,https://wiki.biligame.com/rocom/Data:Mapnew/type/738/json?action=raw
298zzw5bwz1,采集,738,杏黄贝,,1190,-647,G,1746246398125,4,https://wiki.biligame.com/rocom/Data:Mapnew/type/738/json?action=raw
17u0fzqgpg7,采集,738,杏黄贝,,1267,-638,G,1746246466263,4,https://wiki.biligame.com/rocom/Data:Mapnew/type/738/json?action=raw
10xvsfjz7a7,采集,738,杏黄贝,,1305,-602,G,1746246549151,4,https://wiki.biligame.com/rocom/Data:Mapnew/type/738/json?action=raw
219vn132xqm,采集,738,杏黄贝,,1407,-547,G,1746246684238,4,https://wiki.biligame.com/rocom/Data:Mapnew/type/738/json?action=raw
icbwbcyvu,采集,738,杏黄贝,,1211,-595,G,1746246907546,4,https://wiki.biligame.com/rocom/Data:Mapnew/type/738/json?action=raw
1teaw3qmowy,采集,738,杏黄贝,,1032,-594,G,1746246954402,4,https://wiki.biligame.com/rocom/Data:Mapnew/type/738/json?action=raw
1oditc6gdwv,采集,738,杏黄贝,,945,-627,G,1746246979695,4,https://wiki.biligame.com/rocom/Data:Mapnew/type/738/json?action=raw
frrs2fll06,采集,738,杏黄贝,,933,-599,G,1746246997142,4,https://wiki.biligame.com/rocom/Data:Mapnew/type/738/json?action=raw
2fqy7ph0fst,采集,738,杏黄贝,,876,-500,G,1746247030013,4,https://wiki.biligame.com/rocom/Data:Mapnew/type/738/json?action=raw
uu40d47cqt,采集,738,杏黄贝,,834,-441,G,1746247054405,4,https://wiki.biligame.com/rocom/Data:Mapnew/type/738/json?action=raw
xhtufvoio6,采集,738,杏黄贝,,1643,27,G,1776262918022,4,https://wiki.biligame.com/rocom/Data:Mapnew/type/738/json?action=raw
2544sch1t50,采集,738,杏黄贝,,1289,168,G,1776263891652,4,https://wiki.biligame.com/rocom/Data:Mapnew/type/738/json?action=raw
114ze3f62jk,采集,738,杏黄贝,,1183,61,G,1776263933280,4,https://wiki.biligame.com/rocom/Data:Mapnew/type/738/json?action=raw
1ghyg79e4zu,采集,738,杏黄贝,,1142,55,G,1776264320458,4,https://wiki.biligame.com/rocom/Data:Mapnew/type/738/json?action=raw
1ae6o4tc3ii,采集,738,杏黄贝,,1268,228,G,1776264350154,4,https://wiki.biligame.com/rocom/Data:Mapnew/type/738/json?action=raw
7ehd8xjffk,采集,738,杏黄贝,,1210,241,G,1776264406496,4,https://wiki.biligame.com/rocom/Data:Mapnew/type/738/json?action=raw
vx43gfpqvh,采集,738,杏黄贝,,1073,286,G,1776264524621,4,https://wiki.biligame.com/rocom/Data:Mapnew/type/738/json?action=raw
bjcyl1jcr1,采集,738,杏黄贝,,1033,290,G,1776264535117,4,https://wiki.biligame.com/rocom/Data:Mapnew/type/738/json?action=raw
1z3wmblk9km,采集,738,杏黄贝,,896,-367,G,1776496987766,4,https://wiki.biligame.com/rocom/Data:Mapnew/type/738/json?action=raw
11fm80fg8vn,采集,738,杏黄贝,,855,-1,G,1776497164275,4,https://wiki.biligame.com/rocom/Data:Mapnew/type/738/json?action=raw
hxrkklx6dv,采集,738,杏黄贝,,494,-164,G,1776504529811,4,https://wiki.biligame.com/rocom/Data:Mapnew/type/738/json?action=raw
2mg01amgtl4,采集,738,杏黄贝,,471,-148,G,1776504530888,4,https://wiki.biligame.com/rocom/Data:Mapnew/type/738/json?action=raw
rzbq3qbhqi,采集,738,杏黄贝,,415,-116,G,1776504558730,4,https://wiki.biligame.com/rocom/Data:Mapnew/type/738/json?action=raw
1qcfdyx71vu,采集,738,杏黄贝,,369,-113,G,1776504569418,4,https://wiki.biligame.com/rocom/Data:Mapnew/type/738/json?action=raw
w0np24g45x,采集,721,海桑花,,614,93,G,1775537124629,4,https://wiki.biligame.com/rocom/Data:Mapnew/type/721/json?action=raw
1vd7gahf9nj,采集,721,海桑花,,664,471,G,1775537174431,4,https://wiki.biligame.com/rocom/Data:Mapnew/type/721/json?action=raw
120vv6uqy0x,采集,721,海桑花,,711,431,G,1775537181889,4,https://wiki.biligame.com/rocom/Data:Mapnew/type/721/json?action=raw
13aysd69o2j,采集,721,海桑花,,461,490,G,1775537216539,4,https://wiki.biligame.com/rocom/Data:Mapnew/type/721/json?action=raw
rl59wv64x1,采集,721,海桑花,,346,563,G,1775537237349,4,https://wiki.biligame.com/rocom/Data:Mapnew/type/721/json?action=raw
2afjol61ieo,采集,721,海桑花,,414,602,G,1775537253744,4,https://wiki.biligame.com/rocom/Data:Mapnew/type/721/json?action=raw
iq4fmchvbf,采集,721,海桑花,,467,610,G,1775537261771,4,https://wiki.biligame.com/rocom/Data:Mapnew/type/721/json?action=raw
1h6rpfscz4p,采集,721,海桑花,,865,389,G,1775569487065,4,https://wiki.biligame.com/rocom/Data:Mapnew/type/721/json?action=raw
khxehsa8hs,采集,721,海桑花,,903,170,G,1775569594752,4,https://wiki.biligame.com/rocom/Data:Mapnew/type/721/json?action=raw
1wcnjo6vsnb,采集,721,海桑花,,627,153,G,1775569729735,4,https://wiki.biligame.com/rocom/Data:Mapnew/type/721/json?action=raw
1sbbk9ssnro,采集,721,海桑花,,671,151,G,1775569774420,4,https://wiki.biligame.com/rocom/Data:Mapnew/type/721/json?action=raw
1dcixwu1li7,采集,721,海桑花,,588,135,G,1775569793312,4,https://wiki.biligame.com/rocom/Data:Mapnew/type/721/json?action=raw
124fh54061g,采集,721,海桑花,,534,192,G,1775569847956,4,https://wiki.biligame.com/rocom/Data:Mapnew/type/721/json?action=raw
2488aljkgxt,采集,721,海桑花,,518,183,G,1775569852866,4,https://wiki.biligame.com/rocom/Data:Mapnew/type/721/json?action=raw
xw09vaa29c,采集,721,海桑花,,518,167,G,1775569854448,4,https://wiki.biligame.com/rocom/Data:Mapnew/type/721/json?action=raw
anggu3q7jk,采集,721,海桑花,,528,0,G,1775569945520,4,https://wiki.biligame.com/rocom/Data:Mapnew/type/721/json?action=raw
c867tkol0r,采集,721,海桑花,,596,36,G,1775569999979,4,https://wiki.biligame.com/rocom/Data:Mapnew/type/721/json?action=raw
2ld0bzonkue,采集,721,海桑花,,105,334,G,1776501292358,4,https://wiki.biligame.com/rocom/Data:Mapnew/type/721/json?action=raw
14vojsl9k7b,采集,721,海桑花,,29,267,G,1776501441415,4,https://wiki.biligame.com/rocom/Data:Mapnew/type/721/json?action=raw
wwk6xj25tw,采集,721,海桑花,,-89,334,G,1776501801220,4,https://wiki.biligame.com/rocom/Data:Mapnew/type/721/json?action=raw
oj9ebley2w,采集,721,海桑花,,-97,312,G,1776501810440,4,https://wiki.biligame.com/rocom/Data:Mapnew/type/721/json?action=raw
114ze7ctcia,采集,721,海桑花,,-108,270,G,1776501845138,4,https://wiki.biligame.com/rocom/Data:Mapnew/type/721/json?action=raw
1bo9lf2a716,采集,721,海桑花,,-84,157,G,1776501927962,4,https://wiki.biligame.com/rocom/Data:Mapnew/type/721/json?action=raw
127z3i8r8p2,采集,721,海桑花,,-109,137,G,1776501941446,4,https://wiki.biligame.com/rocom/Data:Mapnew/type/721/json?action=raw
1fwosow27qk,采集,721,海桑花,,154,367,G,1776502010796,4,https://wiki.biligame.com/rocom/Data:Mapnew/type/721/json?action=raw
ay3b2o2yku,采集,721,海桑花,,158,357,G,1776502016910,4,https://wiki.biligame.com/rocom/Data:Mapnew/type/721/json?action=raw
1zspvvp7ln6,采集,721,海桑花,,166,367,G,1776502017618,4,https://wiki.biligame.com/rocom/Data:Mapnew/type/721/json?action=raw
eosgnwsg01,采集,721,海桑花,,270,370,G,1776502045697,4,https://wiki.biligame.com/rocom/Data:Mapnew/type/721/json?action=raw
1ex8pbq5s5m,采集,721,海桑花,,28,143,G,1776502305738,4,https://wiki.biligame.com/rocom/Data:Mapnew/type/721/json?action=raw
1x1gtnmsqza,采集,721,海桑花,,122,48,G,1776502356374,4,https://wiki.biligame.com/rocom/Data:Mapnew/type/721/json?action=raw
c4mmb9z6zi,采集,721,海桑花,,121,57,G,1776502358814,4,https://wiki.biligame.com/rocom/Data:Mapnew/type/721/json?action=raw
1xxdb334b7a,采集,721,海桑花,,79,167,G,1776502444214,4,https://wiki.biligame.com/rocom/Data:Mapnew/type/721/json?action=raw
4clhbn82w6,采集,721,海桑花,,73,182,G,1776502444966,4,https://wiki.biligame.com/rocom/Data:Mapnew/type/721/json?action=raw
gd1tl3rbfk,采集,721,海桑花,,62,172,G,1776502446497,4,https://wiki.biligame.com/rocom/Data:Mapnew/type/721/json?action=raw
2fcs5uzgbu4,采集,721,海桑花,,300,324,G,1776503081708,4,https://wiki.biligame.com/rocom/Data:Mapnew/type/721/json?action=raw
1rff39s7g89,采集,721,海桑花,,250,275,G,1776503102953,4,https://wiki.biligame.com/rocom/Data:Mapnew/type/721/json?action=raw
29cjzq97jj2,采集,721,海桑花,,255,260,G,1776503119774,4,https://wiki.biligame.com/rocom/Data:Mapnew/type/721/json?action=raw
15rl182k4ay,采集,721,海桑花,,344,274,G,1776503162058,4,https://wiki.biligame.com/rocom/Data:Mapnew/type/721/json?action=raw
wj5jkf8iw,采集,721,海桑花,,193,230,G,1776503228648,4,https://wiki.biligame.com/rocom/Data:Mapnew/type/721/json?action=raw
hxrkkl5mhq,采集,721,海桑花,,246,187,G,1776503244318,4,https://wiki.biligame.com/rocom/Data:Mapnew/type/721/json?action=raw
2aq6iualjdn,采集,721,海桑花,,265,173,G,1776503256923,4,https://wiki.biligame.com/rocom/Data:Mapnew/type/721/json?action=raw
1rx54ydcn14,采集,721,海桑花,,197,135,G,1776503280792,4,https://wiki.biligame.com/rocom/Data:Mapnew/type/721/json?action=raw
26vxrbc4ghe,采集,721,海桑花,,147,197,G,1776503297138,4,https://wiki.biligame.com/rocom/Data:Mapnew/type/721/json?action=raw
1avwpxcnf1w,采集,721,海桑花,,152,107,G,1776503319540,4,https://wiki.biligame.com/rocom/Data:Mapnew/type/721/json?action=raw
depjhm2pai,采集,721,海桑花,,213,78,G,1776503363210,4,https://wiki.biligame.com/rocom/Data:Mapnew/type/721/json?action=raw
1zejg4utdc8,采集,721,海桑花,,303,-43,G,1776503420616,4,https://wiki.biligame.com/rocom/Data:Mapnew/type/721/json?action=raw
qb2d6iwzta,采集,721,海桑花,,317,-54,G,1776503428942,4,https://wiki.biligame.com/rocom/Data:Mapnew/type/721/json?action=raw
1teba04lc2y,采集,721,海桑花,,419,-15,G,1776503493738,4,https://wiki.biligame.com/rocom/Data:Mapnew/type/721/json?action=raw
v4r82njhuq,采集,721,海桑花,,428,35,G,1776503513122,4,https://wiki.biligame.com/rocom/Data:Mapnew/type/721/json?action=raw
13ayst5oqgf,采集,721,海桑花,,398,93,G,1776503698671,4,https://wiki.biligame.com/rocom/Data:Mapnew/type/721/json?action=raw
2c7co69rhs3,采集,721,海桑花,,895,365,G,1777121440707,4,https://wiki.biligame.com/rocom/Data:Mapnew/type/721/json?action=raw
pbma3ku116,采集,721,海桑花,,711,448,G,1777121517754,4,https://wiki.biligame.com/rocom/Data:Mapnew/type/721/json?action=raw
4g53jln8ve,采集,721,海桑花,,592,406,G,1777121574314,4,https://wiki.biligame.com/rocom/Data:Mapnew/type/721/json?action=raw
159uztpsx72,采集,721,海桑花,,858,241,G,1777121735694,4,https://wiki.biligame.com/rocom/Data:Mapnew/type/721/json?action=raw
1ua7rpsz904,采集,721,海桑花,,607,235,G,1777121790036,4,https://wiki.biligame.com/rocom/Data:Mapnew/type/721/json?action=raw
29xtnmseqik,采集,721,海桑花,,522,300,G,1777121812924,4,https://wiki.biligame.com/rocom/Data:Mapnew/type/721/json?action=raw
22jyye0uluu,采集,721,海桑花,,516,275,G,1777121837606,4,https://wiki.biligame.com/rocom/Data:Mapnew/type/721/json?action=raw
1dg2kk7xadu,采集,721,海桑花,,532,205,G,1777121880530,4,https://wiki.biligame.com/rocom/Data:Mapnew/type/721/json?action=raw
n5mvhtadvz,采集,721,海桑花,,542,245,G,1777121891791,4,https://wiki.biligame.com/rocom/Data:Mapnew/type/721/json?action=raw
hxrk8sw6ln,采集,731,花星角,,824,459,G,1775790646635,4,https://wiki.biligame.com/rocom/Data:Mapnew/type/731/json?action=raw
1g08eaucao6,采集,731,花星角,,838,445,G,1775790647046,4,https://wiki.biligame.com/rocom/Data:Mapnew/type/731/json?action=raw
2e2p8cvsep5,采集,731,花星角,,841,465,G,1775790647401,4,https://wiki.biligame.com/rocom/Data:Mapnew/type/731/json?action=raw
1liqj2s1e5q,采集,731,花星角,,506,29,G,1776503591407,4,https://wiki.biligame.com/rocom/Data:Mapnew/type/731/json?action=raw
1ukul8qcij0,采集,731,花星角,,529,15,G,1776503599820,4,https://wiki.biligame.com/rocom/Data:Mapnew/type/731/json?action=raw
2clj3mx5gwq,采集,731,花星角,,520,32,G,1776503606746,4,https://wiki.biligame.com/rocom/Data:Mapnew/type/731/json?action=raw
8l0olhnfww,采集,731,花星角,,518,45,G,1776503616848,4,https://wiki.biligame.com/rocom/Data:Mapnew/type/731/json?action=raw
ajwvbtt8xe,采集,731,花星角,,532,46,G,1776503630706,4,https://wiki.biligame.com/rocom/Data:Mapnew/type/731/json?action=raw
1a3jufmdpew,采集,731,花星角,,528,65,G,1776503641064,4,https://wiki.biligame.com/rocom/Data:Mapnew/type/731/json?action=raw
2oc4eh7g5r,采集,731,花星角,,531,76,G,1776503641743,4,https://wiki.biligame.com/rocom/Data:Mapnew/type/731/json?action=raw
1x50fvl56s8,采集,731,花星角,,851,458,G,1777121358488,4,https://wiki.biligame.com/rocom/Data:Mapnew/type/731/json?action=raw
2fui7tslnxk,采集,731,花星角,,863,453,G,1777121365096,4,https://wiki.biligame.com/rocom/Data:Mapnew/type/731/json?action=raw
24x1kv7yiew,采集,731,花星角,,862,464,G,1777121375416,4,https://wiki.biligame.com/rocom/Data:Mapnew/type/731/json?action=raw
1hab6eexofs,采集,724,象牙花,,-18,-480,G,1764740612088,4,https://wiki.biligame.com/rocom/Data:Mapnew/type/724/json?action=raw
1jndsvmbkoc,采集,724,象牙花,,-97,-573,G,1764740616044,4,https://wiki.biligame.com/rocom/Data:Mapnew/type/724/json?action=raw
2enyqwfqe2n,采集,724,象牙花,,-78,-547,G,1764740618431,4,https://wiki.biligame.com/rocom/Data:Mapnew/type/724/json?action=raw
2l5wypr1mf0,采集,724,象牙花,,-89,-409,G,1764740630204,4,https://wiki.biligame.com/rocom/Data:Mapnew/type/724/json?action=raw
1wxx2bed6ws,采集,724,象牙花,,-161,-544,G,1764740636220,4,https://wiki.biligame.com/rocom/Data:Mapnew/type/724/json?action=raw
1xmqbvf0yjc,采集,724,象牙花,,-405,-193,G,1764740647384,4,https://wiki.biligame.com/rocom/Data:Mapnew/type/724/json?action=raw
y6mypc9voo,采集,724,象牙花,,-270,-278,G,1764740651176,4,https://wiki.biligame.com/rocom/Data:Mapnew/type/724/json?action=raw
i8e8z7fqq3,采集,724,象牙花,,-234,-344,G,1764740655115,4,https://wiki.biligame.com/rocom/Data:Mapnew/type/724/json?action=raw
re1x2vk90l,采集,724,象牙花,,208,-475,G,1764740678053,4,https://wiki.biligame.com/rocom/Data:Mapnew/type/724/json?action=raw
rooqw11bfx,采集,724,象牙花,,438,-295,G,1764740763949,4,https://wiki.biligame.com/rocom/Data:Mapnew/type/724/json?action=raw
27yxb7owi4g,采集,724,象牙花,,310,-277,G,1764740769728,4,https://wiki.biligame.com/rocom/Data:Mapnew/type/724/json?action=raw
1iykonru04b,采集,724,象牙花,,-447,177,G,1776360477467,4,https://wiki.biligame.com/rocom/Data:Mapnew/type/724/json?action=raw
ls0c16o2wx,采集,724,象牙花,,-475,132,G,1776360500929,4,https://wiki.biligame.com/rocom/Data:Mapnew/type/724/json?action=raw
oxfu04jknz,采集,724,象牙花,,-539,169,G,1776360551263,4,https://wiki.biligame.com/rocom/Data:Mapnew/type/724/json?action=raw
1m0gkozyvzt,采集,724,象牙花,,-448,367,G,1776360642937,4,https://wiki.biligame.com/rocom/Data:Mapnew/type/724/json?action=raw
26vxr8zbtdv,采集,724,象牙花,,-383,490,G,1776360873091,4,https://wiki.biligame.com/rocom/Data:Mapnew/type/724/json?action=raw
ty7wroxdmj,采集,724,象牙花,,-376,466,G,1776360875835,4,https://wiki.biligame.com/rocom/Data:Mapnew/type/724/json?action=raw
28k74662qb2,采集,724,象牙花,,-427,498,G,1776360902574,4,https://wiki.biligame.com/rocom/Data:Mapnew/type/724/json?action=raw
ncq30nw1fe,采集,724,象牙花,,-415,381,G,1776361002554,4,https://wiki.biligame.com/rocom/Data:Mapnew/type/724/json?action=raw
1zius3ntle,采集,724,象牙花,,-400,309,G,1776361056402,4,https://wiki.biligame.com/rocom/Data:Mapnew/type/724/json?action=raw
1orpmx2wd1g,采集,724,象牙花,,-476,271,G,1776361172996,4,https://wiki.biligame.com/rocom/Data:Mapnew/type/724/json?action=raw
1g7bmfpmx7j,采集,724,象牙花,,-483,278,G,1776361178783,4,https://wiki.biligame.com/rocom/Data:Mapnew/type/724/json?action=raw
z9mtcer9qy,采集,724,象牙花,,-459,232,G,1776361240602,4,https://wiki.biligame.com/rocom/Data:Mapnew/type/724/json?action=raw
2ddvz2axofb,采集,724,象牙花,,-177,512,G,1776361380839,4,https://wiki.biligame.com/rocom/Data:Mapnew/type/724/json?action=raw
295grshf7a8,采集,724,象牙花,,-134,662,G,1776361743264,4,https://wiki.biligame.com/rocom/Data:Mapnew/type/724/json?action=raw
1a73gazrair,采集,724,象牙花,,-138,596,G,1776361830659,4,https://wiki.biligame.com/rocom/Data:Mapnew/type/724/json?action=raw
jihbk1tn17,采集,724,象牙花,,-4,170,B1,1776502815451,4,https://wiki.biligame.com/rocom/Data:Mapnew/type/724/json?action=raw
1cd2uz3grxp,采集,724,象牙花,,0,164,B1,1776502816877,4,https://wiki.biligame.com/rocom/Data:Mapnew/type/724/json?action=raw
13zs2d6zvh2,采集,724,象牙花,,385,-383,G,1776504800278,4,https://wiki.biligame.com/rocom/Data:Mapnew/type/724/json?action=raw
1ybjqtzrgd3,采集,724,象牙花,,355,-369,G,1776504816279,4,https://wiki.biligame.com/rocom/Data:Mapnew/type/724/json?action=raw
ajwvbujs9l,采集,724,象牙花,,270,-425,G,1776504868825,4,https://wiki.biligame.com/rocom/Data:Mapnew/type/724/json?action=raw
f2ywetpqx7,采集,724,象牙花,,202,-362,G,1776504891787,4,https://wiki.biligame.com/rocom/Data:Mapnew/type/724/json?action=raw
1lcf3m3rp2,采集,724,象牙花,,-176,486,G,1776504955126,4,https://wiki.biligame.com/rocom/Data:Mapnew/type/724/json?action=raw
1k53zyrk4g2,采集,724,象牙花,,-229,527,G,1776504981122,4,https://wiki.biligame.com/rocom/Data:Mapnew/type/724/json?action=raw
1men0i95big,采集,724,象牙花,,-352,512,G,1776505002632,4,https://wiki.biligame.com/rocom/Data:Mapnew/type/724/json?action=raw
nqwitwwewg,采集,724,象牙花,,-413,69,G,1776505079664,4,https://wiki.biligame.com/rocom/Data:Mapnew/type/724/json?action=raw
11mpfvztb46,采集,724,象牙花,,-385,172,G,1776505138310,4,https://wiki.biligame.com/rocom/Data:Mapnew/type/724/json?action=raw
1wcnk3nt495,采集,724,象牙花,,-363,160,G,1776505150921,4,https://wiki.biligame.com/rocom/Data:Mapnew/type/724/json?action=raw
a5qfkzjv5c,采集,724,象牙花,,-340,252,G,1776505259888,4,https://wiki.biligame.com/rocom/Data:Mapnew/type/724/json?action=raw
2bt6857og8a,采集,724,象牙花,,-350,270,G,1776505266986,4,https://wiki.biligame.com/rocom/Data:Mapnew/type/724/json?action=raw
1djm67qne67,采集,724,象牙花,,-435,223,G,1776505322879,4,https://wiki.biligame.com/rocom/Data:Mapnew/type/724/json?action=raw
2enywb069tf,采集,724,象牙花,,-541,87,G,1776505389875,4,https://wiki.biligame.com/rocom/Data:Mapnew/type/724/json?action=raw
1jgaqer6zdn,采集,724,象牙花,,-517,-33,G,1776505465755,4,https://wiki.biligame.com/rocom/Data:Mapnew/type/724/json?action=raw
1vz90vad6z,采集,724,象牙花,,-206,-216,G,1776753135691,4,https://wiki.biligame.com/rocom/Data:Mapnew/type/724/json?action=raw
1xc3nkxl4jp,采集,724,象牙花,,-108,-277,G,1776753232709,4,https://wiki.biligame.com/rocom/Data:Mapnew/type/724/json?action=raw
1juh5ywvyyv,采集,720,紫晶菇,,223,357,B1,1776099777223,4,https://wiki.biligame.com/rocom/Data:Mapnew/type/720/json?action=raw
wwk6qvqnk2,采集,720,紫晶菇,,266,301,B1,1776099836098,4,https://wiki.biligame.com/rocom/Data:Mapnew/type/720/json?action=raw
11tsnrdw66j,采集,720,紫晶菇,,23,182,G,1776502558795,4,https://wiki.biligame.com/rocom/Data:Mapnew/type/720/json?action=raw
178r69tbgin,采集,720,紫晶菇,,44,204,G,1776502565215,4,https://wiki.biligame.com/rocom/Data:Mapnew/type/720/json?action=raw
22cvq8cjfud,采集,720,紫晶菇,,-1,213,G,1776502571765,4,https://wiki.biligame.com/rocom/Data:Mapnew/type/720/json?action=raw
ldtwco54gp,采集,720,紫晶菇,,-28,185,B1,1776502771161,4,https://wiki.biligame.com/rocom/Data:Mapnew/type/720/json?action=raw
y33i65dh17,采集,720,紫晶菇,,17,156,B1,1776502846587,4,https://wiki.biligame.com/rocom/Data:Mapnew/type/720/json?action=raw
2ly9zphdqi4,采集,720,紫晶菇,,249,456,B1,1776712723564,4,https://wiki.biligame.com/rocom/Data:Mapnew/type/720/json?action=raw
depjl2q9ry,采集,720,紫晶菇,,205,416,B1,1776712735230,4,https://wiki.biligame.com/rocom/Data:Mapnew/type/720/json?action=raw
gurvd606v0,采集,720,紫晶菇,,175,397,B1,1776712748220,4,https://wiki.biligame.com/rocom/Data:Mapnew/type/720/json?action=raw
2kh3unqboeg,采集,720,紫晶菇,,161,260,B1,1776712820297,4,https://wiki.biligame.com/rocom/Data:Mapnew/type/720/json?action=raw
n96gn2kxsp,采集,717,荧光兰,,-923,121,G,1775401100825,4,https://wiki.biligame.com/rocom/Data:Mapnew/type/717/json?action=raw
11c2lkl2uu0,采集,717,荧光兰,,-978,232,G,1775401106840,4,https://wiki.biligame.com/rocom/Data:Mapnew/type/717/json?action=raw
2mjjmq3btqo,采集,717,荧光兰,,-1020,228,G,1775401113169,4,https://wiki.biligame.com/rocom/Data:Mapnew/type/717/json?action=raw
2izxp0a95ig,采集,717,荧光兰,,-1018,237,G,1775401115177,4,https://wiki.biligame.com/rocom/Data:Mapnew/type/717/json?action=raw
dlsqutg25k,采集,717,荧光兰,,-1030,314,G,1775401124840,4,https://wiki.biligame.com/rocom/Data:Mapnew/type/717/json?action=raw
1fbf4kds5gh,采集,717,荧光兰,,-857,152,G,1775401133985,4,https://wiki.biligame.com/rocom/Data:Mapnew/type/717/json?action=raw
2488air4ee8,采集,717,荧光兰,,-881,209,G,1775401141472,4,https://wiki.biligame.com/rocom/Data:Mapnew/type/717/json?action=raw
pwvwxfeyl4,采集,717,荧光兰,,-935,269,G,1775401146776,4,https://wiki.biligame.com/rocom/Data:Mapnew/type/717/json?action=raw
1i2o6sgerxt,采集,717,荧光兰,,-884,262,G,1775401157873,4,https://wiki.biligame.com/rocom/Data:Mapnew/type/717/json?action=raw
1pk2hyxsths,采集,717,荧光兰,,-1019,529,G,1775401172304,4,https://wiki.biligame.com/rocom/Data:Mapnew/type/717/json?action=raw
hchwg267wp,采集,717,荧光兰,,-1024,555,G,1775401185161,4,https://wiki.biligame.com/rocom/Data:Mapnew/type/717/json?action=raw
2dvm0b0asjs,采集,717,荧光兰,,-1023,565,G,1775401188104,4,https://wiki.biligame.com/rocom/Data:Mapnew/type/717/json?action=raw
21rm23typ7s,采集,717,荧光兰,,-949,706,G,1775401196840,4,https://wiki.biligame.com/rocom/Data:Mapnew/type/717/json?action=raw
2k2xeb66z94,采集,717,荧光兰,,-1023,650,G,1775401208313,4,https://wiki.biligame.com/rocom/Data:Mapnew/type/717/json?action=raw
u1ri9jdhuo,采集,717,荧光兰,,-1083,657,G,1775401210528,4,https://wiki.biligame.com/rocom/Data:Mapnew/type/717/json?action=raw
1tzkx479cpt,采集,717,荧光兰,,-1075,572,G,1775401365409,4,https://wiki.biligame.com/rocom/Data:Mapnew/type/717/json?action=raw
1liqikjt6t4,采集,717,荧光兰,,-1114,527,G,1775401380536,4,https://wiki.biligame.com/rocom/Data:Mapnew/type/717/json?action=raw
tuoae3v02w,采集,717,荧光兰,,-1103,599,G,1775401381160,4,https://wiki.biligame.com/rocom/Data:Mapnew/type/717/json?action=raw
1v2kmf365dc,采集,717,荧光兰,,-823,873,G,1775401410480,4,https://wiki.biligame.com/rocom/Data:Mapnew/type/717/json?action=raw
iq4fk3mau8,采集,717,荧光兰,,-786,872,G,1775401419616,4,https://wiki.biligame.com/rocom/Data:Mapnew/type/717/json?action=raw
laa9wqmhii,采集,717,荧光兰,,-773,914,G,1775401430058,4,https://wiki.biligame.com/rocom/Data:Mapnew/type/717/json?action=raw
2clj34oy6nk,采集,717,荧光兰,,-752,918,G,1775401438768,4,https://wiki.biligame.com/rocom/Data:Mapnew/type/717/json?action=raw
1rmiamzxavt,采集,717,荧光兰,,-678,832,G,1775401447513,4,https://wiki.biligame.com/rocom/Data:Mapnew/type/717/json?action=raw
29qqeywjbc8,采集,717,荧光兰,,-689,765,G,1775401453608,4,https://wiki.biligame.com/rocom/Data:Mapnew/type/717/json?action=raw
8adua415wg,采集,717,荧光兰,,-689,728,G,1775401459745,4,https://wiki.biligame.com/rocom/Data:Mapnew/type/717/json?action=raw
19sx048r2vc,采集,717,荧光兰,,-783,751,G,1775401467720,4,https://wiki.biligame.com/rocom/Data:Mapnew/type/717/json?action=raw
1qjilc420x4,采集,717,荧光兰,,-798,707,G,1775401473320,4,https://wiki.biligame.com/rocom/Data:Mapnew/type/717/json?action=raw
2owm97axia8,采集,717,荧光兰,,-770,675,G,1775401480400,4,https://wiki.biligame.com/rocom/Data:Mapnew/type/717/json?action=raw
1cusw5hackf,采集,717,荧光兰,,-913,-452,G,1775402304287,4,https://wiki.biligame.com/rocom/Data:Mapnew/type/717/json?action=raw
20dziztbmee,采集,717,荧光兰,,-871,-414,G,1775402315558,4,https://wiki.biligame.com/rocom/Data:Mapnew/type/717/json?action=raw
2o49dpkzaa8,采集,717,荧光兰,,-896,-294,G,1775402337999,4,https://wiki.biligame.com/rocom/Data:Mapnew/type/717/json?action=raw
1vz8ej2il2,采集,717,荧光兰,,-932,-272,G,1775402358166,4,https://wiki.biligame.com/rocom/Data:Mapnew/type/717/json?action=raw
26ao36tt6se,采集,717,荧光兰,,-958,-233,G,1775402364063,4,https://wiki.biligame.com/rocom/Data:Mapnew/type/717/json?action=raw
pbm9b5ay0e,采集,717,荧光兰,,-939,-88,G,1775402380206,4,https://wiki.biligame.com/rocom/Data:Mapnew/type/717/json?action=raw
s9yjenjdqm,采集,717,荧光兰,,-884,-130,G,1775402388302,4,https://wiki.biligame.com/rocom/Data:Mapnew/type/717/json?action=raw
1jjubu89wji,采集,717,荧光兰,,-788,-116,G,1775402417406,4,https://wiki.biligame.com/rocom/Data:Mapnew/type/717/json?action=raw
12ilwt7k2da,采集,717,荧光兰,,-779,-148,G,1775402427390,4,https://wiki.biligame.com/rocom/Data:Mapnew/type/717/json?action=raw
uqkrtkralq,采集,717,荧光兰,,-774,-247,G,1775402436206,4,https://wiki.biligame.com/rocom/Data:Mapnew/type/717/json?action=raw
2ds2edb8p73,采集,717,荧光兰,,-798,-289,G,1775402446991,4,https://wiki.biligame.com/rocom/Data:Mapnew/type/717/json?action=raw
q3z4svtbri,采集,717,荧光兰,,-724,-84,G,1775402463182,4,https://wiki.biligame.com/rocom/Data:Mapnew/type/717/json?action=raw
d42p697h72,采集,717,荧光兰,,-718,42,G,1775402468302,4,https://wiki.biligame.com/rocom/Data:Mapnew/type/717/json?action=raw
24meq9n5c86,采集,717,荧光兰,,-672,-101,G,1775402477606,4,https://wiki.biligame.com/rocom/Data:Mapnew/type/717/json?action=raw
2bpmlp9b4qe,采集,717,荧光兰,,-643,-138,G,1775402494390,4,https://wiki.biligame.com/rocom/Data:Mapnew/type/717/json?action=raw
124fh2cfahy,采集,717,荧光兰,,-611,-107,G,1775402591974,4,https://wiki.biligame.com/rocom/Data:Mapnew/type/717/json?action=raw
295grcmdh0m,采集,717,荧光兰,,-593,-151,G,1775402601830,4,https://wiki.biligame.com/rocom/Data:Mapnew/type/717/json?action=raw
1pupc7pqcsr,采集,717,荧光兰,,-819,-645,G,1776345970763,4,https://wiki.biligame.com/rocom/Data:Mapnew/type/717/json?action=raw
ee5ms6jxbs,采集,717,荧光兰,,-931,-609,G,1776346154360,4,https://wiki.biligame.com/rocom/Data:Mapnew/type/717/json?action=raw
tcy955g597,采集,717,荧光兰,,-752,-590,G,1776346376091,4,https://wiki.biligame.com/rocom/Data:Mapnew/type/717/json?action=raw
1lma4xw9ua4,采集,717,荧光兰,,-843,-550,G,1776346424716,4,https://wiki.biligame.com/rocom/Data:Mapnew/type/717/json?action=raw
g5yln6n5g1,采集,717,荧光兰,,-414,-558,G,1776352120145,4,https://wiki.biligame.com/rocom/Data:Mapnew/type/717/json?action=raw
1y804tvpd4o,采集,717,荧光兰,,-1103,588,G,1776359948728,4,https://wiki.biligame.com/rocom/Data:Mapnew/type/717/json?action=raw
2oc4c3qim3,采集,717,荧光兰,,-1032,666,G,1776360084411,4,https://wiki.biligame.com/rocom/Data:Mapnew/type/717/json?action=raw
111fs7amj81,采集,717,荧光兰,,-1151,612,G,1776360116433,4,https://wiki.biligame.com/rocom/Data:Mapnew/type/717/json?action=raw
1okmf84gv5c,采集,717,荧光兰,,-996,332,G,1776752833968,4,https://wiki.biligame.com/rocom/Data:Mapnew/type/717/json?action=raw
1tlei5shuyl,采集,717,荧光兰,,-574,-277,G,1777122076413,4,https://wiki.biligame.com/rocom/Data:Mapnew/type/717/json?action=raw
1pk2iree4jm,采集,717,荧光兰,,-594,-287,G,1777122093186,4,https://wiki.biligame.com/rocom/Data:Mapnew/type/717/json?action=raw
1943rcoiy41,采集,717,荧光兰,,-547,-349,G,1777122112817,4,https://wiki.biligame.com/rocom/Data:Mapnew/type/717/json?action=raw
212stc9xgma,采集,717,荧光兰,,-496,-354,G,1777122163554,4,https://wiki.biligame.com/rocom/Data:Mapnew/type/717/json?action=raw
1gav8q0jbm6,采集,717,荧光兰,,-503,-217,G,1777122199950,4,https://wiki.biligame.com/rocom/Data:Mapnew/type/717/json?action=raw
2l9gqc8j3f4,采集,717,荧光兰,,-583,-216,G,1777122218000,4,https://wiki.biligame.com/rocom/Data:Mapnew/type/717/json?action=raw
2kytwj33ztk,采集,717,荧光兰,,-598,-228,G,1777122223895,4,https://wiki.biligame.com/rocom/Data:Mapnew/type/717/json?action=raw
jwnrl5xm18,采集,717,荧光兰,,-505,-165,G,1777122391756,4,https://wiki.biligame.com/rocom/Data:Mapnew/type/717/json?action=raw
17fuefi0w4a,采集,717,荧光兰,,-453,-419,G,1777122496666,4,https://wiki.biligame.com/rocom/Data:Mapnew/type/717/json?action=raw
77e5rotj27,采集,717,荧光兰,,-417,-507,G,1777122515391,4,https://wiki.biligame.com/rocom/Data:Mapnew/type/717/json?action=raw
1ypq6v2rv1b,采集,717,荧光兰,,-545,-447,G,1777122546655,4,https://wiki.biligame.com/rocom/Data:Mapnew/type/717/json?action=raw
29jn7vxmbxj,采集,717,荧光兰,,-541,-461,G,1777122554599,4,https://wiki.biligame.com/rocom/Data:Mapnew/type/717/json?action=raw
1ae6oj0ehbv,采集,717,荧光兰,,-590,-467,G,1777122745147,4,https://wiki.biligame.com/rocom/Data:Mapnew/type/717/json?action=raw
bqg6uo440f,采集,717,荧光兰,,-632,-495,G,1777122753871,4,https://wiki.biligame.com/rocom/Data:Mapnew/type/717/json?action=raw
2hwy0hvf0m4,采集,717,荧光兰,,-653,-394,G,1777122800603,4,https://wiki.biligame.com/rocom/Data:Mapnew/type/717/json?action=raw
3d5e8qikjq,采集,717,荧光兰,,-708,-434,G,1777122841222,4,https://wiki.biligame.com/rocom/Data:Mapnew/type/717/json?action=raw
14hi4c00hrb,采集,717,荧光兰,,-669,-515,G,1777122863591,4,https://wiki.biligame.com/rocom/Data:Mapnew/type/717/json?action=raw
h1v3fdue22,采集,717,荧光兰,,-486,-628,G,1777122950058,4,https://wiki.biligame.com/rocom/Data:Mapnew/type/717/json?action=raw
2jvu787pjxw,采集,717,荧光兰,,-413,-661,G,1777123035188,4,https://wiki.biligame.com/rocom/Data:Mapnew/type/717/json?action=raw
2p05vxhrq7g,采集,717,荧光兰,,-434,-759,G,1777123140205,4,https://wiki.biligame.com/rocom/Data:Mapnew/type/717/json?action=raw
5moes89qtm,采集,717,荧光兰,,-482,-798,G,1777123141642,4,https://wiki.biligame.com/rocom/Data:Mapnew/type/717/json?action=raw
cpwa7ufdey,采集,717,荧光兰,,-651,-783,G,1777123150762,4,https://wiki.biligame.com/rocom/Data:Mapnew/type/717/json?action=raw
1qcfe95hmk6,采集,717,荧光兰,,-680,-752,G,1777123161462,4,https://wiki.biligame.com/rocom/Data:Mapnew/type/717/json?action=raw
7axrpf0sbz,采集,717,荧光兰,,-654,-689,G,1777123177071,4,https://wiki.biligame.com/rocom/Data:Mapnew/type/717/json?action=raw
2edc2s2kty4,采集,717,荧光兰,,-753,-613,B1,1777123198620,4,https://wiki.biligame.com/rocom/Data:Mapnew/type/717/json?action=raw
21yparqty52,采集,717,荧光兰,,-837,-572,B1,1777123227670,4,https://wiki.biligame.com/rocom/Data:Mapnew/type/717/json?action=raw
15yo9drcv9j,采集,717,荧光兰,,-893,-531,B1,1777123248199,4,https://wiki.biligame.com/rocom/Data:Mapnew/type/717/json?action=raw
oj9elvfn6n,采集,717,荧光兰,,-606,-695,G,1777123300895,4,https://wiki.biligame.com/rocom/Data:Mapnew/type/717/json?action=raw
syrtr4s9ye,采集,717,荧光兰,,-570,-712,G,1777123311974,4,https://wiki.biligame.com/rocom/Data:Mapnew/type/717/json?action=raw
21rm2jkuzfc,采集,739,短木莲,,-784,-324,G,1776353365720,4,https://wiki.biligame.com/rocom/Data:Mapnew/type/739/json?action=raw
2dz5moh0d2a,采集,739,短木莲,,-782,-308,G,1776353366818,4,https://wiki.biligame.com/rocom/Data:Mapnew/type/739/json?action=raw
16y4ce73762,采集,739,短木莲,,-796,-390,G,1776353404426,4,https://wiki.biligame.com/rocom/Data:Mapnew/type/739/json?action=raw
1ae6o6ad0fk,采集,739,短木莲,,-817,-389,G,1776353412464,4,https://wiki.biligame.com/rocom/Data:Mapnew/type/739/json?action=raw
r6yujhvr02,采集,739,短木莲,,-818,-420,G,1776353433458,4,https://wiki.biligame.com/rocom/Data:Mapnew/type/739/json?action=raw
q0fjaw7go8,采集,739,短木莲,,-880,-406,G,1776353462312,4,https://wiki.biligame.com/rocom/Data:Mapnew/type/739/json?action=raw
i4usdjm216,采集,739,短木莲,,-848,-406,G,1776353491658,4,https://wiki.biligame.com/rocom/Data:Mapnew/type/739/json?action=raw
1bvct81kp2c,采集,739,短木莲,,-895,-353,G,1776353578212,4,https://wiki.biligame.com/rocom/Data:Mapnew/type/739/json?action=raw
54ycqx2blo,采集,739,短木莲,,-906,-294,G,1776353595452,4,https://wiki.biligame.com/rocom/Data:Mapnew/type/739/json?action=raw
depjf4zccl,采集,739,短木莲,,-951,-189,G,1776353720645,4,https://wiki.biligame.com/rocom/Data:Mapnew/type/739/json?action=raw
n5mv53ywoj,采集,739,短木莲,,-927,-87,G,1776353771763,4,https://wiki.biligame.com/rocom/Data:Mapnew/type/739/json?action=raw
232gpp7ch6,采集,739,短木莲,,-758,-176,G,1776353892330,4,https://wiki.biligame.com/rocom/Data:Mapnew/type/739/json?action=raw
1al9w1qaov1,采集,739,短木莲,,-798,-217,G,1776353950301,4,https://wiki.biligame.com/rocom/Data:Mapnew/type/739/json?action=raw
2ammwu45h6y,采集,739,短木莲,,-838,-372,G,1776354378314,4,https://wiki.biligame.com/rocom/Data:Mapnew/type/739/json?action=raw
2g551a9e6wj,采集,739,短木莲,,-830,-279,G,1776354401139,4,https://wiki.biligame.com/rocom/Data:Mapnew/type/739/json?action=raw
25ib84u7do0,采集,739,短木莲,,-813,-61,G,1776354463472,4,https://wiki.biligame.com/rocom/Data:Mapnew/type/739/json?action=raw
1tshpolw54a,采集,739,短木莲,,-892,351,G,1776359163626,4,https://wiki.biligame.com/rocom/Data:Mapnew/type/739/json?action=raw
di95cy1g5g,采集,739,短木莲,,-916,357,G,1776359180804,4,https://wiki.biligame.com/rocom/Data:Mapnew/type/739/json?action=raw
36260o8jfv,采集,739,短木莲,,-919,371,G,1776359181419,4,https://wiki.biligame.com/rocom/Data:Mapnew/type/739/json?action=raw
263kvr7v18b,采集,739,短木莲,,-920,377,G,1776359185147,4,https://wiki.biligame.com/rocom/Data:Mapnew/type/739/json?action=raw
2jsakxv4seo,采集,739,短木莲,,-928,375,G,1776359197647,4,https://wiki.biligame.com/rocom/Data:Mapnew/type/739/json?action=raw
1ebz1n24snz,采集,739,短木莲,,-940,434,G,1776359233567,4,https://wiki.biligame.com/rocom/Data:Mapnew/type/739/json?action=raw
yh9xun7w2c,采集,739,短木莲,,-1033,581,G,1776359431444,4,https://wiki.biligame.com/rocom/Data:Mapnew/type/739/json?action=raw
2cp2pi94kn1,采集,739,短木莲,,-1034,545,G,1776359441021,4,https://wiki.biligame.com/rocom/Data:Mapnew/type/739/json?action=raw
212sszntoox,采集,739,短木莲,,-1037,537,G,1776359441729,4,https://wiki.biligame.com/rocom/Data:Mapnew/type/739/json?action=raw
i8eebd0de8,采集,739,短木莲,,-1082,561,G,1776359521488,4,https://wiki.biligame.com/rocom/Data:Mapnew/type/739/json?action=raw
1bywf5ux718,采集,739,短木莲,,-1099,566,G,1776359523292,4,https://wiki.biligame.com/rocom/Data:Mapnew/type/739/json?action=raw
ofpsbix21w,采集,739,短木莲,,-1133,577,G,1776359564964,4,https://wiki.biligame.com/rocom/Data:Mapnew/type/739/json?action=raw
xox2cwychm,采集,739,短木莲,,-966,605,G,1776359760826,4,https://wiki.biligame.com/rocom/Data:Mapnew/type/739/json?action=raw
1nhmpqqk96w,采集,739,短木莲,,-983,625,G,1776359767432,4,https://wiki.biligame.com/rocom/Data:Mapnew/type/739/json?action=raw
db5xhitocn,采集,739,短木莲,,-953,566,G,1776359851655,4,https://wiki.biligame.com/rocom/Data:Mapnew/type/739/json?action=raw
4ubixvepfu,采集,739,短木莲,,-1075,602,G,1776359922506,4,https://wiki.biligame.com/rocom/Data:Mapnew/type/739/json?action=raw
2p3philb3gm,采集,739,短木莲,,-1174,574,G,1776360141638,4,https://wiki.biligame.com/rocom/Data:Mapnew/type/739/json?action=raw
u1ripeaqrr,采集,739,短木莲,,-1183,574,G,1776360142855,4,https://wiki.biligame.com/rocom/Data:Mapnew/type/739/json?action=raw
27a46zu4h8y,采集,739,短木莲,,-1193,584,G,1776360143442,4,https://wiki.biligame.com/rocom/Data:Mapnew/type/739/json?action=raw
232gpsxy2r,采集,739,短木莲,,-1207,558,G,1776360172227,4,https://wiki.biligame.com/rocom/Data:Mapnew/type/739/json?action=raw
3goztu90q5,采集,739,短木莲,,-1206,549,G,1776360173037,4,https://wiki.biligame.com/rocom/Data:Mapnew/type/739/json?action=raw
18mdpbhvi8g,采集,739,短木莲,,-1132,438,G,1776360217361,4,https://wiki.biligame.com/rocom/Data:Mapnew/type/739/json?action=raw
bc9qr6w654,采集,739,短木莲,,-1112,439,G,1776360225048,4,https://wiki.biligame.com/rocom/Data:Mapnew/type/739/json?action=raw
skldq1z8p0,采集,739,短木莲,,-710,653,G,1776505925572,4,https://wiki.biligame.com/rocom/Data:Mapnew/type/739/json?action=raw
1gp1oaru4ep,采集,739,短木莲,,-883,307,G,1776752800977,4,https://wiki.biligame.com/rocom/Data:Mapnew/type/739/json?action=raw
1mp9ulm27cl,采集,739,短木莲,,-620,-242,G,1777122245557,4,https://wiki.biligame.com/rocom/Data:Mapnew/type/739/json?action=raw
13llmwjdxh3,采集,739,短木莲,,-662,-236,G,1777122262455,4,https://wiki.biligame.com/rocom/Data:Mapnew/type/739/json?action=raw
27vduyqq4ji,采集,739,短木莲,,-638,-172,G,1777122278270,4,https://wiki.biligame.com/rocom/Data:Mapnew/type/739/json?action=raw
16geb2buvcd,采集,739,短木莲,,-682,-83,G,1777122344237,4,https://wiki.biligame.com/rocom/Data:Mapnew/type/739/json?action=raw
k7akebsz4w,采集,729,恶魔雪茄,,-1100,-330,G,1774946362336,4,https://wiki.biligame.com/rocom/Data:Mapnew/type/729/json?action=raw
qzvm0sjhmt,采集,729,恶魔雪茄,,-1069,-376,G,1774946376709,4,https://wiki.biligame.com/rocom/Data:Mapnew/type/729/json?action=raw
nncw6f7408,采集,729,恶魔雪茄,,-1329,-284,G,1774946572040,4,https://wiki.biligame.com/rocom/Data:Mapnew/type/729/json?action=raw
1d5fpr3do35,采集,729,恶魔雪茄,,-1301,-288,G,1774946572849,4,https://wiki.biligame.com/rocom/Data:Mapnew/type/729/json?action=raw
1jqxji4hqfi,采集,729,恶魔雪茄,,-1280,-279,G,1774946573326,4,https://wiki.biligame.com/rocom/Data:Mapnew/type/729/json?action=raw
102qrjt7jk,采集,729,恶魔雪茄,,-1435,65,G,1774947199600,4,https://wiki.biligame.com/rocom/Data:Mapnew/type/729/json?action=raw
v17lf77xwd,采集,729,恶魔雪茄,,-1208,-22,G,1774947326557,4,https://wiki.biligame.com/rocom/Data:Mapnew/type/729/json?action=raw
11q913y534c,采集,729,恶魔雪茄,,-1188,-29,G,1774947327244,4,https://wiki.biligame.com/rocom/Data:Mapnew/type/729/json?action=raw
20dzjfkfi0i,采集,729,恶魔雪茄,,-1205,-432,G,1776354838770,4,https://wiki.biligame.com/rocom/Data:Mapnew/type/729/json?action=raw
2edc2fdahu0,采集,729,恶魔雪茄,,-1079,-507,G,1776355131848,4,https://wiki.biligame.com/rocom/Data:Mapnew/type/729/json?action=raw
4clh97spo4,采集,729,恶魔雪茄,,-1390,-463,G,1776355601396,4,https://wiki.biligame.com/rocom/Data:Mapnew/type/729/json?action=raw
1asd3x6wrdi,采集,729,恶魔雪茄,,-1374,-380,G,1776355626134,4,https://wiki.biligame.com/rocom/Data:Mapnew/type/729/json?action=raw
28d3wanczah,采集,729,恶魔雪茄,,-1436,-217,G,1776355695785,4,https://wiki.biligame.com/rocom/Data:Mapnew/type/729/json?action=raw
1ns9jjtklr7,采集,729,恶魔雪茄,,-1380,-175,G,1776355714083,4,https://wiki.biligame.com/rocom/Data:Mapnew/type/729/json?action=raw
2ntmkc7bqck,采集,729,恶魔雪茄,,-1320,71,G,1776355971363,4,https://wiki.biligame.com/rocom/Data:Mapnew/type/729/json?action=raw
b56j28gyu6,采集,729,恶魔雪茄,,-1350,-458,G,1776751899742,4,https://wiki.biligame.com/rocom/Data:Mapnew/type/729/json?action=raw
mgtkxt71s3,采集,730,骨片,,-1267,-507,G,1774946051523,4,https://wiki.biligame.com/rocom/Data:Mapnew/type/730/json?action=raw
1cnpo2i1ui4,采集,730,骨片,,-1256,-497,G,1774946085549,4,https://wiki.biligame.com/rocom/Data:Mapnew/type/730/json?action=raw
1p2cg2ueces,采集,730,骨片,,-1208,-145,G,1774947064916,4,https://wiki.biligame.com/rocom/Data:Mapnew/type/730/json?action=raw
1c5zmdxnpi4,采集,730,骨片,,-1466,52,G,1774947169756,4,https://wiki.biligame.com/rocom/Data:Mapnew/type/730/json?action=raw
26e7ox0nbb1,采集,730,骨片,,-1265,93,G,1774947237117,4,https://wiki.biligame.com/rocom/Data:Mapnew/type/730/json?action=raw
1r18mt6nk1x,采集,730,骨片,,-1283,84,G,1774947237701,4,https://wiki.biligame.com/rocom/Data:Mapnew/type/730/json?action=raw
pf5v1c58h7,采集,730,骨片,,-1311,52,G,1774947260971,4,https://wiki.biligame.com/rocom/Data:Mapnew/type/730/json?action=raw
1aothc6ljmv,采集,730,骨片,,-1298,22,G,1774947261607,4,https://wiki.biligame.com/rocom/Data:Mapnew/type/730/json?action=raw
1bkpyrmvusx,采集,730,骨片,,-1203,5,G,1774947291057,4,https://wiki.biligame.com/rocom/Data:Mapnew/type/730/json?action=raw
bjcxzht5m6,采集,730,骨片,,-1291,177,G,1774961610414,4,https://wiki.biligame.com/rocom/Data:Mapnew/type/730/json?action=raw
1x50evvac7j,采集,730,骨片,,-1246,157,G,1774961612623,4,https://wiki.biligame.com/rocom/Data:Mapnew/type/730/json?action=raw
ee5m5a9kft,采集,730,骨片,,-1279,-26,G,1774961667513,4,https://wiki.biligame.com/rocom/Data:Mapnew/type/730/json?action=raw
2nx65mv0o58,采集,730,骨片,,-1187,-263,G,1774961697085,4,https://wiki.biligame.com/rocom/Data:Mapnew/type/730/json?action=raw
1yt9rt22oi3,采集,730,骨片,,-1168,-309,G,1774961708683,4,https://wiki.biligame.com/rocom/Data:Mapnew/type/730/json?action=raw
gybh4yqfoy,采集,730,骨片,,-1221,-498,G,1776354857970,4,https://wiki.biligame.com/rocom/Data:Mapnew/type/730/json?action=raw
1teb9xo4iad,采集,730,骨片,,-1232,-513,G,1776354902421,4,https://wiki.biligame.com/rocom/Data:Mapnew/type/730/json?action=raw
4g536x8ug0,采集,730,骨片,,-1293,-566,G,1776354997536,4,https://wiki.biligame.com/rocom/Data:Mapnew/type/730/json?action=raw
1azgbsmo6o8,采集,730,骨片,,-1284,33,G,1776355872200,4,https://wiki.biligame.com/rocom/Data:Mapnew/type/730/json?action=raw
m9qdpp3gzf,采集,730,骨片,,-1286,104,G,1776356115899,4,https://wiki.biligame.com/rocom/Data:Mapnew/type/730/json?action=raw
15v4n9wk2pg,采集,730,骨片,,-1475,-15,G,1776752066228,4,https://wiki.biligame.com/rocom/Data:Mapnew/type/730/json?action=raw
5fl6qnqez8,采集,730,骨片,,-1495,-36,G,1776752078164,4,https://wiki.biligame.com/rocom/Data:Mapnew/type/730/json?action=raw
qzvmunnb46,采集,730,骨片,,-1373,130,G,1776752142086,4,https://wiki.biligame.com/rocom/Data:Mapnew/type/730/json?action=raw
un16i6n8gq,采集,730,骨片,,-1320,-181,G,1776752335002,4,https://wiki.biligame.com/rocom/Data:Mapnew/type/730/json?action=raw
8adsyvm2cp,采集,737,洋红珊瑚,,1445,748,G,1772545408105,4,https://wiki.biligame.com/rocom/Data:Mapnew/type/737/json?action=raw
17mxk78k5qa,采集,737,洋红珊瑚,,1425,772,G,1772545408514,4,https://wiki.biligame.com/rocom/Data:Mapnew/type/737/json?action=raw
13zs0jpodj4,采集,737,洋红珊瑚,,1750,859,G,1772545408896,4,https://wiki.biligame.com/rocom/Data:Mapnew/type/737/json?action=raw
2clj1tgjk5c,采集,737,洋红珊瑚,,1559,775,G,1772545409216,4,https://wiki.biligame.com/rocom/Data:Mapnew/type/737/json?action=raw
1l83ok4vynp,采集,737,洋红珊瑚,,664,1607,G,1774962160949,4,https://wiki.biligame.com/rocom/Data:Mapnew/type/737/json?action=raw
10g63xvhmfu,采集,737,洋红珊瑚,,733,1403,G,1774962187994,4,https://wiki.biligame.com/rocom/Data:Mapnew/type/737/json?action=raw
27ru81auvba,采集,737,洋红珊瑚,,595,1517,G,1774962190342,4,https://wiki.biligame.com/rocom/Data:Mapnew/type/737/json?action=raw
d0j319a11m,采集,737,洋红珊瑚,,733,1338,G,1774962204874,4,https://wiki.biligame.com/rocom/Data:Mapnew/type/737/json?action=raw
1ba35sczpqt,采集,737,洋红珊瑚,,648,1570,G,1776753768725,4,https://wiki.biligame.com/rocom/Data:Mapnew/type/737/json?action=raw
2nq2yl2h5bw,采集,737,洋红珊瑚,,871,1773,G,1776753969981,4,https://wiki.biligame.com/rocom/Data:Mapnew/type/737/json?action=raw
1ebynk9tnfg,采集,726,海珊瑚,,626,2724,G,1745715799261,4,https://wiki.biligame.com/rocom/Data:Mapnew/type/726/json?action=raw
frrrtncypw,采集,726,海珊瑚,,432,2760,G,1745715836356,4,https://wiki.biligame.com/rocom/Data:Mapnew/type/726/json?action=raw
2cslxd6jgfe,采集,726,海珊瑚,,390,2799,G,1745715864554,4,https://wiki.biligame.com/rocom/Data:Mapnew/type/726/json?action=raw
2i7kfvlz36w,采集,726,海珊瑚,,340,2780,G,1745715887079,4,https://wiki.biligame.com/rocom/Data:Mapnew/type/726/json?action=raw
2lgjjs9mz06,采集,726,海珊瑚,,304,2793,G,1745715905462,4,https://wiki.biligame.com/rocom/Data:Mapnew/type/726/json?action=raw
1f7v4zq6cm5,采集,726,海珊瑚,,235,2796,G,1745715940189,4,https://wiki.biligame.com/rocom/Data:Mapnew/type/726/json?action=raw
1swku6dgvlu,采集,726,海珊瑚,,95,2765,G,1745715988738,4,https://wiki.biligame.com/rocom/Data:Mapnew/type/726/json?action=raw
1g7b8eam7ry,采集,726,海珊瑚,,646,1566,G,1745800532702,4,https://wiki.biligame.com/rocom/Data:Mapnew/type/726/json?action=raw
kzn2i1nfyc,采集,726,海珊瑚,,942,1906,G,1745800632708,4,https://wiki.biligame.com/rocom/Data:Mapnew/type/726/json?action=raw
2860adw3pcf,采集,726,海珊瑚,,924,2040,G,1745800722191,4,https://wiki.biligame.com/rocom/Data:Mapnew/type/726/json?action=raw
1rmhx1gfveg,采集,726,海珊瑚,,979,2068,G,1745800761529,4,https://wiki.biligame.com/rocom/Data:Mapnew/type/726/json?action=raw
1x8jzy1uq73,采集,726,海珊瑚,,670,2768,G,1773054843167,4,https://wiki.biligame.com/rocom/Data:Mapnew/type/726/json?action=raw
jt43s6hem4,采集,726,海珊瑚,,747,2738,G,1773054962236,4,https://wiki.biligame.com/rocom/Data:Mapnew/type/726/json?action=raw
jpkhugooei,采集,726,海珊瑚,,799,2643,G,1773054978442,4,https://wiki.biligame.com/rocom/Data:Mapnew/type/726/json?action=raw
1y0wvfse9jk,采集,726,海珊瑚,,812,2630,G,1773054980048,4,https://wiki.biligame.com/rocom/Data:Mapnew/type/726/json?action=raw
vbued2073r,采集,726,海珊瑚,,878,2546,G,1773055007223,4,https://wiki.biligame.com/rocom/Data:Mapnew/type/726/json?action=raw
12binv1gqbt,采集,726,海珊瑚,,130,2765,G,1773060240969,4,https://wiki.biligame.com/rocom/Data:Mapnew/type/726/json?action=raw
32i5inezlt,采集,718,大嘴花,,-187,948,G,1744656407233,4,https://wiki.biligame.com/rocom/Data:Mapnew/type/718/json?action=raw
2nbw43d76ng,采集,718,大嘴花,,-241,974,G,1744656430701,4,https://wiki.biligame.com/rocom/Data:Mapnew/type/718/json?action=raw
1ft4s4i8d9r,采集,718,大嘴花,,-237,928,G,1744656455471,4,https://wiki.biligame.com/rocom/Data:Mapnew/type/718/json?action=raw
105iw7itqdk,采集,718,大嘴花,,-198,857,G,1744656472264,4,https://wiki.biligame.com/rocom/Data:Mapnew/type/718/json?action=raw
26sdqqxp1wx,采集,718,大嘴花,,-60,1061,G,1744656735985,4,https://wiki.biligame.com/rocom/Data:Mapnew/type/718/json?action=raw
1ej1uy6y9vz,采集,718,大嘴花,,48,1080,G,1744656823439,4,https://wiki.biligame.com/rocom/Data:Mapnew/type/718/json?action=raw
1ej1uy6ypy0,采集,718,大嘴花,,141,1119,G,1744656844248,4,https://wiki.biligame.com/rocom/Data:Mapnew/type/718/json?action=raw
widck06o76,采集,718,大嘴花,,199,1131,G,1744656879618,4,https://wiki.biligame.com/rocom/Data:Mapnew/type/718/json?action=raw
6t7b3we7p3,采集,718,大嘴花,,231,1104,G,1744656890487,4,https://wiki.biligame.com/rocom/Data:Mapnew/type/718/json?action=raw
1hkxqzf4ozj,采集,718,大嘴花,,303,1144,G,1744657060479,4,https://wiki.biligame.com/rocom/Data:Mapnew/type/718/json?action=raw
nqw477f53t,采集,718,大嘴花,,344,1115,G,1744657074841,4,https://wiki.biligame.com/rocom/Data:Mapnew/type/718/json?action=raw
45hutjpfgl,采集,718,大嘴花,,316,1073,G,1744657088901,4,https://wiki.biligame.com/rocom/Data:Mapnew/type/718/json?action=raw
1mp9fop9cg8,采集,718,大嘴花,,162,1040,G,1744657281096,4,https://wiki.biligame.com/rocom/Data:Mapnew/type/718/json?action=raw
22jyjh4e2vr,采集,718,大嘴花,,168,785,G,1744657448471,4,https://wiki.biligame.com/rocom/Data:Mapnew/type/718/json?action=raw
1aot3f92j0a,采集,718,大嘴花,,-155,1025,G,1744657859002,4,https://wiki.biligame.com/rocom/Data:Mapnew/type/718/json?action=raw
x03e8lu6wy,采集,718,大嘴花,,6,1201,G,1744657912706,4,https://wiki.biligame.com/rocom/Data:Mapnew/type/718/json?action=raw
yrwd3ifa9q,采集,718,大嘴花,,88,1279,G,1744657993662,4,https://wiki.biligame.com/rocom/Data:Mapnew/type/718/json?action=raw
16cuoqfvnwo,采集,718,大嘴花,,440,1257,G,1776265454024,4,https://wiki.biligame.com/rocom/Data:Mapnew/type/718/json?action=raw
laaab11r85,采集,718,大嘴花,,467,1245,G,1776265465109,4,https://wiki.biligame.com/rocom/Data:Mapnew/type/718/json?action=raw
1ukul4skjz1,采集,718,大嘴花,,499,1261,G,1776265469469,4,https://wiki.biligame.com/rocom/Data:Mapnew/type/718/json?action=raw
ij182yfy3k,采集,718,大嘴花,,375,1291,G,1776265479264,4,https://wiki.biligame.com/rocom/Data:Mapnew/type/718/json?action=raw
yyzzhoclma,采集,718,大嘴花,,550,1273,G,1776265528434,4,https://wiki.biligame.com/rocom/Data:Mapnew/type/718/json?action=raw
2g1lfb2oasq,采集,718,大嘴花,,589,1264,G,1776265530026,4,https://wiki.biligame.com/rocom/Data:Mapnew/type/718/json?action=raw
2kh3ugc0r9q,采集,718,大嘴花,,554,1197,G,1776265532942,4,https://wiki.biligame.com/rocom/Data:Mapnew/type/718/json?action=raw
282h2g09baf,采集,718,大嘴花,,500,1203,G,1776265535847,4,https://wiki.biligame.com/rocom/Data:Mapnew/type/718/json?action=raw
c1309n69nm,采集,718,大嘴花,,536,1158,G,1776265539938,4,https://wiki.biligame.com/rocom/Data:Mapnew/type/718/json?action=raw
250l6es867y,采集,718,大嘴花,,521,1096,G,1776265545086,4,https://wiki.biligame.com/rocom/Data:Mapnew/type/718/json?action=raw
otw80u68y6,采集,718,大嘴花,,548,1072,G,1776265547982,4,https://wiki.biligame.com/rocom/Data:Mapnew/type/718/json?action=raw
1g08eip3593,采集,718,大嘴花,,555,1060,G,1776265551447,4,https://wiki.biligame.com/rocom/Data:Mapnew/type/718/json?action=raw
h5eoyx70vg,采集,718,大嘴花,,448,1056,G,1776265578796,4,https://wiki.biligame.com/rocom/Data:Mapnew/type/718/json?action=raw
4n8b0vmpqc,采集,718,大嘴花,,457,902,G,1776265591492,4,https://wiki.biligame.com/rocom/Data:Mapnew/type/718/json?action=raw
2f25bxwmwzv,采集,718,大嘴花,,437,920,G,1776265593995,4,https://wiki.biligame.com/rocom/Data:Mapnew/type/718/json?action=raw
169b2sq5mht,采集,718,大嘴花,,432,914,G,1776265595681,4,https://wiki.biligame.com/rocom/Data:Mapnew/type/718/json?action=raw
1qcfduyx24j,采集,718,大嘴花,,404,837,G,1776265597699,4,https://wiki.biligame.com/rocom/Data:Mapnew/type/718/json?action=raw
67y20ckb3u,采集,718,大嘴花,,371,819,G,1776265609530,4,https://wiki.biligame.com/rocom/Data:Mapnew/type/718/json?action=raw
k7al05926n,采集,718,大嘴花,,355,824,G,1776265611343,4,https://wiki.biligame.com/rocom/Data:Mapnew/type/718/json?action=raw
14okxajd3wb,采集,719,流星兰,,215,2408,G,1744658800635,4,https://wiki.biligame.com/rocom/Data:Mapnew/type/719/json?action=raw
9ymt2vgzby,采集,719,流星兰,,198,2457,G,1744658959838,4,https://wiki.biligame.com/rocom/Data:Mapnew/type/719/json?action=raw
16gdw5g13a3,采集,719,流星兰,,62,2350,G,1744659016411,4,https://wiki.biligame.com/rocom/Data:Mapnew/type/719/json?action=raw
1hohcx653kr,采集,719,流星兰,,-102,2296,G,1744659082075,4,https://wiki.biligame.com/rocom/Data:Mapnew/type/719/json?action=raw
25b7lp818m0,采集,719,流星兰,,-77,2109,G,1744659176920,4,https://wiki.biligame.com/rocom/Data:Mapnew/type/719/json?action=raw
1siedy11ub8,采集,719,流星兰,,-3,2140,G,1744659196084,4,https://wiki.biligame.com/rocom/Data:Mapnew/type/719/json?action=raw
hxr5xy2760,采集,719,流星兰,,2,2106,G,1744659244744,4,https://wiki.biligame.com/rocom/Data:Mapnew/type/719/json?action=raw
1x500yq2q0h,采集,719,流星兰,,-15,1996,G,1744659305009,4,https://wiki.biligame.com/rocom/Data:Mapnew/type/719/json?action=raw
o8m5vtsqcp,采集,719,流星兰,,-70,2002,G,1744659324265,4,https://wiki.biligame.com/rocom/Data:Mapnew/type/719/json?action=raw
8s3hua12ci,采集,719,流星兰,,-145,2193,G,1744659379234,4,https://wiki.biligame.com/rocom/Data:Mapnew/type/719/json?action=raw
zgpmnjxsne,采集,719,流星兰,,-42,2228,G,1744659439178,4,https://wiki.biligame.com/rocom/Data:Mapnew/type/719/json?action=raw
1c9iueqy0jr,采集,719,流星兰,,-41,2275,G,1744659458375,4,https://wiki.biligame.com/rocom/Data:Mapnew/type/719/json?action=raw
21rlnzf71qm,采集,719,流星兰,,180,2288,G,1744659574670,4,https://wiki.biligame.com/rocom/Data:Mapnew/type/719/json?action=raw
54xy6ra9b8,采集,719,流星兰,,220,2261,G,1744659611812,4,https://wiki.biligame.com/rocom/Data:Mapnew/type/719/json?action=raw
itnndel64z,采集,719,流星兰,,333,2292,G,1744659678291,4,https://wiki.biligame.com/rocom/Data:Mapnew/type/719/json?action=raw
2nbw43f50b0,采集,719,流星兰,,340,2339,G,1744659688396,4,https://wiki.biligame.com/rocom/Data:Mapnew/type/719/json?action=raw
hg149db1gq,采集,719,流星兰,,301,2344,G,1744659721514,4,https://wiki.biligame.com/rocom/Data:Mapnew/type/719/json?action=raw
12f1wr2cw89,采集,719,流星兰,,339,2512,G,1744659758121,4,https://wiki.biligame.com/rocom/Data:Mapnew/type/719/json?action=raw
1oo5mf2yt4h,采集,719,流星兰,,225,2592,G,1744659891697,4,https://wiki.biligame.com/rocom/Data:Mapnew/type/719/json?action=raw
2kythm7w898,采集,719,流星兰,,316,2603,G,1744659923148,4,https://wiki.biligame.com/rocom/Data:Mapnew/type/719/json?action=raw
widck209f6,采集,719,流星兰,,277,2633,G,1744659939762,4,https://wiki.biligame.com/rocom/Data:Mapnew/type/719/json?action=raw
3d4zbuzx6b,采集,719,流星兰,,358,2609,G,1744660032691,4,https://wiki.biligame.com/rocom/Data:Mapnew/type/719/json?action=raw
1qqlf35358v,采集,719,流星兰,,409,2521,G,1744660160079,4,https://wiki.biligame.com/rocom/Data:Mapnew/type/719/json?action=raw
cwz36efsjy,采集,719,流星兰,,385,2485,G,1744660198478,4,https://wiki.biligame.com/rocom/Data:Mapnew/type/719/json?action=raw
1z7ftmsmfrr,采集,719,流星兰,,501,2566,G,1744660290903,4,https://wiki.biligame.com/rocom/Data:Mapnew/type/719/json?action=raw
1vrdhupd65k,采集,719,流星兰,,541,2605,G,1744660308328,4,https://wiki.biligame.com/rocom/Data:Mapnew/type/719/json?action=raw
1mlptr19xyy,采集,719,流星兰,,558,2572,G,1744660345146,4,https://wiki.biligame.com/rocom/Data:Mapnew/type/719/json?action=raw
1q8vdek7z4y,采集,719,流星兰,,454,2530,G,1744660449698,4,https://wiki.biligame.com/rocom/Data:Mapnew/type/719/json?action=raw
muzmrtr0n7,采集,719,流星兰,,544,2393,G,1744661439747,4,https://wiki.biligame.com/rocom/Data:Mapnew/type/719/json?action=raw
114yzkrvknk,采集,719,流星兰,,492,2323,G,1744661468496,4,https://wiki.biligame.com/rocom/Data:Mapnew/type/719/json?action=raw
70as7hi2mv,采集,719,流星兰,,590,1820,G,1764740885207,4,https://wiki.biligame.com/rocom/Data:Mapnew/type/719/json?action=raw
2c3swjsw7g5,采集,719,流星兰,,590,1920,G,1764740887989,4,https://wiki.biligame.com/rocom/Data:Mapnew/type/719/json?action=raw
24iuzflperx,采集,719,流星兰,,611,1908,G,1764740888589,4,https://wiki.biligame.com/rocom/Data:Mapnew/type/719/json?action=raw
24py7b1bma5,采集,719,流星兰,,403,2034,G,1764740891277,4,https://wiki.biligame.com/rocom/Data:Mapnew/type/719/json?action=raw
10cmdb46oxo,采集,719,流星兰,,417,2025,G,1764740891580,4,https://wiki.biligame.com/rocom/Data:Mapnew/type/719/json?action=raw
n96bqrrvxa,采集,719,流星兰,,526,2043,G,1764740902238,4,https://wiki.biligame.com/rocom/Data:Mapnew/type/719/json?action=raw
1u34e5m3ry1,采集,719,流星兰,,622,2027,G,1764740905529,4,https://wiki.biligame.com/rocom/Data:Mapnew/type/719/json?action=raw
1xttjqutahx,采集,719,流星兰,,106,1799,G,1764740935781,4,https://wiki.biligame.com/rocom/Data:Mapnew/type/719/json?action=raw
mgtg91cb20,采集,719,流星兰,,95,1616,G,1764740950008,4,https://wiki.biligame.com/rocom/Data:Mapnew/type/719/json?action=raw
tcy3t7vlf6,采集,719,流星兰,,108,1607,G,1764740950322,4,https://wiki.biligame.com/rocom/Data:Mapnew/type/719/json?action=raw
rhlj0lj6i3,采集,719,流星兰,,117,1617,G,1764740951211,4,https://wiki.biligame.com/rocom/Data:Mapnew/type/719/json?action=raw
1wna8i959b1,采集,719,流星兰,,377,1614,G,1764740976477,4,https://wiki.biligame.com/rocom/Data:Mapnew/type/719/json?action=raw
27h79j3zux5,采集,719,流星兰,,367,1723,G,1764740990537,4,https://wiki.biligame.com/rocom/Data:Mapnew/type/719/json?action=raw
12pozsbn46t,采集,719,流星兰,,341,1863,G,1764741013493,4,https://wiki.biligame.com/rocom/Data:Mapnew/type/719/json?action=raw
14aeqrsl5pj,采集,719,流星兰,,751,1869,G,1764741052455,4,https://wiki.biligame.com/rocom/Data:Mapnew/type/719/json?action=raw
1wqtufyzzh7,采集,719,流星兰,,766,1829,G,1764741053531,4,https://wiki.biligame.com/rocom/Data:Mapnew/type/719/json?action=raw
2g8ohvwwyc8,采集,719,流星兰,,812,1924,G,1764741054936,4,https://wiki.biligame.com/rocom/Data:Mapnew/type/719/json?action=raw
1al9qpoapjf,采集,719,流星兰,,448,1813,G,1764741086155,4,https://wiki.biligame.com/rocom/Data:Mapnew/type/719/json?action=raw
1ghyaworcak,采集,719,流星兰,,520,1814,G,1764741091068,4,https://wiki.biligame.com/rocom/Data:Mapnew/type/719/json?action=raw
1kfqodd2fsm,采集,719,流星兰,,477,1689,G,1764741094774,4,https://wiki.biligame.com/rocom/Data:Mapnew/type/719/json?action=raw
xowx0ri1x2,采集,719,流星兰,,493,1666,G,1764741096758,4,https://wiki.biligame.com/rocom/Data:Mapnew/type/719/json?action=raw
hg1h5l4ei6,采集,719,流星兰,,104,2510,G,1772729154414,4,https://wiki.biligame.com/rocom/Data:Mapnew/type/719/json?action=raw
1zit41tuq2,采集,719,流星兰,,-31,2648,G,1772730008010,4,https://wiki.biligame.com/rocom/Data:Mapnew/type/719/json?action=raw
25peecc0fm3,采集,719,流星兰,,13,2620,G,1772730174219,4,https://wiki.biligame.com/rocom/Data:Mapnew/type/719/json?action=raw
qp8r6zqudm,采集,719,流星兰,,-53,2400,G,1772730337098,4,https://wiki.biligame.com/rocom/Data:Mapnew/type/719/json?action=raw
1o2wbub287j,采集,719,流星兰,,110,2611,G,1773050341648,4,https://wiki.biligame.com/rocom/Data:Mapnew/type/719/json?action=raw
ncq1hxr6v0,采集,719,流星兰,,364,2560,G,1773051932796,4,https://wiki.biligame.com/rocom/Data:Mapnew/type/719/json?action=raw
27yxf15oij2,采集,719,流星兰,,467,2566,G,1773052816590,4,https://wiki.biligame.com/rocom/Data:Mapnew/type/719/json?action=raw
2clj21un31d,采集,719,流星兰,,467,2577,G,1773052817697,4,https://wiki.biligame.com/rocom/Data:Mapnew/type/719/json?action=raw
1iv117esx4r,采集,719,流星兰,,393,2407,G,1773056299195,4,https://wiki.biligame.com/rocom/Data:Mapnew/type/719/json?action=raw
1ov97c5agop,采集,719,流星兰,,170,2409,G,1773056669689,4,https://wiki.biligame.com/rocom/Data:Mapnew/type/719/json?action=raw
2jhnpm3hqk8,采集,719,流星兰,,177,2394,G,1773056707514,4,https://wiki.biligame.com/rocom/Data:Mapnew/type/719/json?action=raw
x03ra9rpjd,采集,719,流星兰,,49,2243,G,1773056744201,4,https://wiki.biligame.com/rocom/Data:Mapnew/type/719/json?action=raw
r3f739bi0c,采集,719,流星兰,,51,2205,G,1773056759020,4,https://wiki.biligame.com/rocom/Data:Mapnew/type/719/json?action=raw
1f4bwzo2t2b,采集,719,流星兰,,307,1742,G,1776049316771,4,https://wiki.biligame.com/rocom/Data:Mapnew/type/719/json?action=raw
oxfu2m216i,采集,719,流星兰,,397,1555,G,1776510898298,4,https://wiki.biligame.com/rocom/Data:Mapnew/type/719/json?action=raw
o1jcn5vj94,采集,719,流星兰,,329,1927,G,1776511046712,4,https://wiki.biligame.com/rocom/Data:Mapnew/type/719/json?action=raw
1wjqrz70525,采集,719,流星兰,,609,1844,G,1776511163549,4,https://wiki.biligame.com/rocom/Data:Mapnew/type/719/json?action=raw
1gp1o6s00wi,采集,719,流星兰,,568,1881,G,1776511211666,4,https://wiki.biligame.com/rocom/Data:Mapnew/type/719/json?action=raw
j7uhr1g3jg,采集,719,流星兰,,602,1980,G,1776511292140,4,https://wiki.biligame.com/rocom/Data:Mapnew/type/719/json?action=raw
16r14ldjic8,采集,719,流星兰,,637,1809,G,1776511403160,4,https://wiki.biligame.com/rocom/Data:Mapnew/type/719/json?action=raw
1liqj2wqtew,采集,719,流星兰,,549,1747,G,1776511496040,4,https://wiki.biligame.com/rocom/Data:Mapnew/type/719/json?action=raw
257oeeaa6ts,采集,719,流星兰,,527,1737,G,1776511509264,4,https://wiki.biligame.com/rocom/Data:Mapnew/type/719/json?action=raw
b8q4vzj5p4,采集,719,流星兰,,352,2018,G,1776512139928,4,https://wiki.biligame.com/rocom/Data:Mapnew/type/719/json?action=raw
nncwwbcnlp,采集,719,流星兰,,489,2068,G,1776512232829,4,https://wiki.biligame.com/rocom/Data:Mapnew/type/719/json?action=raw
1gav6p5oj07,采集,736,藻羽花,,-711,1492,G,1772716810039,4,https://wiki.biligame.com/rocom/Data:Mapnew/type/736/json?action=raw
6iku6t8paj,采集,736,藻羽花,,-666,1505,G,1772717008651,4,https://wiki.biligame.com/rocom/Data:Mapnew/type/736/json?action=raw
5j4qtn94wk,采集,736,藻羽花,,-610,1494,G,1772717157396,4,https://wiki.biligame.com/rocom/Data:Mapnew/type/736/json?action=raw
njt97uw1hw,采集,736,藻羽花,,-466,1498,G,1772718561684,4,https://wiki.biligame.com/rocom/Data:Mapnew/type/736/json?action=raw
1i2o5k39zp1,采集,736,藻羽花,,-455,1509,G,1772718587893,4,https://wiki.biligame.com/rocom/Data:Mapnew/type/736/json?action=raw
b8q359of66,采集,736,藻羽花,,-366,1556,G,1772719812558,4,https://wiki.biligame.com/rocom/Data:Mapnew/type/736/json?action=raw
xlder06b74,采集,736,藻羽花,,-337,1605,G,1772720081456,4,https://wiki.biligame.com/rocom/Data:Mapnew/type/736/json?action=raw
15yo7cxtr8e,采集,736,藻羽花,,-327,1624,G,1772720082974,4,https://wiki.biligame.com/rocom/Data:Mapnew/type/736/json?action=raw
wwk56zmo00,采集,736,藻羽花,,-313,1703,G,1772720262656,4,https://wiki.biligame.com/rocom/Data:Mapnew/type/736/json?action=raw
2isufwioos8,采集,736,藻羽花,,-293,1795,G,1772720526713,4,https://wiki.biligame.com/rocom/Data:Mapnew/type/736/json?action=raw
16r12upl2ng,采集,736,藻羽花,,-338,1979,G,1772722262444,4,https://wiki.biligame.com/rocom/Data:Mapnew/type/736/json?action=raw
18bqtu7hogp,采集,736,藻羽花,,-358,2162,G,1772723914009,4,https://wiki.biligame.com/rocom/Data:Mapnew/type/736/json?action=raw
1liqhcbboex,采集,736,藻羽花,,-330,2246,G,1772726614873,4,https://wiki.biligame.com/rocom/Data:Mapnew/type/736/json?action=raw
184nm4bjhbw,采集,736,藻羽花,,-65,1850,G,1773059275132,4,https://wiki.biligame.com/rocom/Data:Mapnew/type/736/json?action=raw
1vnu8ynl5t6,采集,736,藻羽花,,18,1873,G,1773059305386,4,https://wiki.biligame.com/rocom/Data:Mapnew/type/736/json?action=raw
24mep6w3etf,采集,736,藻羽花,,25,1841,G,1773059323331,4,https://wiki.biligame.com/rocom/Data:Mapnew/type/736/json?action=raw
nncvb7le57,采集,736,藻羽花,,-87,1759,G,1773059349979,4,https://wiki.biligame.com/rocom/Data:Mapnew/type/736/json?action=raw
3uve2498tr,采集,736,藻羽花,,-103,1776,G,1773059350767,4,https://wiki.biligame.com/rocom/Data:Mapnew/type/736/json?action=raw
2ddvxjozqfz,采集,736,藻羽花,,-83,1786,G,1773059351711,4,https://wiki.biligame.com/rocom/Data:Mapnew/type/736/json?action=raw
uqkqqtrc20,采集,736,藻羽花,,-114,1674,G,1773059373768,4,https://wiki.biligame.com/rocom/Data:Mapnew/type/736/json?action=raw
2358k550dv1,采集,736,藻羽花,,-104,1691,G,1773059374893,4,https://wiki.biligame.com/rocom/Data:Mapnew/type/736/json?action=raw
6t7o5mk693,采集,736,藻羽花,,-150,1985,G,1773059475111,4,https://wiki.biligame.com/rocom/Data:Mapnew/type/736/json?action=raw
1qfyybnvtq7,采集,736,藻羽花,,-155,2008,G,1773059476287,4,https://wiki.biligame.com/rocom/Data:Mapnew/type/736/json?action=raw
2olzfwf43jc,采集,736,藻羽花,,-685,669,G,1776506005992,4,https://wiki.biligame.com/rocom/Data:Mapnew/type/736/json?action=raw
1iykoq6hj19,采集,736,藻羽花,,-652,634,G,1776506022045,4,https://wiki.biligame.com/rocom/Data:Mapnew/type/736/json?action=raw
2owm9pkjvx8,采集,736,藻羽花,,-667,616,G,1776506032220,4,https://wiki.biligame.com/rocom/Data:Mapnew/type/736/json?action=raw
295gruvc00s,采集,736,藻羽花,,-686,582,G,1776506040860,4,https://wiki.biligame.com/rocom/Data:Mapnew/type/736/json?action=raw
1ex8pbse9sk,采集,736,藻羽花,,-652,713,G,1776506061076,4,https://wiki.biligame.com/rocom/Data:Mapnew/type/736/json?action=raw
20dzji2gyz3,采集,736,藻羽花,,-568,715,G,1776506072847,4,https://wiki.biligame.com/rocom/Data:Mapnew/type/736/json?action=raw
omt09dre6p,采集,736,藻羽花,,-544,717,G,1776506073489,4,https://wiki.biligame.com/rocom/Data:Mapnew/type/736/json?action=raw
i1b6ico9pj,采集,736,藻羽花,,-539,786,G,1776506116903,4,https://wiki.biligame.com/rocom/Data:Mapnew/type/736/json?action=raw
2oc4eioq8w,采集,736,藻羽花,,-487,801,G,1776506127584,4,https://wiki.biligame.com/rocom/Data:Mapnew/type/736/json?action=raw
27vduojw2qq,采集,736,藻羽花,,-446,801,G,1776506136802,4,https://wiki.biligame.com/rocom/Data:Mapnew/type/736/json?action=raw
fdlq7zvy68,采集,736,藻羽花,,-454,926,G,1776506150336,4,https://wiki.biligame.com/rocom/Data:Mapnew/type/736/json?action=raw
2k6h0r5wcvs,采集,736,藻羽花,,-498,985,G,1776506223159,4,https://wiki.biligame.com/rocom/Data:Mapnew/type/736/json?action=raw
8adusdt71m,采集,736,藻羽花,,-554,1010,G,1776506275306,4,https://wiki.biligame.com/rocom/Data:Mapnew/type/736/json?action=raw
13ayst78lnp,采集,736,藻羽花,,-588,1073,G,1776506305189,4,https://wiki.biligame.com/rocom/Data:Mapnew/type/736/json?action=raw
29ua1ew5d5t,采集,736,藻羽花,,-533,1075,G,1776506313185,4,https://wiki.biligame.com/rocom/Data:Mapnew/type/736/json?action=raw
2674hrd9z47,采集,736,藻羽花,,-613,1097,G,1776506331911,4,https://wiki.biligame.com/rocom/Data:Mapnew/type/736/json?action=raw
mgtlnm659i,采集,736,藻羽花,,-625,1033,G,1776506372646,4,https://wiki.biligame.com/rocom/Data:Mapnew/type/736/json?action=raw
2fy1thc9hbo,采集,736,藻羽花,,-609,1003,G,1776506380277,4,https://wiki.biligame.com/rocom/Data:Mapnew/type/736/json?action=raw
27vduok1gak,采集,736,藻羽花,,-616,951,G,1776506387644,4,https://wiki.biligame.com/rocom/Data:Mapnew/type/736/json?action=raw
39ls0tpl16,采集,736,藻羽花,,-556,954,G,1776506426298,4,https://wiki.biligame.com/rocom/Data:Mapnew/type/736/json?action=raw
16ukqj0dxnq,采集,736,藻羽花,,-543,944,G,1776506427302,4,https://wiki.biligame.com/rocom/Data:Mapnew/type/736/json?action=raw
2ds2evkj5eo,采集,736,藻羽花,,-556,878,G,1776506442272,4,https://wiki.biligame.com/rocom/Data:Mapnew/type/736/json?action=raw
17xkftwaa72,采集,736,藻羽花,,-580,889,G,1776506451486,4,https://wiki.biligame.com/rocom/Data:Mapnew/type/736/json?action=raw
203cpoxa44i,采集,736,藻羽花,,-578,842,G,1776506463330,4,https://wiki.biligame.com/rocom/Data:Mapnew/type/736/json?action=raw
15khtcowr1e,采集,736,藻羽花,,-622,805,G,1776506464482,4,https://wiki.biligame.com/rocom/Data:Mapnew/type/736/json?action=raw
1wjqrz4dm56,采集,736,藻羽花,,-375,1251,G,1776506753370,4,https://wiki.biligame.com/rocom/Data:Mapnew/type/736/json?action=raw
276kl4jmjlm,采集,736,藻羽花,,-502,1335,G,1776506789818,4,https://wiki.biligame.com/rocom/Data:Mapnew/type/736/json?action=raw
2clj3mz2gwr,采集,736,藻羽花,,-590,1339,G,1776506826011,4,https://wiki.biligame.com/rocom/Data:Mapnew/type/736/json?action=raw
1qqltpts3of,采集,736,藻羽花,,-558,1268,G,1776506843807,4,https://wiki.biligame.com/rocom/Data:Mapnew/type/736/json?action=raw
2nizqljr0o0,采集,736,藻羽花,,-353,1338,G,1776506880799,4,https://wiki.biligame.com/rocom/Data:Mapnew/type/736/json?action=raw
24iv4u6vlrp,采集,736,藻羽花,,-343,1326,G,1776506887669,4,https://wiki.biligame.com/rocom/Data:Mapnew/type/736/json?action=raw
1o2wdfh2gup,采集,736,藻羽花,,-330,1208,G,1776507002577,4,https://wiki.biligame.com/rocom/Data:Mapnew/type/736/json?action=raw
26laxi98k48,采集,736,藻羽花,,-150,1381,G,1776507558104,4,https://wiki.biligame.com/rocom/Data:Mapnew/type/736/json?action=raw
12pp56x593k,采集,736,藻羽花,,-117,1353,G,1776507569744,4,https://wiki.biligame.com/rocom/Data:Mapnew/type/736/json?action=raw
27vduokr78q,采集,736,藻羽花,,-122,1415,G,1776507588970,4,https://wiki.biligame.com/rocom/Data:Mapnew/type/736/json?action=raw
12f2bdrqthe,采集,736,藻羽花,,-71,1416,G,1776507606722,4,https://wiki.biligame.com/rocom/Data:Mapnew/type/736/json?action=raw
1z7g89hpv7j,采集,736,藻羽花,,23,1447,G,1776507649855,4,https://wiki.biligame.com/rocom/Data:Mapnew/type/736/json?action=raw
19sx0mjebsv,采集,736,藻羽花,,-176,1321,G,1776507739711,4,https://wiki.biligame.com/rocom/Data:Mapnew/type/736/json?action=raw
19sx0mjo1k6,采集,736,藻羽花,,-189,1609,G,1776508192998,4,https://wiki.biligame.com/rocom/Data:Mapnew/type/736/json?action=raw
1lf6x54zd0q,采集,736,藻羽花,,-258,1632,G,1776508212394,4,https://wiki.biligame.com/rocom/Data:Mapnew/type/736/json?action=raw
pf5vr5im08,采集,736,藻羽花,,-311,1529,G,1776508248296,4,https://wiki.biligame.com/rocom/Data:Mapnew/type/736/json?action=raw
12pp56xp19z,采集,736,藻羽花,,-717,1395,G,1776508492727,4,https://wiki.biligame.com/rocom/Data:Mapnew/type/736/json?action=raw
1efinn8tb49,采集,736,藻羽花,,-777,1422,G,1776508506505,4,https://wiki.biligame.com/rocom/Data:Mapnew/type/736/json?action=raw
logq72ap9m,采集,736,藻羽花,,-49,1688,G,1776577903722,4,https://wiki.biligame.com/rocom/Data:Mapnew/type/736/json?action=raw
2jakjeg90sc,采集,736,藻羽花,,636,1866,B1,1776671867963,4,https://wiki.biligame.com/rocom/Data:Mapnew/type/736/json?action=raw
2aq6ix2zm77,采集,736,藻羽花,,634,1874,B1,1776671875363,4,https://wiki.biligame.com/rocom/Data:Mapnew/type/736/json?action=raw
2ekfag1jgxi,采集,736,藻羽花,,587,1899,B1,1776671964534,4,https://wiki.biligame.com/rocom/Data:Mapnew/type/736/json?action=raw
25ermcdg0ff,采集,736,藻羽花,,536,1864,B1,1776671990571,4,https://wiki.biligame.com/rocom/Data:Mapnew/type/736/json?action=raw
ucecnpe43a,采集,736,藻羽花,,536,1853,B1,1776671998262,4,https://wiki.biligame.com/rocom/Data:Mapnew/type/736/json?action=raw
1qxomfc76lm,任务,401,拾遗任务,,1168,-1417,G,1743497020714,4,https://wiki.biligame.com/rocom/Data:Mapnew/type/401/json?action=raw
10g5q64w31h,任务,401,拾遗任务,,975,-1136,G,1744986755941,4,https://wiki.biligame.com/rocom/Data:Mapnew/type/401/json?action=raw
1avwbg4l9n2,任务,401,拾遗任务,,956,-1005,G,1744986904590,4,https://wiki.biligame.com/rocom/Data:Mapnew/type/401/json?action=raw
26se2n2vdez,任务,401,拾遗任务,液化术任务,1271,1070,G,1770544952235,4,https://wiki.biligame.com/rocom/Data:Mapnew/type/401/json?action=raw
2d6sc7vrpez,战斗,602,黑衣人,,226,2435,G,1743770866795,4,https://wiki.biligame.com/rocom/Data:Mapnew/type/602/json?action=raw
gd1ejsb2jv,战斗,602,黑衣人,,-190,-478,G,1743771011500,4,https://wiki.biligame.com/rocom/Data:Mapnew/type/602/json?action=raw
6wqwmyzulf,战斗,602,黑衣人,,2061,840,G,1743771385763,4,https://wiki.biligame.com/rocom/Data:Mapnew/type/602/json?action=raw
2kyth7iwd6k,战斗,602,黑衣人,,333,-520,G,1743771412667,4,https://wiki.biligame.com/rocom/Data:Mapnew/type/602/json?action=raw
11c271hldkj,战斗,602,黑衣人,,-1775,-1130,G,1743771442419,4,https://wiki.biligame.com/rocom/Data:Mapnew/type/602/json?action=raw
2nbw3oqbh9g,战斗,602,黑衣人,,-1760,-1055,G,1743771473443,4,https://wiki.biligame.com/rocom/Data:Mapnew/type/602/json?action=raw
13sofgetaa3,战斗,602,黑衣人,,-790,-974,G,1743771490123,4,https://wiki.biligame.com/rocom/Data:Mapnew/type/602/json?action=raw
1glhnjab2dy,战斗,602,黑衣人,,-1776,-1164,G,1744477767382,4,https://wiki.biligame.com/rocom/Data:Mapnew/type/602/json?action=raw
1ov8u7i5i0s,战斗,602,黑衣人,,-1837,-1099,G,1744477771901,4,https://wiki.biligame.com/rocom/Data:Mapnew/type/602/json?action=raw
a5q0vb7v9i,战斗,602,黑衣人,,-1554,-1121,G,1744477782278,4,https://wiki.biligame.com/rocom/Data:Mapnew/type/602/json?action=raw
26sdqnz6azt,战斗,602,黑衣人,,-708,-1724,G,1744477821993,4,https://wiki.biligame.com/rocom/Data:Mapnew/type/602/json?action=raw
1w5jxijywzg,战斗,602,黑衣人,,799,-1703,G,1744477857404,4,https://wiki.biligame.com/rocom/Data:Mapnew/type/602/json?action=raw
xaq7ys31qp,战斗,602,黑衣人,,157,-328,G,1744477896593,4,https://wiki.biligame.com/rocom/Data:Mapnew/type/602/json?action=raw
v8afaq583n,战斗,602,黑衣人,,758,598,G,1744477932099,4,https://wiki.biligame.com/rocom/Data:Mapnew/type/602/json?action=raw
ee58551v0o,战斗,602,黑衣人,,-1,1062,G,1744477957192,4,https://wiki.biligame.com/rocom/Data:Mapnew/type/602/json?action=raw
1cd2h16k8fh,战斗,602,黑衣人,,-903,235,G,1746153996717,4,https://wiki.biligame.com/rocom/Data:Mapnew/type/602/json?action=raw
17173-907436011520,宝箱,317,翼系宝箱,贵重宝箱（翼）,-259.725106,-1311.805719,,,,https://map.17173.com/rocom/maps/shijie
17173-411494223872,宝箱,171730031,精灵的宝藏,精灵宝箱,-99.20125,-885.532774,,,,https://map.17173.com/rocom/maps/shijie
17173-54174842880,宝箱,301,普通宝箱,普通宝箱,-52.243645,-901.091315,,,,https://map.17173.com/rocom/maps/shijie
17173-809063247872,宝箱,301,普通宝箱,普通宝箱,191.412402,-773.86323,,,,https://map.17173.com/rocom/maps/shijie
17173-44578951168,宝箱,171730031,精灵的宝藏,精灵宝箱,221.714825,-751.095486,,,,https://map.17173.com/rocom/maps/shijie
17173-817718095872,宝箱,310,地系宝箱,贵重宝箱（地）,149.818275,-1176.047689,,,,https://map.17173.com/rocom/maps/shijie
17173-25242980352,宝箱,313,电系宝箱,贵重宝箱（电）,484.673618,-1044.456204,,,,https://map.17173.com/rocom/maps/shijie
17173-47784501248,宝箱,310,地系宝箱,贵重宝箱（地）,603.610731,-841.927244,,,,https://map.17173.com/rocom/maps/shijie
17173-852003864576,宝箱,301,普通宝箱,普通宝箱,756.683785,-931.410722,,,,https://map.17173.com/rocom/maps/shijie
17173-3088257024,宝箱,171730031,精灵的宝藏,精灵宝箱,677.289866,-1408.800893,,,,https://map.17173.com/rocom/maps/shijie
17173-523031142400,宝箱,305,普通系宝箱,贵重宝箱（普通系）,741.197393,-1793.308394,,,,https://map.17173.com/rocom/maps/shijie
17173-648716103680,宝箱,315,虫系宝箱,贵重宝箱（虫）,768.175571,-1021.912398,,,,https://map.17173.com/rocom/maps/shijie
17173-187716100096,宝箱,301,普通宝箱,普通宝箱,-931.056068,1857.529644,,,,https://map.17173.com/rocom/maps/shijie
17173-946874077184,宝箱,304,华丽宝箱,华丽宝箱,-650.586004,1908.040717,,,,https://map.17173.com/rocom/maps/shijie
17173-350731026432,宝箱,304,华丽宝箱,华丽宝箱,-676.565136,2167.70473,,,,https://map.17173.com/rocom/maps/shijie
17173-189726044160,宝箱,301,普通宝箱,普通宝箱X2,-422.647355,2317.458687,,,,https://map.17173.com/rocom/maps/shijie
17173-675568394240,宝箱,301,普通宝箱,普通宝箱,-542.186186,2102.376227,,,,https://map.17173.com/rocom/maps/shijie
17173-712238526464,宝箱,304,华丽宝箱,华丽宝箱,-917.95045,2098.005539,,,,https://map.17173.com/rocom/maps/shijie
17173-245815136256,宝箱,301,普通宝箱,普通宝箱,-505.022363,2299.532444,,,,https://map.17173.com/rocom/maps/shijie
17173-143191244800,宝箱,301,普通宝箱,普通宝箱,683.618887,-2124.724381,,,,https://map.17173.com/rocom/maps/shijie
17173-27296006144,宝箱,171730031,精灵的宝藏,精灵宝箱,343.6377,-2038.480267,,,,https://map.17173.com/rocom/maps/shijie
17173-875007197184,宝箱,171730031,精灵的宝藏,精灵宝箱,-642.535161,-2078.578506,,,,https://map.17173.com/rocom/maps/shijie
17173-625934405632,宝箱,309,光系宝箱,贵重宝箱（光）,-927.406258,-2742.328014,,,,https://map.17173.com/rocom/maps/shijie
17173-425411354624,宝箱,301,普通宝箱,普通宝箱,-971.36049,-2971.825756,,,,https://map.17173.com/rocom/maps/shijie
17173-88252223488,宝箱,301,普通宝箱,普通宝箱,-1022.813262,-2985.821274,,,,https://map.17173.com/rocom/maps/shijie
17173-111706333184,宝箱,315,虫系宝箱,贵重宝箱（虫）,-1129.315344,-2673.402915,,,,https://map.17173.com/rocom/maps/shijie
17173-265613455360,宝箱,171730031,精灵的宝藏,精灵宝箱,-1222.353652,-2322.591182,,,,https://map.17173.com/rocom/maps/shijie
17173-682545577984,宝箱,301,普通宝箱,普通宝箱,-882.519947,-2576.433837,,,,https://map.17173.com/rocom/maps/shijie
17173-476465958912,宝箱,301,普通宝箱,普通宝箱,-951.841328,-2696.930899,,,,https://map.17173.com/rocom/maps/shijie
17173-125629857792,宝箱,301,普通宝箱,普通宝箱,-653.980812,-2688.310557,,,,https://map.17173.com/rocom/maps/shijie
17173-9039462400,宝箱,310,地系宝箱,贵重宝箱（地）,-611.523297,-2535.813239,,,,https://map.17173.com/rocom/maps/shijie
17173-608156274688,宝箱,301,普通宝箱,普通宝箱,-600.532501,-2568.314452,,,,https://map.17173.com/rocom/maps/shijie
17173-573632299008,宝箱,171730031,精灵的宝藏,精灵宝箱,-666.476519,-2403.807391,,,,https://map.17173.com/rocom/maps/shijie
17173-981239390208,宝箱,171730031,精灵的宝藏,精灵宝箱,-1297.457932,-2591.944124,,,,https://map.17173.com/rocom/maps/shijie
17173-427502080000,宝箱,317,翼系宝箱,贵重宝箱（翼）,-843.306471,-2551.089335,,,,https://map.17173.com/rocom/maps/shijie
17173-913762967552,宝箱,301,普通宝箱,普通宝箱,-1452.925619,-2870.946932,,,,https://map.17173.com/rocom/maps/shijie
17173-210896293888,宝箱,171730031,精灵的宝藏,精灵宝箱,-1532.127639,-2960.510967,,,,https://map.17173.com/rocom/maps/shijie
17173-886988046336,宝箱,301,普通宝箱,属性宝箱,894.980185,2015.096563,,,,https://map.17173.com/rocom/maps/shijie
17173-229868208128,宝箱,171730031,精灵的宝藏,精灵的宝箱,894.596498,2029.750217,,,,https://map.17173.com/rocom/maps/shijie
17173-805695815680,宝箱,171730101,闪光点宝箱,光点观察宝箱,1008.571677,2048.35337,,,,https://map.17173.com/rocom/maps/shijie
17173-824999768064,宝箱,308,水系宝箱,水系宝箱,930.864033,1824.500241,,,,https://map.17173.com/rocom/maps/shijie
17173-729986183168,宝箱,171730031,精灵的宝藏,精灵的宝箱,620.03948,1713.595409,,,,https://map.17173.com/rocom/maps/shijie
17173-147516563456,宝箱,171730031,精灵的宝藏,精灵的宝箱,593.522339,1725.242568,,,,https://map.17173.com/rocom/maps/shijie
17173-149830168576,宝箱,301,普通宝箱,普通宝箱,-1709.857939,-2986.669844,,,,https://map.17173.com/rocom/maps/shijie
17173-42512945152,宝箱,301,普通宝箱,普通宝箱,-1596.147326,-3000.28732,,,,https://map.17173.com/rocom/maps/shijie
17173-998390177792,宝箱,317,翼系宝箱,贵重宝箱（翼）,-1996.850624,-2137.114417,,,,https://map.17173.com/rocom/maps/shijie
17173-383442722816,宝箱,301,普通宝箱,普通宝箱,-1967.638151,-1838.236947,,,,https://map.17173.com/rocom/maps/shijie
17173-186391683072,宝箱,304,华丽宝箱,华丽宝箱,-1522.858936,-1816.765371,,,,https://map.17173.com/rocom/maps/shijie
17173-532302553088,宝箱,301,普通宝箱,普通宝箱,-1473.592145,-1960.902127,,,,https://map.17173.com/rocom/maps/shijie
17173-145893912576,宝箱,301,普通宝箱,普通宝箱,-1455.06746,-2049.194515,,,,https://map.17173.com/rocom/maps/shijie
17173-278805442560,宝箱,301,普通宝箱,普通宝箱,-1492.964335,-1964.662383,,,,https://map.17173.com/rocom/maps/shijie
17173-250279731200,宝箱,301,普通宝箱,普通宝箱,-1962.512721,-1559.472658,,,,https://map.17173.com/rocom/maps/shijie
17173-725812695040,宝箱,301,普通宝箱,普通宝箱,-923.596932,-1879.840738,,,,https://map.17173.com/rocom/maps/shijie
17173-654732488704,宝箱,301,普通宝箱,普通宝箱,-825.685741,-1895.849574,,,,https://map.17173.com/rocom/maps/shijie
17173-176691367936,宝箱,317,翼系宝箱,贵重宝箱（翼）,-539.130418,-1780.174333,,,,https://map.17173.com/rocom/maps/shijie
17173-142393946112,宝箱,301,普通宝箱,普通宝箱,1060.945314,-111.352318,,,,https://map.17173.com/rocom/maps/shijie
17173-354951917568,宝箱,301,普通宝箱,普通宝箱,1203.528968,-365.367527,,,,https://map.17173.com/rocom/maps/shijie
17173-46293086208,宝箱,171730031,精灵的宝藏,精灵的宝藏,1357.69454,-413.947669,,,,https://map.17173.com/rocom/maps/shijie
17173-437605175296,宝箱,301,普通宝箱,普通宝箱,1187.781382,40.757252,,,,https://map.17173.com/rocom/maps/shijie
17173-772249620480,宝箱,301,普通宝箱,普通宝箱,1232.651607,283.288031,,,,https://map.17173.com/rocom/maps/shijie
17173-468816891904,宝箱,301,普通宝箱,普通宝箱,1284.114175,89.912206,,,,https://map.17173.com/rocom/maps/shijie
17173-512626036736,宝箱,171730031,精灵的宝藏,精灵的宝藏,1252.617934,189.684816,,,,https://map.17173.com/rocom/maps/shijie
17173-655802798080,宝箱,171730031,精灵的宝藏,精灵的宝藏,1064.533566,290.664915,,,,https://map.17173.com/rocom/maps/shijie
17173-219167715328,宝箱,301,普通宝箱,普通宝箱,-1853.879043,-1147.750423,,,,https://map.17173.com/rocom/maps/shijie
17173-817316171776,宝箱,301,普通宝箱,普通宝箱,-1816.912537,-1155.253769,,,,https://map.17173.com/rocom/maps/shijie
17173-960896385024,宝箱,310,地系宝箱,贵重宝箱（地）,-1548.305501,-997.361916,,,,https://map.17173.com/rocom/maps/shijie
17173-707690549248,宝箱,319,幽系宝箱,贵重宝箱（幽）,-1359.471923,-1113.787832,,,,https://map.17173.com/rocom/maps/shijie
17173-602780762112,宝箱,171730031,精灵的宝藏,精灵宝箱,-1362.725259,-929.89549,,,,https://map.17173.com/rocom/maps/shijie
17173-251404800000,宝箱,319,幽系宝箱,贵重宝箱（幽）,-1295.028306,-1207.294249,,,,https://map.17173.com/rocom/maps/shijie
17173-439065911296,宝箱,301,普通宝箱,普通宝箱,-1356.580642,-1668.621369,,,,https://map.17173.com/rocom/maps/shijie
17173-378070802432,宝箱,305,普通系宝箱,贵重宝箱（普通）,-1129.95364,-1678.498195,,,,https://map.17173.com/rocom/maps/shijie
17173-23018774528,宝箱,171730031,精灵的宝藏,精灵宝箱,-1039.704089,-1835.136493,,,,https://map.17173.com/rocom/maps/shijie
17173-160881926144,宝箱,320,恶系宝箱,贵重宝箱（恶魔）,-766.249528,-1374.448621,,,,https://map.17173.com/rocom/maps/shijie
17173-954687377408,宝箱,301,普通宝箱,普通宝箱,-804.806069,-1322.679283,,,,https://map.17173.com/rocom/maps/shijie
17173-859225444352,宝箱,171730031,精灵的宝藏,精灵宝箱,-1050.995483,-930.912569,,,,https://map.17173.com/rocom/maps/shijie
17173-707539980288,宝箱,315,虫系宝箱,贵重宝箱（虫）,-945.466424,-1128.153797,,,,https://map.17173.com/rocom/maps/shijie
17173-11997806592,宝箱,317,翼系宝箱,贵重宝箱（翼）,-714.439176,-1153.615129,,,,https://map.17173.com/rocom/maps/shijie
17173-267436441600,宝箱,301,普通宝箱,普通宝箱,-580.2739,-1047.064223,,,,https://map.17173.com/rocom/maps/shijie
17173-248194514944,宝箱,171730031,精灵的宝藏,精灵宝箱,-434.107091,-1057.487191,,,,https://map.17173.com/rocom/maps/shijie
17173-409182146560,宝箱,301,普通宝箱,普通宝箱,-407.377448,-985.398336,,,,https://map.17173.com/rocom/maps/shijie
17173-864596058112,宝箱,171730105,精灵翻找宝箱,精灵挖掘普通宝箱,357.512667,1254.822628,,,,https://map.17173.com/rocom/maps/shijie
17173-892960370688,宝箱,308,水系宝箱,水系宝箱,404.283721,1298.86632,,,,https://map.17173.com/rocom/maps/shijie
17173-671468666880,宝箱,171730105,精灵翻找宝箱,精灵挖掘普通宝箱,580.955408,1111.058519,,,,https://map.17173.com/rocom/maps/shijie
17173-937829572608,宝箱,171730031,精灵的宝藏,精灵宝箱,-931.772321,-613.276727,,,,https://map.17173.com/rocom/maps/shijie
17173-231522463744,宝箱,301,普通宝箱,屋顶普通宝箱,91.162187,888.281382,,,,https://map.17173.com/rocom/maps/shijie
17173-665339764736,宝箱,316,武系宝箱,战斗系宝箱,-56.165791,1184.07148,,,,https://map.17173.com/rocom/maps/shijie
17173-265349435392,宝箱,171730031,精灵的宝藏,精灵宝箱,-579.803648,-712.160754,,,,https://map.17173.com/rocom/maps/shijie
17173-282839019520,宝箱,319,幽系宝箱,贵重宝箱（幽）,-316.390837,-493.475613,,,,https://map.17173.com/rocom/maps/shijie
17173-534636638208,宝箱,171730031,精灵的宝藏,精灵宝箱,-456.687187,-723.145923,,,,https://map.17173.com/rocom/maps/shijie
17173-669527883776,宝箱,301,普通宝箱,普通宝箱,-440.237462,-627.769542,,,,https://map.17173.com/rocom/maps/shijie
17173-848283160576,宝箱,171730031,精灵的宝藏,精灵宝箱,-356.235056,-487.287632,,,,https://map.17173.com/rocom/maps/shijie
17173-242746634240,宝箱,171730031,精灵的宝藏,精灵的宝藏,-339.50894,1164.215772,,,,https://map.17173.com/rocom/maps/shijie
17173-222941929472,宝箱,171730031,精灵的宝藏,精灵的宝藏,-307.07685,1173.660054,,,,https://map.17173.com/rocom/maps/shijie
17173-127036604416,宝箱,171730105,精灵翻找宝箱,精灵挖掘宝箱,48.700485,1382.988983,,,,https://map.17173.com/rocom/maps/shijie
17173-293719482368,宝箱,171730031,精灵的宝藏,精灵宝箱,381.242871,-611.573692,,,,https://map.17173.com/rocom/maps/shijie
17173-500666441728,宝箱,171730031,精灵的宝藏,精灵宝箱,436.692114,-602.078562,,,,https://map.17173.com/rocom/maps/shijie
17173-117648424960,宝箱,305,普通系宝箱,贵重宝箱（普通）,531.523436,-580.390799,,,,https://map.17173.com/rocom/maps/shijie
17173-653544493056,宝箱,306,草系宝箱,草系宝箱,208.198429,1264.412611,,,,https://map.17173.com/rocom/maps/shijie
17173-836921364480,宝箱,171730105,精灵翻找宝箱,精灵翻找宝箱,416.320919,1444.075119,,,,https://map.17173.com/rocom/maps/shijie
17173-333712609280,宝箱,306,草系宝箱,贵重宝箱（草）,321.09572,-302.7476,,,,https://map.17173.com/rocom/maps/shijie
17173-162004426752,宝箱,316,武系宝箱,战斗系宝箱,241.948996,1054.951486,,,,https://map.17173.com/rocom/maps/shijie
17173-570228387840,宝箱,171730031,精灵的宝藏,精灵宝箱,257.653188,-289.316603,,,,https://map.17173.com/rocom/maps/shijie
17173-978197295104,宝箱,171730031,精灵的宝藏,精灵宝箱,51.042074,-553.275381,,,,https://map.17173.com/rocom/maps/shijie
17173-383599423488,宝箱,171730031,精灵的宝藏,精灵宝箱,168.499484,-470.914898,,,,https://map.17173.com/rocom/maps/shijie
17173-854304526336,宝箱,171730031,精灵的宝藏,精灵宝箱,105.116392,-297.498006,,,,https://map.17173.com/rocom/maps/shijie
17173-216925822976,宝箱,305,普通系宝箱,贵重宝箱（普通）,59.794729,-217.912549,,,,https://map.17173.com/rocom/maps/shijie
17173-606622486528,宝箱,310,地系宝箱,贵重宝箱（地）,133.101808,-278.827384,,,,https://map.17173.com/rocom/maps/shijie
17173-45622407168,宝箱,171730031,精灵的宝藏,精灵宝箱,309.283152,-415.034037,,,,https://map.17173.com/rocom/maps/shijie
17173-751258427392,宝箱,301,普通宝箱,普通宝箱,335.174979,-459.862746,,,,https://map.17173.com/rocom/maps/shijie
17173-992691298304,宝箱,310,地系宝箱,地系宝箱,369.766499,-145.881899,,,,https://map.17173.com/rocom/maps/shijie
17173-930687205376,宝箱,301,普通宝箱,普通宝箱,637.583559,60.768614,,,,https://map.17173.com/rocom/maps/shijie
17173-651409833984,宝箱,301,普通宝箱,普通宝箱,831.841764,-305.984584,,,,https://map.17173.com/rocom/maps/shijie
17173-747202519040,宝箱,301,普通宝箱,普通宝箱,1113.254663,308.293955,,,,https://map.17173.com/rocom/maps/shijie
17173-689102929920,宝箱,301,普通宝箱,普通宝箱,871.601839,291.420012,,,,https://map.17173.com/rocom/maps/shijie
17173-620412678144,宝箱,301,普通宝箱,普通宝箱,831.855461,285.418979,,,,https://map.17173.com/rocom/maps/shijie
17173-353024032768,宝箱,301,普通宝箱,普通宝箱,753.057176,313.590418,,,,https://map.17173.com/rocom/maps/shijie
17173-80434012160,宝箱,301,普通宝箱,普通宝箱,944.866381,106.344852,,,,https://map.17173.com/rocom/maps/shijie
17173-196073926656,宝箱,171730104,地下宝箱,底下翻找普通宝箱,293.174922,1013.038369,,,,https://map.17173.com/rocom/maps/shijie
17173-553137340416,宝箱,171730104,地下宝箱,地下-普通宝箱,274.192815,989.039887,,,,https://map.17173.com/rocom/maps/shijie
17173-749833084928,宝箱,171730105,精灵翻找宝箱,地下精灵翻找宝箱,240.723869,966.542705,,,,https://map.17173.com/rocom/maps/shijie
17173-615145078784,宝箱,171730105,精灵翻找宝箱,精灵翻找普通宝箱,187.486801,884.942574,,,,https://map.17173.com/rocom/maps/shijie
17173-952339390464,宝箱,301,普通宝箱,普通宝箱,1.371677,940.949385,,,,https://map.17173.com/rocom/maps/shijie
17173-928225861632,宝箱,318,萌系宝箱,萌系精灵宝箱,603.737345,1337.288434,,,,https://map.17173.com/rocom/maps/shijie
17173-148338651136,宝箱,171730105,精灵翻找宝箱,精灵翻找宝箱,705.486412,1452.859268,,,,https://map.17173.com/rocom/maps/shijie
17173-434224930816,宝箱,171730105,精灵翻找宝箱,精灵翻找宝箱,628.716157,1274.285754,,,,https://map.17173.com/rocom/maps/shijie
17173-751887167488,宝箱,171730105,精灵翻找宝箱,精灵翻找宝箱,586.610539,1213.736862,,,,https://map.17173.com/rocom/maps/shijie
17173-256268111872,宝箱,171730105,精灵翻找宝箱,精灵翻找普通宝箱,513.248041,1622.946124,,,,https://map.17173.com/rocom/maps/shijie
17173-324963434496,宝箱,320,恶系宝箱,恶系精灵宝箱,771.253575,1912.000036,,,,https://map.17173.com/rocom/maps/shijie
17173-324197056512,宝箱,171730105,精灵翻找宝箱,精灵翻找普通宝箱,-114.426063,-485.67144,,,,https://map.17173.com/rocom/maps/shijie
17173-89334575104,宝箱,171730105,精灵翻找宝箱,精灵翻找普通宝箱,-155.390485,-415.667286,,,,https://map.17173.com/rocom/maps/shijie
17173-689786941440,宝箱,171730105,精灵翻找宝箱,精灵翻找宝箱,-233.813685,-630.16185,,,,https://map.17173.com/rocom/maps/shijie
17173-185460297728,宝箱,171730031,精灵的宝藏,精灵的宝藏,-342.148073,-439.61335,,,,https://map.17173.com/rocom/maps/shijie
17173-928135417856,宝箱,309,光系宝箱,光系精灵宝箱,-326.128027,-375.46935,,,,https://map.17173.com/rocom/maps/shijie
17173-577735008256,宝箱,306,草系宝箱,草系精灵宝箱,-441.089066,-434.305595,,,,https://map.17173.com/rocom/maps/shijie
17173-284187017216,宝箱,306,草系宝箱,草系精灵宝箱,-549.929172,-144.179177,,,,https://map.17173.com/rocom/maps/shijie
17173-662025945088,宝箱,171730105,精灵翻找宝箱,精灵翻找宝箱,-69.893658,-203.491085,,,,https://map.17173.com/rocom/maps/shijie
17173-403595669504,宝箱,171730105,精灵翻找宝箱,精灵翻找宝箱,-101.086276,-152.957981,,,,https://map.17173.com/rocom/maps/shijie
17173-559994507264,宝箱,305,普通系宝箱,普通系精灵宝箱,-209.381047,-222.569208,,,,https://map.17173.com/rocom/maps/shijie
17173-417384112128,宝箱,171730031,精灵的宝藏,精灵的宝藏,-201.337956,-231.770208,,,,https://map.17173.com/rocom/maps/shijie
17173-287678656512,宝箱,171730031,精灵的宝藏,精灵的宝藏,-537.260408,66.408005,,,,https://map.17173.com/rocom/maps/shijie
17173-235025928192,宝箱,320,恶系宝箱,恶系精灵宝箱,-435.594913,-326.006547,,,,https://map.17173.com/rocom/maps/shijie
17173-515133468672,宝箱,171730105,精灵翻找宝箱,精灵翻找宝箱,-387.240684,74.49482,,,,https://map.17173.com/rocom/maps/shijie
17173-93471563776,宝箱,319,幽系宝箱,幽系精灵宝箱,-475.150152,136.996679,,,,https://map.17173.com/rocom/maps/shijie
17173-732112842752,宝箱,171730031,精灵的宝藏,精灵的宝藏,-516.879004,187.271941,,,,https://map.17173.com/rocom/maps/shijie
17173-736732536832,宝箱,171730105,精灵翻找宝箱,精灵翻找普通宝箱,-657.863737,76.994064,,,,https://map.17173.com/rocom/maps/shijie
17173-315867684864,宝箱,171730105,精灵翻找宝箱,精灵翻找宝箱,-657.18097,142.757244,,,,https://map.17173.com/rocom/maps/shijie
17173-570422120448,宝箱,306,草系宝箱,草系精灵宝箱,-396.937657,322.987486,,,,https://map.17173.com/rocom/maps/shijie
17173-682073694208,宝箱,171730105,精灵翻找宝箱,精灵翻找普通宝箱,-502.366416,524.972531,,,,https://map.17173.com/rocom/maps/shijie
17173-59570106368,宝箱,171730031,精灵的宝藏,精灵的宝藏,-339.254545,473.382072,,,,https://map.17173.com/rocom/maps/shijie
17173-194712346624,宝箱,317,翼系宝箱,翼系精灵宝箱,-477.314865,745.802894,,,,https://map.17173.com/rocom/maps/shijie
17173-143185006592,宝箱,171730105,精灵翻找宝箱,精灵翻找普通宝箱,-489.024316,935.519809,,,,https://map.17173.com/rocom/maps/shijie
17173-636862840832,宝箱,171730105,精灵翻找宝箱,精灵翻找普通宝箱,-602.424337,1069.530876,,,,https://map.17173.com/rocom/maps/shijie
17173-6483677184,宝箱,303,珍贵宝箱,镜中世界左侧隐藏入口贵重宝箱,-827.341776,948.185286,,,,https://map.17173.com/rocom/maps/shijie
17173-698880843776,宝箱,305,普通系宝箱,普通系精灵宝箱,-758.780116,718.368522,,,,https://map.17173.com/rocom/maps/shijie
17173-33800077312,宝箱,171730105,精灵翻找宝箱,精灵翻找普通宝箱,-838.926372,604.256043,,,,https://map.17173.com/rocom/maps/shijie
17173-352237731840,宝箱,304,华丽宝箱,瀑布后的华丽宝箱,-1039.757997,724.497237,,,,https://map.17173.com/rocom/maps/shijie
17173-859847852032,宝箱,310,地系宝箱,地系精灵宝箱,-961.377216,499.498282,,,,https://map.17173.com/rocom/maps/shijie
17173-853922402304,宝箱,171730031,精灵的宝藏,精灵的宝藏,-573.949595,1042.028141,,,,https://map.17173.com/rocom/maps/shijie
17173-720191291392,宝箱,171730031,精灵的宝藏,精灵的宝藏,-41.593417,-207.090306,,,,https://map.17173.com/rocom/maps/shijie
17173-561495740416,宝箱,306,草系宝箱,草系精灵宝箱,-34.815414,-191.671336,,,,https://map.17173.com/rocom/maps/shijie
17173-226647539712,宝箱,171730031,精灵的宝藏,精灵的宝藏,32.806967,-143.047985,,,,https://map.17173.com/rocom/maps/shijie
17173-863433531392,宝箱,171730105,精灵翻找宝箱,精灵翻找普通宝箱,0.037683,-41.660352,,,,https://map.17173.com/rocom/maps/shijie
17173-250112905216,宝箱,307,火系宝箱,火系精灵宝箱,24.508936,12.66743,,,,https://map.17173.com/rocom/maps/shijie
17173-83710652416,宝箱,171730105,精灵翻找宝箱,精灵翻找普通宝箱,-150.366954,301.735505,,,,https://map.17173.com/rocom/maps/shijie
17173-892506546176,宝箱,171730105,精灵翻找宝箱,精灵翻找宝箱,15.073906,104.177353,,,,https://map.17173.com/rocom/maps/shijie
17173-811068309504,宝箱,319,幽系宝箱,幽系精灵宝箱,-96.337969,249.440809,,,,https://map.17173.com/rocom/maps/shijie
17173-601780793344,宝箱,171730031,精灵的宝藏,精灵的宝藏,-23.251973,256.855649,,,,https://map.17173.com/rocom/maps/shijie
17173-183146209280,宝箱,171730031,精灵的宝藏,精灵的宝藏,-75.233374,574.762682,,,,https://map.17173.com/rocom/maps/shijie
17173-901652119552,宝箱,171730105,精灵翻找宝箱,精灵翻找普通宝箱,-70.398025,523.914119,,,,https://map.17173.com/rocom/maps/shijie
17173-746344767488,宝箱,171730105,精灵翻找宝箱,精灵翻找宝箱,-4.639818,612.5459,,,,https://map.17173.com/rocom/maps/shijie
17173-936479191040,宝箱,171730031,精灵的宝藏,精灵的宝藏,-110.203656,660.766417,,,,https://map.17173.com/rocom/maps/shijie
17173-890090852352,宝箱,171730105,精灵翻找宝箱,精灵翻找宝箱,-325.147531,722.900898,,,,https://map.17173.com/rocom/maps/shijie
17173-509883289600,宝箱,317,翼系宝箱,翼系精灵宝箱,-254.271232,522.825834,,,,https://map.17173.com/rocom/maps/shijie
17173-732395839488,宝箱,171730105,精灵翻找宝箱,精灵翻找普通宝箱,-388.379158,962.818497,,,,https://map.17173.com/rocom/maps/shijie
17173-522634637312,宝箱,171730031,精灵的宝藏,精灵的宝藏,-452.320739,956.324145,,,,https://map.17173.com/rocom/maps/shijie
17173-756066861056,宝箱,171730031,精灵的宝藏,精灵的宝藏,-479.051432,1087.589878,,,,https://map.17173.com/rocom/maps/shijie
17173-253138022400,宝箱,171730031,精灵的宝藏,精灵的宝藏,-462.053448,989.77422,,,,https://map.17173.com/rocom/maps/shijie
17173-965386108928,宝箱,171730031,精灵的宝藏,精灵的宝藏,-69.938404,-247.178673,,,,https://map.17173.com/rocom/maps/shijie
17173-749815132160,宝箱,301,普通宝箱,普通宝箱,280.935235,97.824825,,,,https://map.17173.com/rocom/maps/shijie
17173-31272136704,宝箱,319,幽系宝箱,幽系精灵宝箱,248.769741,35.489618,,,,https://map.17173.com/rocom/maps/shijie
17173-518020317184,宝箱,171730105,精灵翻找宝箱,精灵翻找普通宝箱,326.827057,271.990266,,,,https://map.17173.com/rocom/maps/shijie
17173-247476891648,宝箱,171730105,精灵翻找宝箱,信仰者村落精灵翻找宝箱,228.271935,302.825563,,,,https://map.17173.com/rocom/maps/shijie
17173-839207534592,宝箱,309,光系宝箱,地下-光系精灵宝箱,265.228811,343.239263,,,,https://map.17173.com/rocom/maps/shijie
17173-789145559040,宝箱,307,火系宝箱,火系精灵宝箱,118.316652,205.987385,,,,https://map.17173.com/rocom/maps/shijie
17173-569256607744,宝箱,304,华丽宝箱,精灵翻找华丽宝箱,175.780546,234.168132,,,,https://map.17173.com/rocom/maps/shijie
17173-809724579840,宝箱,171730031,精灵的宝藏,精灵的宝藏,225.713691,269.704936,,,,https://map.17173.com/rocom/maps/shijie
17173-791020716032,宝箱,171730031,精灵的宝藏,精灵的宝藏,280.299277,299.118571,,,,https://map.17173.com/rocom/maps/shijie
17173-661025550336,宝箱,171730105,精灵翻找宝箱,精灵翻找普通宝箱,259.556539,323.0138,,,,https://map.17173.com/rocom/maps/shijie
17173-593001136128,宝箱,171730105,精灵翻找宝箱,精灵翻找普通宝箱,334.185685,302.901698,,,,https://map.17173.com/rocom/maps/shijie
17173-497535246336,宝箱,303,珍贵宝箱,贵重宝箱,373.162924,486.989372,,,,https://map.17173.com/rocom/maps/shijie
17173-67130331136,宝箱,310,地系宝箱,地下地系精灵宝箱,96.058932,203.826086,,,,https://map.17173.com/rocom/maps/shijie
17173-482821705728,宝箱,171730105,精灵翻找宝箱,地下精灵翻找普通宝箱,-17.089646,106.431609,,,,https://map.17173.com/rocom/maps/shijie
17173-183621165056,宝箱,171730031,精灵的宝藏,精灵的宝藏,102.673097,42.916842,,,,https://map.17173.com/rocom/maps/shijie
17173-723023536128,宝箱,171730031,精灵的宝藏,精灵的宝藏,126.737934,-65.929336,,,,https://map.17173.com/rocom/maps/shijie
17173-405682630656,宝箱,171730031,精灵的宝藏,精灵的宝藏,269.856058,-60.58511,,,,https://map.17173.com/rocom/maps/shijie
17173-340421115904,宝箱,321,机械系宝箱,机械系精灵宝箱,508.176971,509.882392,,,,https://map.17173.com/rocom/maps/shijie
17173-541648945152,宝箱,171730105,精灵翻找宝箱,精灵翻找普通宝箱,322.049584,577.181248,,,,https://map.17173.com/rocom/maps/shijie
17173-275717353472,宝箱,171730105,精灵翻找宝箱,精灵翻找宝箱,440.940352,613.670923,,,,https://map.17173.com/rocom/maps/shijie
17173-691992309760,宝箱,315,虫系宝箱,虫系精灵宝箱,585.165681,193.218872,,,,https://map.17173.com/rocom/maps/shijie
17173-462048116736,宝箱,171730105,精灵翻找宝箱,精灵翻找普通宝箱,590.660338,206.71848,,,,https://map.17173.com/rocom/maps/shijie
17173-242069544960,宝箱,307,火系宝箱,火系精灵宝箱,416.796357,280.463618,,,,https://map.17173.com/rocom/maps/shijie
17173-274556329984,宝箱,301,普通宝箱,普通宝箱,429.020864,377.598893,,,,https://map.17173.com/rocom/maps/shijie
17173-136044601344,宝箱,171730105,精灵翻找宝箱,精灵翻找普通宝,73.585378,572.179558,,,,https://map.17173.com/rocom/maps/shijie
17173-219848695808,宝箱,171730105,精灵翻找宝箱,精灵翻找普通宝箱,733.380906,415.310678,,,,https://map.17173.com/rocom/maps/shijie
17173-474413453312,宝箱,320,恶系宝箱,恶系精灵宝箱,827.295178,421.80236,,,,https://map.17173.com/rocom/maps/shijie
17173-18263597056,宝箱,171730031,精灵的宝藏,精灵的宝藏,851.525546,666.647714,,,,https://map.17173.com/rocom/maps/shijie
17173-814588059648,宝箱,171730031,精灵的宝藏,精灵的宝藏,829.048443,569.649016,,,,https://map.17173.com/rocom/maps/shijie
17173-504995799040,宝箱,171730031,精灵的宝藏,精灵的宝藏,958.932834,460.136657,,,,https://map.17173.com/rocom/maps/shijie
17173-828752584704,宝箱,171730105,精灵翻找宝箱,精灵翻找普通宝箱,914.144138,424.684832,,,,https://map.17173.com/rocom/maps/shijie
17173-168079142912,宝箱,171730105,精灵翻找宝箱,地下精灵翻找普通宝箱,714.551986,466.464112,,,,https://map.17173.com/rocom/maps/shijie
17173-349456543744,宝箱,301,普通宝箱,普通宝箱,-563.373075,-483.48468,,,,https://map.17173.com/rocom/maps/shijie
17173-279717715968,宝箱,301,普通宝箱,普通宝箱,560.993168,2168.74298,,,,https://map.17173.com/rocom/maps/shijie
17173-826359820288,宝箱,171730031,精灵的宝藏,精灵的宝藏,409.596423,1976.479101,,,,https://map.17173.com/rocom/maps/shijie
17173-195486167040,宝箱,317,翼系宝箱,翼系宝箱,320.220419,1966.880478,,,,https://map.17173.com/rocom/maps/shijie
17173-800004632576,宝箱,304,华丽宝箱,华丽的宝箱,853.460603,2109.142767,,,,https://map.17173.com/rocom/maps/shijie
17173-611992223744,宝箱,301,普通宝箱,普通宝箱,704.980136,2122.287646,,,,https://map.17173.com/rocom/maps/shijie
17173-231621038080,宝箱,301,普通宝箱,普通的宝箱,618.513515,1967.521074,,,,https://map.17173.com/rocom/maps/shijie
17173-107333431296,宝箱,301,普通宝箱,普通宝箱,554.777896,2102.180164,,,,https://map.17173.com/rocom/maps/shijie
17173-10517110784,宝箱,171730031,精灵的宝藏,精灵的宝藏,425.176592,2080.680258,,,,https://map.17173.com/rocom/maps/shijie
17173-171951906816,宝箱,171730031,精灵的宝藏,精灵的宝藏,-879.213604,-2369.765561,,,,https://map.17173.com/rocom/maps/shijie
17173-108917612544,宝箱,319,幽系宝箱,幽灵系宝箱,-683.669343,-2475.176026,,,,https://map.17173.com/rocom/maps/shijie
17173-727794319360,宝箱,171730102,挖掘宝箱,挖掘宝箱,-547.716651,-2695.978895,,,,https://map.17173.com/rocom/maps/shijie
17173-523996241920,宝箱,301,普通宝箱,普通宝箱,-271.604753,-1214.782301,,,,https://map.17173.com/rocom/maps/shijie
17173-919544139776,宝箱,171730031,精灵的宝藏,精灵的宝藏,-283.603231,-1278.8404,,,,https://map.17173.com/rocom/maps/shijie
17173-928265998336,宝箱,301,普通宝箱,普通宝箱,-519.571153,-1347.762371,,,,https://map.17173.com/rocom/maps/shijie
17173-5111169024,宝箱,313,电系宝箱,贵重宝箱（电系）,-565.519802,-1475.529876,,,,https://map.17173.com/rocom/maps/shijie
17173-435161546752,宝箱,301,普通宝箱,普通宝箱,-486.867976,-1545.92082,,,,https://map.17173.com/rocom/maps/shijie
17173-592385695744,宝箱,301,普通宝箱,普通宝箱,-757.292206,-1742.529854,,,,https://map.17173.com/rocom/maps/shijie
17173-788090019840,宝箱,301,普通宝箱,普通宝箱,-695.585336,-1832.572898,,,,https://map.17173.com/rocom/maps/shijie
17173-342330343424,宝箱,308,水系宝箱,水系宝箱,-741.486931,-1953.717735,,,,https://map.17173.com/rocom/maps/shijie
17173-162468962304,宝箱,301,普通宝箱,普通宝箱,-861.496675,-2007.122017,,,,https://map.17173.com/rocom/maps/shijie
17173-219678130176,宝箱,171730031,精灵的宝藏,精灵的宝藏,-146.976582,-1016.208926,,,,https://map.17173.com/rocom/maps/shijie
17173-330690404352,宝箱,301,普通宝箱,普通宝箱,-136.868092,-1517.674177,,,,https://map.17173.com/rocom/maps/shijie
17173-555240992768,宝箱,317,翼系宝箱,贵重宝箱（翼）,-167.914926,-1622.061442,,,,https://map.17173.com/rocom/maps/shijie
17173-794672836608,宝箱,171730031,精灵的宝藏,精灵的宝藏,-186.225,-1667.481427,,,,https://map.17173.com/rocom/maps/shijie
17173-772021030912,宝箱,171730031,精灵的宝藏,精灵的宝藏,-243.642452,-1807.143919,,,,https://map.17173.com/rocom/maps/shijie
17173-570132402176,宝箱,308,水系宝箱,贵重宝箱（水系）,-265.74638,-1821.154181,,,,https://map.17173.com/rocom/maps/shijie
17173-432317861888,宝箱,301,普通宝箱,普通宝箱,-268.920352,-1937.906521,,,,https://map.17173.com/rocom/maps/shijie
17173-257867706368,宝箱,308,水系宝箱,贵重宝箱（水系）,-12.393439,-1865.814365,,,,https://map.17173.com/rocom/maps/shijie
17173-742943023104,宝箱,171730031,精灵的宝藏,精灵的宝藏,121.887009,-2039.586892,,,,https://map.17173.com/rocom/maps/shijie
17173-953397522432,宝箱,171730031,精灵的宝藏,精灵的宝藏,875.817995,-1814.875698,,,,https://map.17173.com/rocom/maps/shijie
17173-703975661568,宝箱,171730031,精灵的宝藏,精灵的宝藏,604.295427,-1175.961562,,,,https://map.17173.com/rocom/maps/shijie
17173-501994893312,宝箱,301,普通宝箱,普通宝箱,632.771393,-1199.33867,,,,https://map.17173.com/rocom/maps/shijie
17173-977880489984,宝箱,319,幽系宝箱,贵重宝箱（幽系）,518.391341,-1258.599721,,,,https://map.17173.com/rocom/maps/shijie
17173-403745087488,宝箱,171730031,精灵的宝藏,精灵的宝藏,459.381094,-1276.125394,,,,https://map.17173.com/rocom/maps/shijie
17173-637212495872,宝箱,306,草系宝箱,贵重宝箱（草系）,437.722795,-1416.3709,,,,https://map.17173.com/rocom/maps/shijie
17173-574532288512,宝箱,301,普通宝箱,普通宝箱,537.93606,-1513.28942,,,,https://map.17173.com/rocom/maps/shijie
17173-198690951168,宝箱,307,火系宝箱,贵重宝箱（火）,780.450759,-1684.026435,,,,https://map.17173.com/rocom/maps/shijie
17173-873288368128,宝箱,171730031,精灵的宝藏,精灵的宝藏,440.913909,-1634.365437,,,,https://map.17173.com/rocom/maps/shijie
17173-175305490432,宝箱,301,普通宝箱,普通宝箱,-187.989157,-1959.05932,,,,https://map.17173.com/rocom/maps/shijie
17173-748371480576,宝箱,171730031,精灵的宝藏,精灵的宝藏,-164.157459,-1959.240459,,,,https://map.17173.com/rocom/maps/shijie
17173-189512839168,宝箱,171730031,精灵的宝藏,精灵的宝藏,-1598.570723,-2788.190332,,,,https://map.17173.com/rocom/maps/shijie
17173-819324669952,宝箱,301,普通宝箱,普通宝箱,-1518.078966,-2836.050121,,,,https://map.17173.com/rocom/maps/shijie
17173-520784928768,宝箱,301,普通宝箱,普通宝箱,-1701.534312,-2934.231583,,,,https://map.17173.com/rocom/maps/shijie
17173-273608388608,宝箱,301,普通宝箱,普通宝箱,260.655835,-993.692975,,,,https://map.17173.com/rocom/maps/shijie
17173-842305679360,宝箱,171730031,精灵的宝藏,精灵的宝藏,174.723942,-1054.524583,,,,https://map.17173.com/rocom/maps/shijie
17173-708532682752,宝箱,301,普通宝箱,普通宝箱,191.708816,-1068.526197,,,,https://map.17173.com/rocom/maps/shijie
17173-121143009280,宝箱,301,普通宝箱,普通宝箱,66.287807,-1082.591595,,,,https://map.17173.com/rocom/maps/shijie
17173-637273223168,宝箱,301,普通宝箱,普通宝箱,20.482842,-1187.064549,,,,https://map.17173.com/rocom/maps/shijie
17173-956550881280,宝箱,171730104,地下宝箱,地下-普通宝箱,209.974301,307.931895,,,,https://map.17173.com/rocom/maps/shijie
17173-105165979648,宝箱,301,普通宝箱,普通宝箱,-209.277463,396.88415,,,,https://map.17173.com/rocom/maps/shijie
17173-908873302016,宝箱,301,普通宝箱,普通宝箱,706.244421,-33.694459,,,,https://map.17173.com/rocom/maps/shijie
17173-806507646976,宝箱,171730031,精灵的宝藏,精灵的宝藏,1246.259041,-337.599898,,,,https://map.17173.com/rocom/maps/shijie
17173-600080232448,宝箱,171730031,精灵的宝藏,精灵的宝藏,559.756123,376.181027,,,,https://map.17173.com/rocom/maps/shijie
17173-512135831552,宝箱,171730031,精灵的宝藏,精灵的宝藏,460.191546,398.070831,,,,https://map.17173.com/rocom/maps/shijie
17173-415919063040,宝箱,301,普通宝箱,普通宝箱,-591.173981,1324.944939,,,,https://map.17173.com/rocom/maps/shijie
17173-364127133696,宝箱,301,普通宝箱,普通宝箱,-491.487093,1415.118077,,,,https://map.17173.com/rocom/maps/shijie
17173-668598947840,宝箱,317,翼系宝箱,贵重宝箱（翼）,-466.124257,1388.058412,,,,https://map.17173.com/rocom/maps/shijie
17173-940740403200,宝箱,301,普通宝箱,普通宝箱,-453.455301,1299.289662,,,,https://map.17173.com/rocom/maps/shijie
17173-832554065920,宝箱,322,幻系宝箱,贵重宝箱（幻系）,-229.046258,1618.614216,,,,https://map.17173.com/rocom/maps/shijie
17173-428462989312,宝箱,301,普通宝箱,普通宝箱,-56.855611,1444.498206,,,,https://map.17173.com/rocom/maps/shijie
17173-233705099264,宝箱,303,珍贵宝箱,贵重宝箱,-762.77193,253.757335,,,,https://map.17173.com/rocom/maps/shijie
17173-537565204480,宝箱,301,普通宝箱,普通宝箱,147.51651,-957.936302,,,,https://map.17173.com/rocom/maps/shijie
17173-128767365120,宝箱,171730031,精灵的宝藏,精灵的宝藏,209.058011,-1008.038468,,,,https://map.17173.com/rocom/maps/shijie
17173-408100749312,宝箱,171730031,精灵的宝藏,精灵的宝藏,526.756769,-1451.924694,,,,https://map.17173.com/rocom/maps/shijie
17173-261012119552,宝箱,301,普通宝箱,普通宝箱,1354.50115,-1722.057986,,,,https://map.17173.com/rocom/maps/shijie
17173-894640103424,宝箱,301,普通宝箱,普通宝箱,-30.748322,1769.33445,,,,https://map.17173.com/rocom/maps/shijie
17173-534284058624,宝箱,301,普通宝箱,普通宝箱,787.758507,2737.099523,,,,https://map.17173.com/rocom/maps/shijie
17173-588949962752,宝箱,171730031,精灵的宝藏,精灵的宝藏,289.52224,2196.870929,,,,https://map.17173.com/rocom/maps/shijie
17173-264527249408,宝箱,171730031,精灵的宝藏,精灵的宝藏,-17.950594,1658.389989,,,,https://map.17173.com/rocom/maps/shijie
17173-697629315072,宝箱,171730031,精灵的宝藏,精灵的宝藏,38.050289,1775.747657,,,,https://map.17173.com/rocom/maps/shijie
17173-946368512,宝箱,310,地系宝箱,贵重宝箱(地系),-53.155699,1543.500563,,,,https://map.17173.com/rocom/maps/shijie
17173-967375314944,宝箱,301,普通宝箱,普通宝箱,259.858975,1477.235731,,,,https://map.17173.com/rocom/maps/shijie
17173-75285917696,宝箱,316,武系宝箱,贵重宝箱（武）,451.363693,1904.736716,,,,https://map.17173.com/rocom/maps/shijie
17173-594775633920,宝箱,303,珍贵宝箱,贵重宝箱,648.935629,1769.719512,,,,https://map.17173.com/rocom/maps/shijie
17173-283617222656,宝箱,301,普通宝箱,普通宝箱,611.259916,1543.070872,,,,https://map.17173.com/rocom/maps/shijie
17173-988220116992,宝箱,171730031,精灵的宝藏,精灵的宝藏,916.977299,1798.300763,,,,https://map.17173.com/rocom/maps/shijie
17173-714655371264,宝箱,301,普通宝箱,普通宝箱,-1018.064348,656.83288,,,,https://map.17173.com/rocom/maps/shijie
17173-550630051840,宝箱,301,普通宝箱,普通宝箱,-654.52115,757.835686,,,,https://map.17173.com/rocom/maps/shijie
17173-875628380160,宝箱,301,普通宝箱,普通宝箱,-198.426013,1002.965137,,,,https://map.17173.com/rocom/maps/shijie
17173-359956733952,宝箱,306,草系宝箱,贵重宝箱（草）,41.776102,-1818.142044,,,,https://map.17173.com/rocom/maps/shijie
17173-852602904576,宝箱,304,华丽宝箱,华丽宝箱,-69.661568,-1876.189383,,,,https://map.17173.com/rocom/maps/shijie
17173-354841235456,宝箱,301,普通宝箱,普通宝箱,-498.208248,-1905.97496,,,,https://map.17173.com/rocom/maps/shijie
17173-595651239936,宝箱,301,普通宝箱,普通宝箱,-545.592309,-2043.746169,,,,https://map.17173.com/rocom/maps/shijie
17173-300632420352,宝箱,317,翼系宝箱,贵重宝箱（翼系）,-547.235566,-2089.282625,,,,https://map.17173.com/rocom/maps/shijie
17173-821993787392,宝箱,310,地系宝箱,地系宝箱,-1352.329618,62.757064,,,,https://map.17173.com/rocom/maps/shijie
17173-314962841600,宝箱,322,幻系宝箱,幻系宝箱,-1102.135343,-96.618047,,,,https://map.17173.com/rocom/maps/shijie
17173-117007220736,宝箱,171730031,精灵的宝藏,精灵的宝藏,-1186.212491,-336.835018,,,,https://map.17173.com/rocom/maps/shijie
17173-670125899776,宝箱,319,幽系宝箱,幽系宝箱,-1005.423825,138.001478,,,,https://map.17173.com/rocom/maps/shijie
17173-30907572224,宝箱,309,光系宝箱,光系宝箱,-1172.726608,-348.198078,,,,https://map.17173.com/rocom/maps/shijie
17173-354073829376,宝箱,301,普通宝箱,普通宝箱,-1309.58232,-61.32006,,,,https://map.17173.com/rocom/maps/shijie
17173-960467623936,宝箱,320,恶系宝箱,恶系宝箱,-1324.968624,29.926431,,,,https://map.17173.com/rocom/maps/shijie
17173-454654431232,宝箱,171730031,精灵的宝藏,精灵的宝藏,-1416.375238,-235.887438,,,,https://map.17173.com/rocom/maps/shijie
17173-469261414400,宝箱,314,毒系宝箱,毒系宝箱,-997.922099,-130.897381,,,,https://map.17173.com/rocom/maps/shijie
17173-926933848064,宝箱,171730101,闪光点宝箱,闪光点宝箱,-894.873188,-17.591204,,,,https://map.17173.com/rocom/maps/shijie
17173-541406896128,宝箱,171730031,精灵的宝藏,J精灵德宝藏,-1296.858851,28.930745,,,,https://map.17173.com/rocom/maps/shijie
17173-767616094208,宝箱,171730031,精灵的宝藏,精灵的宝藏,-781.586796,-227.100578,,,,https://map.17173.com/rocom/maps/shijie
17173-406006390784,宝箱,301,普通宝箱,普通宝箱,-1216.045685,389.898096,,,,https://map.17173.com/rocom/maps/shijie
17173-362390622208,宝箱,301,普通宝箱,普通宝箱,-1069.58982,434.467545,,,,https://map.17173.com/rocom/maps/shijie
17173-507193008128,宝箱,301,普通宝箱,普通宝箱,-997.538889,287.540015,,,,https://map.17173.com/rocom/maps/shijie
17173-564138549248,宝箱,301,普通宝箱,普通宝箱,-928.762037,193.721069,,,,https://map.17173.com/rocom/maps/shijie
17173-966781968384,宝箱,171730031,精灵的宝藏,精灵的宝藏,-1095.639428,6.986558,,,,https://map.17173.com/rocom/maps/shijie
17173-911869161472,宝箱,171730031,精灵的宝藏,精灵的宝藏,-890.683926,-65.964162,,,,https://map.17173.com/rocom/maps/shijie
17173-414890274816,宝箱,301,普通宝箱,普通宝箱,-832.142873,-197.800312,,,,https://map.17173.com/rocom/maps/shijie
17173-105691357184,宝箱,171730031,精灵的宝藏,精灵的宝藏,-1059.243715,-74.680361,,,,https://map.17173.com/rocom/maps/shijie
17173-277144473600,宝箱,171730031,精灵的宝藏,精灵的宝藏,-950.002842,-410.646307,,,,https://map.17173.com/rocom/maps/shijie
17173-615907016704,宝箱,171730031,精灵的宝藏,精灵的宝藏,-951.213207,-230.414534,,,,https://map.17173.com/rocom/maps/shijie
17173-546033160192,宝箱,171730031,精灵的宝藏,精灵的宝藏,-534.62287,-792.954081,,,,https://map.17173.com/rocom/maps/shijie
17173-538465669120,宝箱,171730031,精灵的宝藏,精灵的宝藏,-1083.694705,-485.450926,,,,https://map.17173.com/rocom/maps/shijie
17173-11353137152,宝箱,171730101,闪光点宝箱,闪光点宝箱,-1093.184426,-550.950553,,,,https://map.17173.com/rocom/maps/shijie
17173-747515379712,宝箱,301,普通宝箱,普通宝箱,-1114.565439,-877.142515,,,,https://map.17173.com/rocom/maps/shijie
17173-108721741824,宝箱,301,普通宝箱,普通宝箱,-963.987017,-2378.934881,,,,https://map.17173.com/rocom/maps/shijie
17173-930105090048,宝箱,301,普通宝箱,普通宝箱,-1747.213801,-2027.308026,,,,https://map.17173.com/rocom/maps/shijie
17173-390255693824,宝箱,171730031,精灵的宝藏,精灵的宝藏,-1766.326527,-2155.464839,,,,https://map.17173.com/rocom/maps/shijie
17173-156240912384,宝箱,301,普通宝箱,普通宝箱,-1214.238752,-2381.993204,,,,https://map.17173.com/rocom/maps/shijie
17173-940142456832,宝箱,301,普通宝箱,普通宝箱,-1383.341292,-884.756449,,,,https://map.17173.com/rocom/maps/shijie
17173-872264671232,宝箱,301,普通宝箱,普通宝箱,-1894.820204,-1752.670281,,,,https://map.17173.com/rocom/maps/shijie
17173-42300956672,宝箱,301,普通宝箱,普通宝箱,-1871.241822,-1963.702044,,,,https://map.17173.com/rocom/maps/shijie
17173-605034307584,宝箱,171730031,精灵的宝藏,精灵的宝藏,-1898.304637,-1883.317862,,,,https://map.17173.com/rocom/maps/shijie
17173-422508126208,宝箱,301,普通宝箱,普通宝箱,-1573.706584,-2033.386404,,,,https://map.17173.com/rocom/maps/shijie
17173-790866255872,宝箱,301,普通宝箱,普通宝箱,-261.625966,-860.584641,,,,https://map.17173.com/rocom/maps/shijie
17173-628592828416,宝箱,301,普通宝箱,普通宝箱,-245.275022,-975.871473,,,,https://map.17173.com/rocom/maps/shijie
17173-29470056448,宝箱,301,普通宝箱,普通宝箱,-176.042758,-1141.739826,,,,https://map.17173.com/rocom/maps/shijie
17173-196480483328,宝箱,301,普通宝箱,普通宝箱,-45.921115,-972.914123,,,,https://map.17173.com/rocom/maps/shijie
17173-259393413120,宝箱,301,普通宝箱,普通宝箱,-125.635279,-1039.103142,,,,https://map.17173.com/rocom/maps/shijie
17173-595203166208,宝箱,301,普通宝箱,普通宝箱,-68.178518,-1105.861624,,,,https://map.17173.com/rocom/maps/shijie
17173-30140784640,宝箱,301,普通宝箱,普通宝箱,135.983511,-2038.32742,,,,https://map.17173.com/rocom/maps/shijie
17173-306430406656,宝箱,301,普通宝箱,普通宝箱,365.015226,-1991.847483,,,,https://map.17173.com/rocom/maps/shijie
17173-956730310656,宝箱,301,普通宝箱,普通宝箱,464.42936,-2180.857702,,,,https://map.17173.com/rocom/maps/shijie
17173-397793165312,宝箱,301,普通宝箱,普通宝箱,544.354969,-2117.864365,,,,https://map.17173.com/rocom/maps/shijie
17173-432088584192,宝箱,301,普通宝箱,普通宝箱,11.224423,-1360.751058,,,,https://map.17173.com/rocom/maps/shijie
17173-17603268608,宝箱,301,普通宝箱,普通宝箱,62.17491,-1236.754701,,,,https://map.17173.com/rocom/maps/shijie
17173-901508993024,宝箱,301,普通宝箱,普通宝箱,34.200311,-1233.252185,,,,https://map.17173.com/rocom/maps/shijie
17173-997967966208,宝箱,301,普通宝箱,普通宝箱,75.72812,-1043.423763,,,,https://map.17173.com/rocom/maps/shijie
17173-520851402752,宝箱,301,普通宝箱,普通宝箱,260.199177,-746.274992,,,,https://map.17173.com/rocom/maps/shijie
17173-893036195840,宝箱,301,普通宝箱,普通宝箱,602.733435,-818.049996,,,,https://map.17173.com/rocom/maps/shijie
17173-691889823744,宝箱,301,普通宝箱,普通宝箱,670.172253,-828.556078,,,,https://map.17173.com/rocom/maps/shijie
17173-441234022400,宝箱,304,华丽宝箱,华丽宝箱,722.627203,-938.561544,,,,https://map.17173.com/rocom/maps/shijie
17173-225854746624,宝箱,301,普通宝箱,普通宝箱,746.605468,-943.063712,,,,https://map.17173.com/rocom/maps/shijie
17173-293431607296,宝箱,301,普通宝箱,普通宝箱,443.248197,-1070.036943,,,,https://map.17173.com/rocom/maps/shijie
17173-398191108096,宝箱,301,普通宝箱,普通宝箱,390.66669,-1288.191448,,,,https://map.17173.com/rocom/maps/shijie
17173-924924252160,宝箱,301,普通宝箱,普通宝箱,526.282295,-1153.845169,,,,https://map.17173.com/rocom/maps/shijie
17173-986084052992,宝箱,301,普通宝箱,普通宝箱,655.66966,-1437.532997,,,,https://map.17173.com/rocom/maps/shijie
17173-944101408768,宝箱,301,普通宝箱,普通宝箱,589.513357,-1602.028293,,,,https://map.17173.com/rocom/maps/shijie
17173-332398682112,宝箱,301,普通宝箱,普通宝箱,715.620822,-1669.540011,,,,https://map.17173.com/rocom/maps/shijie
17173-812736364544,宝箱,301,普通宝箱,树旁边,771.940678,-1725.258136,,,,https://map.17173.com/rocom/maps/shijie
17173-795791044608,宝箱,301,普通宝箱,宝箱,1066.95861,-1576.914698,,,,https://map.17173.com/rocom/maps/shijie
17173-562302648320,宝箱,301,普通宝箱,有宝箱，在草丛里面,1258.002008,-1544.412809,,,,https://map.17173.com/rocom/maps/shijie
17173-352684793856,宝箱,171730102,挖掘宝箱,土地里有一个宝箱,801.701538,-1902.160958,,,,https://map.17173.com/rocom/maps/shijie
17173-88830611456,宝箱,301,普通宝箱,宝箱,1167.440627,-1597.066064,,,,https://map.17173.com/rocom/maps/shijie
17173-373658509312,宝箱,301,普通宝箱,宝箱,906.104602,-1057.654714,,,,https://map.17173.com/rocom/maps/shijie
17173-990269628416,宝箱,301,普通宝箱,宝箱,903.105223,-973.153776,,,,https://map.17173.com/rocom/maps/shijie
17173-212675903488,宝箱,301,普通宝箱,宝箱,989.638946,-1650.458775,,,,https://map.17173.com/rocom/maps/shijie
17173-949874061312,宝箱,301,普通宝箱,普通宝箱,1263.668313,-1708.098153,,,,https://map.17173.com/rocom/maps/shijie
17173-112415170560,宝箱,301,普通宝箱,普通宝箱,990.099597,-1772.262474,,,,https://map.17173.com/rocom/maps/shijie
17173-67939037184,宝箱,301,普通宝箱,普通宝箱,952.675376,-1501.934423,,,,https://map.17173.com/rocom/maps/shijie
17173-863920050176,宝箱,301,普通宝箱,普通宝箱,896.846613,-1151.980769,,,,https://map.17173.com/rocom/maps/shijie
17173-123347480576,宝箱,304,华丽宝箱,这是个华丽的宝箱,904.987382,-858.149634,,,,https://map.17173.com/rocom/maps/shijie
17173-233987260416,宝箱,301,普通宝箱,树下面一个宝箱,824.173335,-1120.877719,,,,https://map.17173.com/rocom/maps/shijie
17173-10368831488,宝箱,301,普通宝箱,宝箱,573.98889,-1675.866318,,,,https://map.17173.com/rocom/maps/shijie
17173-29732896768,宝箱,301,普通宝箱,宝箱,500.486721,-1861.795506,,,,https://map.17173.com/rocom/maps/shijie
17173-4724162560,宝箱,301,普通宝箱,普通宝箱,401.951854,-1683.546821,,,,https://map.17173.com/rocom/maps/shijie
17173-774515593216,宝箱,301,普通宝箱,宝箱,345.503098,-1676.041739,,,,https://map.17173.com/rocom/maps/shijie
17173-41969369088,宝箱,301,普通宝箱,普通宝箱,103.136809,-1825.994582,,,,https://map.17173.com/rocom/maps/shijie
17173-328681250816,宝箱,171730031,精灵的宝藏,精灵的宝藏,131.569887,-1741.604756,,,,https://map.17173.com/rocom/maps/shijie
17173-455972552704,宝箱,301,普通宝箱,普通宝箱,8.896242,-1808.588161,,,,https://map.17173.com/rocom/maps/shijie
17173-701969010688,宝箱,171730031,精灵的宝藏,精灵的宝藏,-3.964321,-1448.752787,,,,https://map.17173.com/rocom/maps/shijie
17173-261791154176,宝箱,317,翼系宝箱,贵重宝箱（翼）,44.622667,-1480.315413,,,,https://map.17173.com/rocom/maps/shijie
17173-975917322240,宝箱,171730031,精灵的宝藏,精灵的宝箱,-866.20134,-1809.334366,,,,https://map.17173.com/rocom/maps/shijie
17173-590090571776,宝箱,301,普通宝箱,宝箱,853.612033,-1603.688038,,,,https://map.17173.com/rocom/maps/shijie
17173-846308020224,宝箱,301,普通宝箱,宝箱,863.195097,-1920.098399,,,,https://map.17173.com/rocom/maps/shijie
17173-590578122752,宝箱,301,普通宝箱,宝箱,1076.255114,-2069.860099,,,,https://map.17173.com/rocom/maps/shijie
17173-159387996160,宝箱,301,普通宝箱,宝箱,950.756273,-1547.911237,,,,https://map.17173.com/rocom/maps/shijie
17173-295753646080,宝箱,301,普通宝箱,普通宝箱,277.074388,-1246.876986,,,,https://map.17173.com/rocom/maps/shijie
17173-472710004736,宝箱,301,普通宝箱,宝箱,666.0162,-1376.960043,,,,https://map.17173.com/rocom/maps/shijie
17173-188657692672,宝箱,301,普通宝箱,宝箱,688.992288,-1257.461227,,,,https://map.17173.com/rocom/maps/shijie
17173-962953244672,宝箱,171730031,精灵的宝藏,宝藏,-624.831863,-321.55952,,,,https://map.17173.com/rocom/maps/shijie
17173-103598985216,宝箱,301,普通宝箱,宝箱,603.506312,-207.870871,,,,https://map.17173.com/rocom/maps/shijie
17173-874729816064,宝箱,301,普通宝箱,宝箱,-1507.485669,-903.0207,,,,https://map.17173.com/rocom/maps/shijie
17173-26619334656,宝箱,171730102,挖掘宝箱,挖掘,-1465.5811,-2977.064845,,,,https://map.17173.com/rocom/maps/shijie
17173-459033534464,宝箱,304,华丽宝箱,华丽宝箱,-1098.220741,-2952.955522,,,,https://map.17173.com/rocom/maps/shijie
17173-574061768704,宝箱,171730031,精灵的宝藏,精灵宝箱,-1117.937731,-2597.612205,,,,https://map.17173.com/rocom/maps/shijie
17173-572728881152,宝箱,301,普通宝箱,普通宝箱,-1046.639807,-2362.460757,,,,https://map.17173.com/rocom/maps/shijie
17173-443958755328,宝箱,304,华丽宝箱,华丽宝箱,-1169.155572,-2183.948557,,,,https://map.17173.com/rocom/maps/shijie
17173-430004756480,宝箱,304,华丽宝箱,华丽宝箱外加眠枭猫头鹰,-1098.220741,-2952.955522,,,,https://map.17173.com/rocom/maps/shijie
17173-26034536448,宝箱,301,普通宝箱,普通宝箱,-710.59824,-2792.38001,,,,https://map.17173.com/rocom/maps/shijie
17173-330918629376,宝箱,310,地系宝箱,地面系宝箱,-723.685929,-2675.236779,,,,https://map.17173.com/rocom/maps/shijie
17173-344744685568,宝箱,301,普通宝箱,普通宝箱,-752.529306,-2560.012578,,,,https://map.17173.com/rocom/maps/shijie
17173-131212804096,宝箱,301,普通宝箱,普通宝箱,-655.845295,-2478.134786,,,,https://map.17173.com/rocom/maps/shijie
17173-67535544320,宝箱,301,普通宝箱,普通宝箱,-570.935442,-2240.243436,,,,https://map.17173.com/rocom/maps/shijie
17173-394688204800,宝箱,301,普通宝箱,宝箱,-513.115218,-1247.609853,,,,https://map.17173.com/rocom/maps/shijie
17173-681285935104,宝箱,301,普通宝箱,树根处普通的宝箱,-310.525385,-1778.877462,,,,https://map.17173.com/rocom/maps/shijie
17173-290794680320,宝箱,301,普通宝箱,普通宝箱,-395.558846,-1898.785031,,,,https://map.17173.com/rocom/maps/shijie
17173-34350526464,宝箱,301,普通宝箱,悬崖边普通宝箱,-207.350205,-1843.656167,,,,https://map.17173.com/rocom/maps/shijie
17173-162568294400,宝箱,171730102,挖掘宝箱,挖掘宝箱,-138.114047,-1939.100844,,,,https://map.17173.com/rocom/maps/shijie
17173-44527398912,宝箱,301,普通宝箱,宝箱,-103.677501,-1679.444587,,,,https://map.17173.com/rocom/maps/shijie
17173-764971462656,宝箱,301,普通宝箱,宝箱,-68.078063,-1737.433337,,,,https://map.17173.com/rocom/maps/shijie
17173-192839249920,宝箱,301,普通宝箱,普通宝箱,21.81204,-1531.369914,,,,https://map.17173.com/rocom/maps/shijie
17173-686177292288,宝箱,301,普通宝箱,普通宝箱,113.91127,-1681.622152,,,,https://map.17173.com/rocom/maps/shijie
17173-594443669504,宝箱,304,华丽宝箱,华丽宝箱,98.42767,-1773.621437,,,,https://map.17173.com/rocom/maps/shijie
17173-340852383744,宝箱,301,普通宝箱,普通宝箱,-140.695434,-1247.235467,,,,https://map.17173.com/rocom/maps/shijie
17173-164905660416,宝箱,301,普通宝箱,普通宝箱,65.725792,-1143.797723,,,,https://map.17173.com/rocom/maps/shijie
17173-95552843776,宝箱,171730031,精灵的宝藏,精灵的宝藏,96.79633,-1001.853462,,,,https://map.17173.com/rocom/maps/shijie
17173-381487861760,宝箱,301,普通宝箱,普通箱子,219.80667,-1152.7455,,,,https://map.17173.com/rocom/maps/shijie
17173-663106670592,宝箱,171730031,精灵的宝藏,宝藏,342.553679,-1320.780965,,,,https://map.17173.com/rocom/maps/shijie
17173-629537914880,宝箱,301,普通宝箱,宝箱,181.685083,-1335.403835,,,,https://map.17173.com/rocom/maps/shijie
17173-359648800768,宝箱,301,普通宝箱,宝箱,204.738341,-1447.521217,,,,https://map.17173.com/rocom/maps/shijie
17173-591906304000,宝箱,171730102,挖掘宝箱,挖掘宝箱,64.271647,-1462.873201,,,,https://map.17173.com/rocom/maps/shijie
17173-983235682304,宝箱,171730031,精灵的宝藏,精灵的宝藏,449.544627,-858.621926,,,,https://map.17173.com/rocom/maps/shijie
17173-473222524928,宝箱,301,普通宝箱,普通宝箱,689.594661,-1124.846914,,,,https://map.17173.com/rocom/maps/shijie
17173-45354950656,宝箱,304,华丽宝箱,华丽宝箱,662.014058,-1231.250292,,,,https://map.17173.com/rocom/maps/shijie
17173-206702854144,宝箱,304,华丽宝箱,华丽宝箱（闪光点）,690.936401,-1502.901927,,,,https://map.17173.com/rocom/maps/shijie
17173-518877986816,宝箱,301,普通宝箱,普通宝箱,753.896976,-1555.594773,,,,https://map.17173.com/rocom/maps/shijie
17173-623431606272,宝箱,301,普通宝箱,树根旁普通的宝箱,-666.564871,-1011.000043,,,,https://map.17173.com/rocom/maps/shijie
17173-547189465088,宝箱,171730031,精灵的宝藏,宝藏,-541.508441,-993.459384,,,,https://map.17173.com/rocom/maps/shijie
17173-147269918720,宝箱,301,普通宝箱,宝箱,756.881304,-725.368993,,,,https://map.17173.com/rocom/maps/shijie
17173-397254631424,宝箱,301,普通宝箱,宝箱,817.830721,-923.875854,,,,https://map.17173.com/rocom/maps/shijie
17173-777795579904,宝箱,301,普通宝箱,宝箱,762.381901,-950.371107,,,,https://map.17173.com/rocom/maps/shijie
17173-389903917056,宝箱,301,普通宝箱,宝箱,446.3621,-700.311006,,,,https://map.17173.com/rocom/maps/shijie
17173-279740387328,宝箱,301,普通宝箱,宝箱,583.740635,-848.824313,,,,https://map.17173.com/rocom/maps/shijie
17173-117701840896,宝箱,171730031,精灵的宝藏,精灵的宝藏,682.953434,-916.863791,,,,https://map.17173.com/rocom/maps/shijie
17173-538700910592,宝箱,301,普通宝箱,宝箱,450.35948,-741.311658,,,,https://map.17173.com/rocom/maps/shijie
17173-152629710848,宝箱,301,普通宝箱,宝箱,101.835079,-824.841533,,,,https://map.17173.com/rocom/maps/shijie
17173-928788094976,宝箱,301,普通宝箱,宝箱,133.531917,-917.845027,,,,https://map.17173.com/rocom/maps/shijie
17173-635280855040,宝箱,171730031,精灵的宝藏,精灵的宝藏,209.299868,-1221.327557,,,,https://map.17173.com/rocom/maps/shijie
17173-126903480320,宝箱,301,普通宝箱,宝箱,169.337413,-1266.824326,,,,https://map.17173.com/rocom/maps/shijie
17173-847684468736,宝箱,171730031,精灵的宝藏,宝箱,274.742051,-1293.833909,,,,https://map.17173.com/rocom/maps/shijie
17173-592597053440,宝箱,301,普通宝箱,宝箱,-131.659598,-1327.249608,,,,https://map.17173.com/rocom/maps/shijie
17173-21775015936,宝箱,301,普通宝箱,宝箱,-86.498908,-1528.582539,,,,https://map.17173.com/rocom/maps/shijie
17173-608337424384,宝箱,171730031,精灵的宝藏,宝藏,-572.87942,-312.633806,,,,https://map.17173.com/rocom/maps/shijie
17173-945421017088,宝箱,301,普通宝箱,普通宝箱,766.73978,-2121.159295,,,,https://map.17173.com/rocom/maps/shijie
17173-658008313856,宝箱,303,珍贵宝箱,珍贵宝箱,1076.066142,-2036.79673,,,,https://map.17173.com/rocom/maps/shijie
17173-756657680384,宝箱,171730103,露天宝箱,露天宝箱,596.918405,-2195.941889,,,,https://map.17173.com/rocom/maps/shijie
17173-958508548096,宝箱,171730031,精灵的宝藏,宝藏,-1024.899008,-1057.390233,,,,https://map.17173.com/rocom/maps/shijie
17173-422812164096,宝箱,301,普通宝箱,宝箱,724.751888,-1881.853503,,,,https://map.17173.com/rocom/maps/shijie
17173-666153537536,宝箱,301,普通宝箱,宝箱,752.274321,-1185.79668,,,,https://map.17173.com/rocom/maps/shijie
17173-902569103360,宝箱,171730031,精灵的宝藏,宝藏,1195.221337,-266.352413,,,,https://map.17173.com/rocom/maps/shijie
17173-585125183488,宝箱,301,普通宝箱,普通宝箱,479.609623,1873.543712,,,,https://map.17173.com/rocom/maps/shijie
17173-342125223936,宝箱,171730031,精灵的宝藏,宝藏,-240.750709,-1521.234133,,,,https://map.17173.com/rocom/maps/shijie
17173-478117142528,宝箱,301,普通宝箱,宝箱,-189.516614,-1432.369283,,,,https://map.17173.com/rocom/maps/shijie
17173-767157313536,宝箱,171730031,精灵的宝藏,精灵的宝藏,-226.247905,-1343.100603,,,,https://map.17173.com/rocom/maps/shijie
17173-480940572672,宝箱,301,普通宝箱,宝箱,5.118515,-1290.73326,,,,https://map.17173.com/rocom/maps/shijie
17173-782364094464,宝箱,171730031,精灵的宝藏,宝藏,654.972894,-1260.224104,,,,https://map.17173.com/rocom/maps/shijie
17173-890746675200,宝箱,171730031,精灵的宝藏,宝藏,335.066577,-577.440038,,,,https://map.17173.com/rocom/maps/shijie
17173-561089392640,宝箱,301,普通宝箱,宝箱,267.126285,-489.433351,,,,https://map.17173.com/rocom/maps/shijie
17173-305647890432,宝箱,171730031,精灵的宝藏,精灵的宝藏,506.705779,1878.593444,,,,https://map.17173.com/rocom/maps/shijie
17173-104055201792,宝箱,171730031,精灵的宝藏,精灵的宝藏,-116.330279,-1860.005457,,,,https://map.17173.com/rocom/maps/shijie
17173-263170183168,宝箱,171730031,精灵的宝藏,宝藏,-133.638925,-1849.609346,,,,https://map.17173.com/rocom/maps/shijie
17173-305576497152,宝箱,171730031,精灵的宝藏,宝藏,572.445399,-1064.398238,,,,https://map.17173.com/rocom/maps/shijie
17173-830391078912,宝箱,301,普通宝箱,普通宝箱,264.750391,1945.710848,,,,https://map.17173.com/rocom/maps/shijie
17173-10154663936,宝箱,171730031,精灵的宝藏,宝藏,-73.992864,-2082.501464,,,,https://map.17173.com/rocom/maps/shijie
17173-231979786240,宝箱,320,恶系宝箱,恶系宝箱,-1050.95559,-21.998543,,,,https://map.17173.com/rocom/maps/shijie
17173-926195380224,宝箱,301,普通宝箱,普通宝箱,-265.53306,-1700.830069,,,,https://map.17173.com/rocom/maps/shijie
17173-844737802240,宝箱,171730031,精灵的宝藏,精灵的宝藏,-272.371531,-1630.688681,,,,https://map.17173.com/rocom/maps/shijie
17173-240538292224,宝箱,171730031,精灵的宝藏,宝藏,-147.559061,-1678.762985,,,,https://map.17173.com/rocom/maps/shijie
17173-992835280896,宝箱,171730031,精灵的宝藏,精灵的宝藏,-130.435316,-1753.027527,,,,https://map.17173.com/rocom/maps/shijie
17173-818147241984,宝箱,171730031,精灵的宝藏,宝藏,-50.567708,-1451.313445,,,,https://map.17173.com/rocom/maps/shijie
17173-713801347072,宝箱,171730031,精灵的宝藏,精灵的宝藏,-26.335419,-1473.259694,,,,https://map.17173.com/rocom/maps/shijie
17173-979787329536,宝箱,171730031,精灵的宝藏,宝藏,-24.0268,-1506.753512,,,,https://map.17173.com/rocom/maps/shijie
17173-983376101376,宝箱,171730031,精灵的宝藏,宝藏,1081.454211,-2096.940239,,,,https://map.17173.com/rocom/maps/shijie
17173-833429204992,宝箱,301,普通宝箱,普通宝箱,307.965959,-2147.150891,,,,https://map.17173.com/rocom/maps/shijie
17173-385375985664,宝箱,301,普通宝箱,普通宝箱,-1410.371686,-813.453512,,,,https://map.17173.com/rocom/maps/shijie
17173-139522662400,宝箱,301,普通宝箱,普通宝箱,-1335.940809,-760.959762,,,,https://map.17173.com/rocom/maps/shijie
17173-855366955008,宝箱,301,普通宝箱,普通宝箱,-1545.786935,-833.132179,,,,https://map.17173.com/rocom/maps/shijie
17173-599272243200,宝箱,301,普通宝箱,普通宝箱,-1182.649746,-1056.475548,,,,https://map.17173.com/rocom/maps/shijie
17173-462453911552,宝箱,301,普通宝箱,普通宝箱,-1206.129762,-999.973049,,,,https://map.17173.com/rocom/maps/shijie
17173-259697061888,宝箱,315,虫系宝箱,虫系宝箱,-1182.653794,-893.974375,,,,https://map.17173.com/rocom/maps/shijie
17173-881658617856,宝箱,301,普通宝箱,普通宝箱,-1224.042175,-784.469898,,,,https://map.17173.com/rocom/maps/shijie
17173-148236300288,宝箱,304,华丽宝箱,对话-华丽宝箱,904.73007,-2122.436751,,,,https://map.17173.com/rocom/maps/shijie
17173-976676020224,宝箱,301,普通宝箱,普通宝箱,927.305298,-1408.264086,,,,https://map.17173.com/rocom/maps/shijie
17173-963910987776,宝箱,301,普通宝箱,普通宝箱,452.394959,-2017.300089,,,,https://map.17173.com/rocom/maps/shijie
17173-823464718336,宝箱,301,普通宝箱,普通宝箱,428.547063,-2215.99749,,,,https://map.17173.com/rocom/maps/shijie
17173-211651883008,宝箱,301,普通宝箱,普通宝箱,278.833575,-2181.997523,,,,https://map.17173.com/rocom/maps/shijie
17173-293788803072,宝箱,301,普通宝箱,普通宝箱,274.838698,-2241.497596,,,,https://map.17173.com/rocom/maps/shijie
17173-402136064000,宝箱,301,普通宝箱,普通宝箱,176.575058,-2106.639052,,,,https://map.17173.com/rocom/maps/shijie
17173-598815502336,宝箱,301,普通宝箱,普通宝箱,59.638489,-2068.548675,,,,https://map.17173.com/rocom/maps/shijie
17173-953072242688,宝箱,171730031,精灵的宝藏,精灵的宝藏,580.641972,-828.874395,,,,https://map.17173.com/rocom/maps/shijie
17173-463682617344,宝箱,171730031,精灵的宝藏,精灵的宝藏,352.137481,-791.263134,,,,https://map.17173.com/rocom/maps/shijie
17173-500386971648,宝箱,171730031,精灵的宝藏,精灵的宝藏,215.25574,-839.34535,,,,https://map.17173.com/rocom/maps/shijie
17173-123239485440,宝箱,301,普通宝箱,普通宝箱,111.90792,-1161.515266,,,,https://map.17173.com/rocom/maps/shijie
17173-268362403840,宝箱,171730031,精灵的宝藏,精灵的宝藏,148.357297,-1381.485754,,,,https://map.17173.com/rocom/maps/shijie
17173-26625896448,宝箱,301,普通宝箱,普通宝箱,-15.019499,-1848.099005,,,,https://map.17173.com/rocom/maps/shijie
17173-269121347584,宝箱,301,普通宝箱,普通宝箱,-45.588854,-1943.776727,,,,https://map.17173.com/rocom/maps/shijie
17173-191534977024,宝箱,301,普通宝箱,普通宝箱,-15.116343,-1954.779521,,,,https://map.17173.com/rocom/maps/shijie
17173-332708761600,宝箱,301,普通宝箱,普通宝箱,-109.023928,-2156.739721,,,,https://map.17173.com/rocom/maps/shijie
17173-713308598272,宝箱,301,普通宝箱,宝箱,589.253806,50.379002,,,,https://map.17173.com/rocom/maps/shijie
17173-210856144896,宝箱,301,普通宝箱,宝箱,614.525578,197.733172,,,,https://map.17173.com/rocom/maps/shijie
17173-939906535424,宝箱,304,华丽宝箱,华丽宝箱,740.695466,676.1135,,,,https://map.17173.com/rocom/maps/shijie
17173-340817453056,宝箱,301,普通宝箱,宝箱,957.158006,485.091437,,,,https://map.17173.com/rocom/maps/shijie
17173-643108003840,宝箱,301,普通宝箱,宝箱,379.836784,-292.357604,,,,https://map.17173.com/rocom/maps/shijie
17173-49446215680,宝箱,171730101,闪光点宝箱,光点宝箱,622.86304,-151.151389,,,,https://map.17173.com/rocom/maps/shijie
17173-678808154112,宝箱,301,普通宝箱,普通宝箱,789.543131,124.965875,,,,https://map.17173.com/rocom/maps/shijie
17173-26201034752,宝箱,171730102,挖掘宝箱,挖掘宝箱,-553.089344,-2772.871537,,,,https://map.17173.com/rocom/maps/shijie
17173-417256968192,宝箱,171730102,挖掘宝箱,挖掘宝箱,-569.572979,-2826.870459,,,,https://map.17173.com/rocom/maps/shijie
17173-384366866432,宝箱,171730102,挖掘宝箱,挖掘宝箱,-709.526775,-2726.463852,,,,https://map.17173.com/rocom/maps/shijie
17173-552040263680,宝箱,171730102,挖掘宝箱,挖掘宝箱,-739.402339,-2687.994778,,,,https://map.17173.com/rocom/maps/shijie
17173-163347161088,宝箱,304,华丽宝箱,华丽宝箱,168.113747,-1868.322158,,,,https://map.17173.com/rocom/maps/shijie
17173-453041078272,宝箱,171730102,挖掘宝箱,挖掘宝箱,80.926146,-1434.463532,,,,https://map.17173.com/rocom/maps/shijie
17173-61574365184,宝箱,301,普通宝箱,普通宝箱,-173.470527,-1784.739073,,,,https://map.17173.com/rocom/maps/shijie
17173-39117000704,宝箱,301,普通宝箱,普通宝箱,-158.656814,-1374.059176,,,,https://map.17173.com/rocom/maps/shijie
17173-905443631104,宝箱,301,普通宝箱,普通宝箱,-160.978938,-1463.657209,,,,https://map.17173.com/rocom/maps/shijie
17173-696122933248,宝箱,301,普通宝箱,普通宝箱,-307.249873,-1561.125776,,,,https://map.17173.com/rocom/maps/shijie
17173-855026180096,宝箱,171730031,精灵的宝藏,宝箱,364.63985,-465.194832,,,,https://map.17173.com/rocom/maps/shijie
17173-795577880576,宝箱,301,普通宝箱,宝箱,320.814817,-540.367392,,,,https://map.17173.com/rocom/maps/shijie
17173-867265159168,宝箱,304,华丽宝箱,华丽宝箱,240.190852,-1018.784845,,,,https://map.17173.com/rocom/maps/shijie
17173-236138946560,宝箱,171730031,精灵的宝藏,  精灵的宝藏,225.096721,-881.770646,,,,https://map.17173.com/rocom/maps/shijie
17173-266570989568,宝箱,171730031,精灵的宝藏,精灵宝箱,19.860249,-902.071877,,,,https://map.17173.com/rocom/maps/shijie
17173-972568018944,宝箱,301,普通宝箱,宝箱,276.435768,-217.570306,,,,https://map.17173.com/rocom/maps/shijie
17173-134451511296,宝箱,301,普通宝箱,宝箱,219.926247,-248.360239,,,,https://map.17173.com/rocom/maps/shijie
17173-552988000256,宝箱,171730105,精灵翻找宝箱,精灵翻找普通宝箱,-52.60306,-644.89303,,,,https://map.17173.com/rocom/maps/shijie
17173-296609267712,宝箱,171730102,挖掘宝箱, 挖掘普通宝箱,-184.271391,-744.639562,,,,https://map.17173.com/rocom/maps/shijie
17173-709767577600,宝箱,171730102,挖掘宝箱,普通宝箱（挖掘）,-885.665263,-395.297392,,,,https://map.17173.com/rocom/maps/shijie
17173-139098013696,宝箱,171730031,精灵的宝藏,精灵宝藏,-693.18591,-2503.763168,,,,https://map.17173.com/rocom/maps/shijie
17173-707387219968,宝箱,171730102,挖掘宝箱,挖掘宝箱,-694.712513,-2358.389252,,,,https://map.17173.com/rocom/maps/shijie
17173-445681856512,宝箱,171730102,挖掘宝箱,挖掘宝箱,-736.316236,-2329.948114,,,,https://map.17173.com/rocom/maps/shijie
17173-428103077888,宝箱,171730103,露天宝箱,露天宝箱,-865.444545,-2849.828505,,,,https://map.17173.com/rocom/maps/shijie
17173-807854833664,宝箱,171730102,挖掘宝箱,挖掘宝箱,-943.021125,-2948.080636,,,,https://map.17173.com/rocom/maps/shijie
17173-763192557568,宝箱,171730102,挖掘宝箱,挖掘宝箱,-972.848423,-2805.779629,,,,https://map.17173.com/rocom/maps/shijie
17173-928342601728,宝箱,301,普通宝箱,宝箱3,-1786.857329,-1261.983402,,,,https://map.17173.com/rocom/maps/shijie
17173-100370079744,宝箱,301,普通宝箱,宝箱,-1898.956599,-1271.369648,,,,https://map.17173.com/rocom/maps/shijie
17173-801951973376,宝箱,301,普通宝箱,宝箱,-1801.05331,-1093.477896,,,,https://map.17173.com/rocom/maps/shijie
17173-97743343616,宝箱,301,普通宝箱,宝箱,-1618.294156,-993.244735,,,,https://map.17173.com/rocom/maps/shijie
17173-93819904000,宝箱,301,普通宝箱,宝箱,-1370.61649,-1157.22854,,,,https://map.17173.com/rocom/maps/shijie
17173-960696889344,宝箱,301,普通宝箱,宝箱,-1365.181094,-1233.367611,,,,https://map.17173.com/rocom/maps/shijie
17173-142941601792,宝箱,301,普通宝箱,宝箱,-1361.799694,-1364.573424,,,,https://map.17173.com/rocom/maps/shijie
17173-26973425664,宝箱,301,普通宝箱,宝箱,-1387.439724,-1442.242804,,,,https://map.17173.com/rocom/maps/shijie
17173-723804139520,宝箱,301,普通宝箱,宝箱,-1308.331589,-1690.948036,,,,https://map.17173.com/rocom/maps/shijie
17173-513241825280,宝箱,301,普通宝箱,宝箱,-1267.431529,-1611.671859,,,,https://map.17173.com/rocom/maps/shijie
17173-646950277120,宝箱,301,普通宝箱,宝箱,-1271.484197,-1453.626546,,,,https://map.17173.com/rocom/maps/shijie
17173-714416545792,宝箱,301,普通宝箱,宝箱,-1116.513333,-1256.956465,,,,https://map.17173.com/rocom/maps/shijie
17173-659678449664,宝箱,301,普通宝箱,宝箱,-1091.692266,-784.416014,,,,https://map.17173.com/rocom/maps/shijie
17173-330962984960,宝箱,301,普通宝箱,宝箱,-766.660444,-1020.384351,,,,https://map.17173.com/rocom/maps/shijie
17173-725988491264,宝箱,304,华丽宝箱,华丽宝箱,-861.58838,-1604.390053,,,,https://map.17173.com/rocom/maps/shijie
17173-539925196800,宝箱,304,华丽宝箱,华丽宝箱,-755.2998,-1228.513455,,,,https://map.17173.com/rocom/maps/shijie
17173-408268062720,宝箱,301,普通宝箱,普通宝箱,-707.73657,-1282.901436,,,,https://map.17173.com/rocom/maps/shijie
17173-82593075200,宝箱,301,普通宝箱,普通宝箱,-615.322165,-1226.909263,,,,https://map.17173.com/rocom/maps/shijie
17173-544820527104,宝箱,171730031,精灵的宝藏,精灵的宝藏,-606.733594,-1038.094524,,,,https://map.17173.com/rocom/maps/shijie
17173-101342105600,宝箱,171730102,挖掘宝箱,挖掘,488.71316,-956.963756,,,,https://map.17173.com/rocom/maps/shijie
17173-687409373184,宝箱,301,普通宝箱,普通宝箱,-2.09822,-789.592509,,,,https://map.17173.com/rocom/maps/shijie
17173-415233126400,宝箱,301,普通宝箱,普通宝箱,-104.586828,-933.195969,,,,https://map.17173.com/rocom/maps/shijie
17173-120052961280,宝箱,301,普通宝箱,宝箱,-787.523623,-2431.330953,,,,https://map.17173.com/rocom/maps/shijie
17173-384696766464,宝箱,304,华丽宝箱,华丽宝箱,-850.465584,-2477.325844,,,,https://map.17173.com/rocom/maps/shijie
17173-26285236224,宝箱,301,普通宝箱,宝箱,-856.961146,-2419.824644,,,,https://map.17173.com/rocom/maps/shijie
17173-507925417984,宝箱,301,普通宝箱,宝箱,-874.443138,-2508.324044,,,,https://map.17173.com/rocom/maps/shijie
17173-16762679296,宝箱,304,华丽宝箱,挖掘宝箱(华丽宝箱),-982.999444,-2547.563361,,,,https://map.17173.com/rocom/maps/shijie
17173-404410408960,宝箱,171730102,挖掘宝箱,挖掘宝箱,-993.988695,-2577.123,,,,https://map.17173.com/rocom/maps/shijie
17173-377187770368,宝箱,301,普通宝箱,宝箱,-928.948945,-2918.291885,,,,https://map.17173.com/rocom/maps/shijie
17173-348592771072,宝箱,171730103,露天宝箱,露天宝箱,-1008.467902,-2914.415767,,,,https://map.17173.com/rocom/maps/shijie
17173-562110865408,宝箱,171730102,挖掘宝箱,挖掘宝箱,-1075.146074,-2780.265589,,,,https://map.17173.com/rocom/maps/shijie
17173-37394911232,宝箱,171730102,挖掘宝箱,挖掘宝箱,-1097.099562,-2668.593295,,,,https://map.17173.com/rocom/maps/shijie
17173-646557294592,宝箱,171730102,挖掘宝箱,挖掘宝箱,-1096.068183,-2541.538027,,,,https://map.17173.com/rocom/maps/shijie
17173-406491508736,宝箱,301,普通宝箱,宝箱,-1001.761249,-2387.801497,,,,https://map.17173.com/rocom/maps/shijie
17173-105969627136,宝箱,301,普通宝箱,宝箱,-885.46239,-2248.466501,,,,https://map.17173.com/rocom/maps/shijie
17173-294747713536,宝箱,301,普通宝箱,宝箱,-686.906456,-2005.679971,,,,https://map.17173.com/rocom/maps/shijie
17173-963682910208,宝箱,171730108,NPC宝箱,气象员-大雨,-635.281731,-1838.209445,,,,https://map.17173.com/rocom/maps/shijie
17173-418256695296,宝箱,171730101,闪光点宝箱,闪光宝箱,-589.368377,-1851.716443,,,,https://map.17173.com/rocom/maps/shijie
17173-399282765824,宝箱,171730101,闪光点宝箱,闪光宝箱,-600.770678,-1641.778375,,,,https://map.17173.com/rocom/maps/shijie
17173-927419506688,宝箱,171730031,精灵的宝藏,精灵宝藏,-561.824631,-1631.007766,,,,https://map.17173.com/rocom/maps/shijie
17173-427487830016,宝箱,171730101,闪光点宝箱,闪光宝箱,-512.54771,-1620.720237,,,,https://map.17173.com/rocom/maps/shijie
17173-704251961344,宝箱,171730031,精灵的宝藏,宝藏,-494.484418,-1771.633291,,,,https://map.17173.com/rocom/maps/shijie
17173-536506429440,宝箱,171730102,挖掘宝箱,石像后面有个挖掘宝箱,-491.644892,-1940.398262,,,,https://map.17173.com/rocom/maps/shijie
17173-338822537216,宝箱,171730102,挖掘宝箱,挖掘宝箱,-1130.44558,-2577.837432,,,,https://map.17173.com/rocom/maps/shijie
17173-884552843264,宝箱,171730102,挖掘宝箱,挖掘宝箱,-1208.686862,-2636.75086,,,,https://map.17173.com/rocom/maps/shijie
17173-404366196736,宝箱,301,普通宝箱,宝箱,-1276.963235,-2812.060225,,,,https://map.17173.com/rocom/maps/shijie
17173-442855186432,宝箱,171730102,挖掘宝箱,挖掘宝箱,-1284.416918,-2568.493007,,,,https://map.17173.com/rocom/maps/shijie
17173-641239277568,宝箱,171730102,挖掘宝箱,挖掘宝箱,-1347.57951,-2520.027451,,,,https://map.17173.com/rocom/maps/shijie
17173-525310504960,宝箱,301,普通宝箱,普通宝箱,-1574.428284,-2845.56595,,,,https://map.17173.com/rocom/maps/shijie
17173-349430833152,宝箱,301,普通宝箱,宝箱,-1644.842992,-2975.419031,,,,https://map.17173.com/rocom/maps/shijie
17173-179470557184,宝箱,171730031,精灵的宝藏,精灵的宝藏,-1646.546598,-2995.718637,,,,https://map.17173.com/rocom/maps/shijie
17173-249865515008,宝箱,301,普通宝箱,宝箱,-1645.93354,-2411.591426,,,,https://map.17173.com/rocom/maps/shijie
17173-432366833664,宝箱,308,水系宝箱,水系宝箱,-1002.542546,-2097.344002,,,,https://map.17173.com/rocom/maps/shijie
17173-861665640448,宝箱,171730105,精灵翻找宝箱,普通保险（精灵互动翻找）,-908.972484,-1986.363669,,,,https://map.17173.com/rocom/maps/shijie
17173-861506596864,宝箱,301,普通宝箱,普通宝箱（不用精灵）,-904.101695,-1723.103357,,,,https://map.17173.com/rocom/maps/shijie
17173-547866558464,宝箱,301,普通宝箱,普通宝箱,-1179.755196,-1893.011995,,,,https://map.17173.com/rocom/maps/shijie
17173-740099764224,宝箱,317,翼系宝箱,翼属性宝箱,-1222.188935,-1868.347,,,,https://map.17173.com/rocom/maps/shijie
17173-976381685760,宝箱,304,华丽宝箱,华丽宝箱,-1242.019501,-1837.185188,,,,https://map.17173.com/rocom/maps/shijie
17173-571930910720,宝箱,171730031,精灵的宝藏,精灵宝箱,-1261.027516,-1709.35575,,,,https://map.17173.com/rocom/maps/shijie
17173-282388525056,宝箱,171730101,闪光点宝箱,闪光宝箱,-1181.07485,-1604.077521,,,,https://map.17173.com/rocom/maps/shijie
17173-67587325952,宝箱,304,华丽宝箱,华丽宝箱（精灵探索）,-1003.434655,-1615.431376,,,,https://map.17173.com/rocom/maps/shijie
17173-581058289664,宝箱,171730101,闪光点宝箱,闪光宝箱,-1011.470096,-1509.785616,,,,https://map.17173.com/rocom/maps/shijie
17173-537536425984,宝箱,171730101,闪光点宝箱,闪光宝箱,-1130.130316,-1500.011731,,,,https://map.17173.com/rocom/maps/shijie
17173-525454954496,宝箱,171730102,挖掘宝箱,挖掘宝箱,-1046.819695,-1445.901702,,,,https://map.17173.com/rocom/maps/shijie
17173-995229032448,宝箱,171730101,闪光点宝箱,闪光点宝箱,-910.178342,-1500.889199,,,,https://map.17173.com/rocom/maps/shijie
17173-948962217984,宝箱,171730102,挖掘宝箱,挖掘宝箱,-827.418585,-1423.563137,,,,https://map.17173.com/rocom/maps/shijie
17173-63752728576,宝箱,171730102,挖掘宝箱,挖掘宝箱,-838.084702,-1378.484075,,,,https://map.17173.com/rocom/maps/shijie
17173-562876309504,宝箱,304,华丽宝箱,华丽宝箱,-745.535575,-1495.537739,,,,https://map.17173.com/rocom/maps/shijie
17173-352976695296,宝箱,301,普通宝箱,普通宝箱,-793.665574,-1492.174303,,,,https://map.17173.com/rocom/maps/shijie
17173-269391380480,宝箱,301,普通宝箱,宝箱,-716.406604,-1613.802256,,,,https://map.17173.com/rocom/maps/shijie
17173-695393099776,宝箱,301,普通宝箱,2个宝箱,-525.213069,-1465.266595,,,,https://map.17173.com/rocom/maps/shijie
17173-93738336256,宝箱,310,地系宝箱,岩系宝箱,-463.397599,-1217.835386,,,,https://map.17173.com/rocom/maps/shijie
17173-373578141696,宝箱,171730105,精灵翻找宝箱,普通宝箱（精灵查找）,-755.101017,-1269.64347,,,,https://map.17173.com/rocom/maps/shijie
17173-888946720768,宝箱,171730102,挖掘宝箱,挖掘宝箱,-852.994063,-1237.811645,,,,https://map.17173.com/rocom/maps/shijie
17173-259528503296,宝箱,301,普通宝箱,宝箱,-1965.567473,-1981.394039,,,,https://map.17173.com/rocom/maps/shijie
17173-679032500224,宝箱,301,普通宝箱,宝箱,-1896.443526,-1841.598441,,,,https://map.17173.com/rocom/maps/shijie
17173-991956938752,宝箱,301,普通宝箱,宝箱,-1965.788459,-1908.048667,,,,https://map.17173.com/rocom/maps/shijie
17173-476825239552,宝箱,301,普通宝箱,宝箱,-1965.791456,-1787.688738,,,,https://map.17173.com/rocom/maps/shijie
17173-400676524032,宝箱,171730101,闪光点宝箱,闪光点宝箱,-1583.632261,-1700.628817,,,,https://map.17173.com/rocom/maps/shijie
17173-251292217344,宝箱,171730101,闪光点宝箱,闪光点宝箱,-1929.64286,-1534.502883,,,,https://map.17173.com/rocom/maps/shijie
17173-669502377984,宝箱,301,普通宝箱,宝箱,-1872.152851,-1124.10071,,,,https://map.17173.com/rocom/maps/shijie
17173-563271360512,宝箱,171730105,精灵翻找宝箱,普通宝箱（精灵搜索）,-1326.343589,-1284.187651,,,,https://map.17173.com/rocom/maps/shijie
17173-758055489536,宝箱,308,水系宝箱,贵重宝箱（水系精灵解锁）,-1249.236546,-2326.164098,,,,https://map.17173.com/rocom/maps/shijie
17173-521660321792,宝箱,171730031,精灵的宝藏,精灵宝箱,-878.901654,-2612.549967,,,,https://map.17173.com/rocom/maps/shijie
17173-201233903616,宝箱,171730101,闪光点宝箱,闪光,-830.512839,-1309.745237,,,,https://map.17173.com/rocom/maps/shijie
17173-85714255872,宝箱,171730031,精灵的宝藏,精灵宝藏,-258.261772,-929.759706,,,,https://map.17173.com/rocom/maps/shijie
17173-95569240064,宝箱,301,普通宝箱,普通宝箱,-247.551114,-1103.718727,,,,https://map.17173.com/rocom/maps/shijie
17173-708846022656,宝箱,301,普通宝箱,普通宝箱*2,-230.065836,-1152.220634,,,,https://map.17173.com/rocom/maps/shijie
17173-445665492992,宝箱,171730101,闪光点宝箱,闪光,-809.297761,-1250.14919,,,,https://map.17173.com/rocom/maps/shijie
17173-464506306560,宝箱,171730105,精灵翻找宝箱,普通宝箱（精灵搜索）,-1275.921401,-2302.824168,,,,https://map.17173.com/rocom/maps/shijie
17173-354871029760,宝箱,301,普通宝箱,普通宝箱,617.125937,1904.223545,,,,https://map.17173.com/rocom/maps/shijie
17173-144333094912,宝箱,171730102,挖掘宝箱,挖掘宝箱,539.009509,1394.787535,,,,https://map.17173.com/rocom/maps/shijie
17173-242884591616,宝箱,301,普通宝箱,普通宝箱,544.901558,803.327895,,,,https://map.17173.com/rocom/maps/shijie
17173-878064029696,宝箱,301,普通宝箱,普通宝箱,608.634633,812.536595,,,,https://map.17173.com/rocom/maps/shijie
17173-345609719808,宝箱,301,普通宝箱,普通宝箱,685.562591,832.025619,,,,https://map.17173.com/rocom/maps/shijie
17173-840005566464,宝箱,171730101,闪光点宝箱,闪光,-842.15049,-1198.855332,,,,https://map.17173.com/rocom/maps/shijie
17173-396737110016,宝箱,301,普通宝箱,普通宝箱,998.279392,1012.813615,,,,https://map.17173.com/rocom/maps/shijie
17173-572069535744,宝箱,171730105,精灵翻找宝箱,普通宝箱（精灵翻找）,-1608.905012,-2814.99433,,,,https://map.17173.com/rocom/maps/shijie
17173-620803289088,宝箱,171730101,闪光点宝箱,闪光,-388.870318,-1253.761447,,,,https://map.17173.com/rocom/maps/shijie
17173-799555473408,宝箱,304,华丽宝箱,华丽宝箱,-650.564259,-1408.572597,,,,https://map.17173.com/rocom/maps/shijie
17173-659110170624,宝箱,301,普通宝箱,普通宝箱,-1293.198426,-2659.104453,,,,https://map.17173.com/rocom/maps/shijie
17173-367878807552,宝箱,304,华丽宝箱,华丽宝箱,-1758.684558,-1681.665029,,,,https://map.17173.com/rocom/maps/shijie
17173-999712956416,宝箱,301,普通宝箱,普通宝箱,-1518.900028,-1754.514048,,,,https://map.17173.com/rocom/maps/shijie
17173-945360285696,宝箱,171730031,精灵的宝藏,精灵的宝藏,607.597108,1861.439162,,,,https://map.17173.com/rocom/maps/shijie
17173-239479455744,宝箱,301,普通宝箱,普通宝箱,-278.196143,-1362.339847,,,,https://map.17173.com/rocom/maps/shijie
17173-720650674176,宝箱,171730101,闪光点宝箱,闪光,-371.18378,-1524.329328,,,,https://map.17173.com/rocom/maps/shijie
17173-496121192448,宝箱,171730101,闪光点宝箱,闪光,-415.953676,-1493.36554,,,,https://map.17173.com/rocom/maps/shijie
17173-118965182464,宝箱,171730101,闪光点宝箱,闪光,-492.470788,-1388.677121,,,,https://map.17173.com/rocom/maps/shijie
17173-322856923136,宝箱,171730101,闪光点宝箱,闪光,-530.725818,-1477.900411,,,,https://map.17173.com/rocom/maps/shijie
17173-995416211456,宝箱,301,普通宝箱,宝箱,-747.550533,-1468.038634,,,,https://map.17173.com/rocom/maps/shijie
17173-74086658048,宝箱,171730101,闪光点宝箱,闪光,-739.569414,-1672.903817,,,,https://map.17173.com/rocom/maps/shijie
17173-703566385152,宝箱,171730101,闪光点宝箱,闪光,-625.422043,-1760.555816,,,,https://map.17173.com/rocom/maps/shijie
17173-765368655872,宝箱,171730101,闪光点宝箱,闪光,-736.103879,-2158.252783,,,,https://map.17173.com/rocom/maps/shijie
17173-933907406848,宝箱,171730101,闪光点宝箱,闪光,-601.005248,-2010.874809,,,,https://map.17173.com/rocom/maps/shijie
17173-562132340736,宝箱,171730101,闪光点宝箱,闪光,-1104.132424,-1785.371765,,,,https://map.17173.com/rocom/maps/shijie
17173-620015185920,宝箱,171730105,精灵翻找宝箱,普通宝箱（精灵探索）,-1534.348317,-2001.250878,,,,https://map.17173.com/rocom/maps/shijie
17173-362529955840,宝箱,171730105,精灵翻找宝箱,普通宝箱（精灵搜索）,-1568.983043,-1610.411402,,,,https://map.17173.com/rocom/maps/shijie
17173-666581540864,宝箱,304,华丽宝箱,华丽宝箱（精灵搜索）,-1645.960982,-1558.794034,,,,https://map.17173.com/rocom/maps/shijie
17173-270077206528,宝箱,171730105,精灵翻找宝箱,普通宝箱（精灵搜索）,-1699.691942,-1537.442234,,,,https://map.17173.com/rocom/maps/shijie
17173-161757675520,宝箱,304,华丽宝箱,华丽宝箱（精灵搜索）,-1759.195573,-1512.126577,,,,https://map.17173.com/rocom/maps/shijie
17173-478746259456,宝箱,171730105,精灵翻找宝箱,普通宝箱（精灵搜索）,-1793.440988,-1555.104221,,,,https://map.17173.com/rocom/maps/shijie
17173-539306184704,宝箱,171730105,精灵翻找宝箱,普通宝箱（精灵搜索）,-1780.838975,-1460.314455,,,,https://map.17173.com/rocom/maps/shijie
17173-20412723200,宝箱,171730031,精灵的宝藏,精灵的宝藏,-1706.65587,-1255.064434,,,,https://map.17173.com/rocom/maps/shijie
17173-844168069120,宝箱,171730105,精灵翻找宝箱,普通宝箱（精灵搜索）,-1718.145452,-1253.063396,,,,https://map.17173.com/rocom/maps/shijie
17173-196663865344,宝箱,171730105,精灵翻找宝箱,普通宝箱（精灵搜索）,-1700.372869,-1146.988421,,,,https://map.17173.com/rocom/maps/shijie
17173-909787291648,宝箱,171730105,精灵翻找宝箱,普通宝箱（精灵搜索）,-1740.316079,-1410.461402,,,,https://map.17173.com/rocom/maps/shijie
17173-376927674368,宝箱,301,普通宝箱,宝箱,-991.23,-1518.589061,,,,https://map.17173.com/rocom/maps/shijie
17173-981013409792,宝箱,171730105,精灵翻找宝箱,普通宝箱（精灵搜索）,-1627.998632,-1896.662781,,,,https://map.17173.com/rocom/maps/shijie
17173-104569434112,宝箱,301,普通宝箱,宝箱,-1375.779324,-2779.509497,,,,https://map.17173.com/rocom/maps/shijie
17173-113204842496,宝箱,301,普通宝箱,峡谷里2个宝箱,-1813.75138,-2433.275379,,,,https://map.17173.com/rocom/maps/shijie
17173-989220212736,宝箱,171730102,挖掘宝箱,挖掘,-1721.616966,-1982.978733,,,,https://map.17173.com/rocom/maps/shijie
17173-421930971136,宝箱,301,普通宝箱,宝箱,-1666.841244,-2291.096569,,,,https://map.17173.com/rocom/maps/shijie
17173-777879060480,宝箱,301,普通宝箱,普通宝箱,-1085.205576,-2417.08687,,,,https://map.17173.com/rocom/maps/shijie
17173-563006611456,宝箱,171730101,闪光点宝箱,闪光宝箱,-798.545204,-2193.92655,,,,https://map.17173.com/rocom/maps/shijie
17173-530639278080,宝箱,171730105,精灵翻找宝箱,普通宝箱（精灵搜索）,-1745.375089,-1162.709579,,,,https://map.17173.com/rocom/maps/shijie
17173-3335045120,宝箱,171730105,精灵翻找宝箱,普通宝箱（精灵搜索）,-1708.256454,-1101.458582,,,,https://map.17173.com/rocom/maps/shijie
17173-306938630144,宝箱,319,幽系宝箱,幽系,-1671.541569,-1049.485445,,,,https://map.17173.com/rocom/maps/shijie
17173-401381773312,宝箱,171730102,挖掘宝箱,挖掘,-1643.243517,-1133.898439,,,,https://map.17173.com/rocom/maps/shijie
17173-496164655104,宝箱,171730102,挖掘宝箱,挖掘,-1639.912852,-1203.315244,,,,https://map.17173.com/rocom/maps/shijie
17173-306971054080,宝箱,301,普通宝箱,普通宝箱,-1542.950363,-1022.826371,,,,https://map.17173.com/rocom/maps/shijie
17173-665937784832,宝箱,301,普通宝箱,普通宝箱,-1336.493905,-1019.196511,,,,https://map.17173.com/rocom/maps/shijie
17173-832463708160,宝箱,301,普通宝箱,普通宝箱,-1251.903532,-957.266937,,,,https://map.17173.com/rocom/maps/shijie
17173-704166572032,宝箱,304,华丽宝箱,华丽宝箱,-1286.408774,-865.260768,,,,https://map.17173.com/rocom/maps/shijie
17173-242454523904,宝箱,171730102,挖掘宝箱,挖掘,-1133.827946,-1105.075573,,,,https://map.17173.com/rocom/maps/shijie
17173-649371549696,宝箱,171730108,NPC宝箱,气象研究大雾,-1111.726501,-1161.550486,,,,https://map.17173.com/rocom/maps/shijie
17173-59259379712,宝箱,171730102,挖掘宝箱,挖掘,-1077.09589,-933.789001,,,,https://map.17173.com/rocom/maps/shijie
17173-884400459776,宝箱,305,普通系宝箱,普通系宝箱,-933.672738,-979.597619,,,,https://map.17173.com/rocom/maps/shijie
17173-51108081664,宝箱,171730102,挖掘宝箱,挖掘,-996.459733,-839.085888,,,,https://map.17173.com/rocom/maps/shijie
17173-839563816960,宝箱,171730103,露天宝箱,露天宝箱*3,-1119.848776,-1918.08304,,,,https://map.17173.com/rocom/maps/shijie
17173-274371035136,宝箱,304,华丽宝箱,华丽宝箱,-837.079969,-1642.443814,,,,https://map.17173.com/rocom/maps/shijie
17173-868421050368,宝箱,301,普通宝箱,普通宝箱,-682.710573,-1532.018317,,,,https://map.17173.com/rocom/maps/shijie
17173-633452998656,宝箱,301,普通宝箱,普通宝箱,-595.420169,-1973.273871,,,,https://map.17173.com/rocom/maps/shijie
17173-316378980352,宝箱,301,普通宝箱,普通宝箱,-654.730272,-2118.39829,,,,https://map.17173.com/rocom/maps/shijie
17173-104786059264,宝箱,301,普通宝箱,宝箱,-586.090163,-2071.680772,,,,https://map.17173.com/rocom/maps/shijie
17173-219353346048,宝箱,171730031,精灵的宝藏,精灵的宝藏,295.041289,-872.474164,,,,https://map.17173.com/rocom/maps/shijie
17173-37139808256,宝箱,301,普通宝箱,普通宝箱,755.506892,-1810.276831,,,,https://map.17173.com/rocom/maps/shijie
17173-651132682240,宝箱,301,普通宝箱,普通宝箱,-487.164724,-901.358821,,,,https://map.17173.com/rocom/maps/shijie
17173-30172471296,宝箱,301,普通宝箱,普通宝箱,-742.767471,-850.272799,,,,https://map.17173.com/rocom/maps/shijie
17173-437453447168,宝箱,301,普通宝箱,普通宝箱,-333.903235,-534.675545,,,,https://map.17173.com/rocom/maps/shijie
17173-46922678272,宝箱,171730102,挖掘宝箱,挖掘宝箱,1084.206501,-57.573528,,,,https://map.17173.com/rocom/maps/shijie
17173-360549986304,宝箱,171730031,精灵的宝藏,翻找,-603.708522,-27.535532,,,,https://map.17173.com/rocom/maps/shijie
17173-13758308352,宝箱,301,普通宝箱,普通宝箱,-561.830334,61.469944,,,,https://map.17173.com/rocom/maps/shijie
17173-296571973632,宝箱,171730106,翻找宝箱,翻找宝箱,-444.119784,163.508585,,,,https://map.17173.com/rocom/maps/shijie
17173-576340303872,宝箱,301,普通宝箱,普通宝箱,-408.952438,390.008119,,,,https://map.17173.com/rocom/maps/shijie
17173-550303150080,宝箱,301,普通宝箱,普通箱子,69.039131,749.573378,,,,https://map.17173.com/rocom/maps/shijie
17173-74415443968,宝箱,301,普通宝箱,梯子后面普通宝箱,243.688761,1034.548521,,,,https://map.17173.com/rocom/maps/shijie
17173-900295081984,宝箱,301,普通宝箱,普通箱子,357.928972,1023.990644,,,,https://map.17173.com/rocom/maps/shijie
17173-749010595840,宝箱,304,华丽宝箱,华丽宝箱,420.674263,1097.983542,,,,https://map.17173.com/rocom/maps/shijie
17173-893293953024,宝箱,301,普通宝箱,宝箱,355.19339,1172.176366,,,,https://map.17173.com/rocom/maps/shijie
17173-149131886592,宝箱,301,普通宝箱,普通宝箱,-1027.594609,-1125.50147,,,,https://map.17173.com/rocom/maps/shijie
17173-163726020608,宝箱,301,普通宝箱,普通宝箱,-916.721611,1747.579889,,,,https://map.17173.com/rocom/maps/shijie
17173-346029678592,宝箱,301,普通宝箱,普通宝箱,-820.957766,1876.080567,,,,https://map.17173.com/rocom/maps/shijie
17173-1462083584,宝箱,304,华丽宝箱,华丽宝箱,-793.543768,1731.260643,,,,https://map.17173.com/rocom/maps/shijie
17173-72583434240,宝箱,301,普通宝箱,普通宝箱,-765.596303,1708.577213,,,,https://map.17173.com/rocom/maps/shijie
17173-491372105728,宝箱,301,普通宝箱,普通宝箱,-742.435285,1751.108188,,,,https://map.17173.com/rocom/maps/shijie
17173-729923280896,宝箱,301,普通宝箱,普通宝箱,-708.955393,1760.771806,,,,https://map.17173.com/rocom/maps/shijie
17173-943283408896,宝箱,301,普通宝箱,普通宝箱,-663.210204,1662.570781,,,,https://map.17173.com/rocom/maps/shijie
17173-769244958720,宝箱,301,普通宝箱,普通宝箱,-634.457841,1648.529967,,,,https://map.17173.com/rocom/maps/shijie
17173-557498085376,宝箱,301,普通宝箱,普通宝箱,-529.90739,1613.98226,,,,https://map.17173.com/rocom/maps/shijie
17173-386408095744,宝箱,301,普通宝箱,普通宝箱,-518.687983,1649.778805,,,,https://map.17173.com/rocom/maps/shijie
17173-35487805440,宝箱,301,普通宝箱,普通宝箱,-276.350157,1874.588436,,,,https://map.17173.com/rocom/maps/shijie
17173-783493885952,宝箱,301,普通宝箱,普通宝箱,-341.0539,1912.834742,,,,https://map.17173.com/rocom/maps/shijie
17173-405399814144,宝箱,301,普通宝箱,普通宝箱,-348.512307,2035.055094,,,,https://map.17173.com/rocom/maps/shijie
17173-363629867008,宝箱,301,普通宝箱,普通宝箱,-661.970024,2472.863877,,,,https://map.17173.com/rocom/maps/shijie
17173-39611494400,宝箱,301,普通宝箱,普通宝箱,-699.219292,2571.775995,,,,https://map.17173.com/rocom/maps/shijie
17173-707404075008,宝箱,304,华丽宝箱,华丽宝箱*1&普通宝箱*3,-777.514201,2596.12975,,,,https://map.17173.com/rocom/maps/shijie
17173-416180830208,宝箱,301,普通宝箱,普通宝箱,-848.206528,2572.550101,,,,https://map.17173.com/rocom/maps/shijie
17173-86403813376,宝箱,301,普通宝箱,普通宝箱,-854.28457,2449.295061,,,,https://map.17173.com/rocom/maps/shijie
17173-865680994304,宝箱,304,华丽宝箱,华丽宝箱,-919.655546,2410.498201,,,,https://map.17173.com/rocom/maps/shijie
17173-400213778432,宝箱,304,华丽宝箱,华丽宝箱,-899.131133,2383.86708,,,,https://map.17173.com/rocom/maps/shijie
17173-37913903104,宝箱,304,华丽宝箱,华丽宝箱,-864.87828,2165.515097,,,,https://map.17173.com/rocom/maps/shijie
17173-721829163008,宝箱,301,普通宝箱,普通宝箱,-849.639731,2106.355964,,,,https://map.17173.com/rocom/maps/shijie
17173-645384306688,宝箱,301,普通宝箱,普通宝箱,-972.814946,2016.997588,,,,https://map.17173.com/rocom/maps/shijie
17173-476979032064,宝箱,304,华丽宝箱,华丽宝箱,-772.94829,2392.225048,,,,https://map.17173.com/rocom/maps/shijie
17173-806925709312,宝箱,304,华丽宝箱,华丽宝箱,-475.173167,2268.672599,,,,https://map.17173.com/rocom/maps/shijie
17173-493414203392,宝箱,301,普通宝箱,普通宝箱,-504.841012,2217.120043,,,,https://map.17173.com/rocom/maps/shijie
17173-269716160512,宝箱,301,普通宝箱,普通宝箱,-496.16026,2052.616068,,,,https://map.17173.com/rocom/maps/shijie
17173-541290934272,宝箱,301,普通宝箱,普通宝箱,-387.976675,2048.058703,,,,https://map.17173.com/rocom/maps/shijie
17173-953415655424,宝箱,301,普通宝箱,普通宝箱,-402.46172,1977.559484,,,,https://map.17173.com/rocom/maps/shijie
17173-678839963648,宝箱,301,普通宝箱,普通宝箱,-414.204079,1855.4299,,,,https://map.17173.com/rocom/maps/shijie
17173-263571943424,宝箱,301,普通宝箱,普通宝箱,-421.916181,1781.027848,,,,https://map.17173.com/rocom/maps/shijie
17173-159099117568,宝箱,301,普通宝箱,普通宝箱,-522.33312,1916.104639,,,,https://map.17173.com/rocom/maps/shijie
17173-909403947008,宝箱,301,普通宝箱,普通宝箱,-506.847864,1941.603443,,,,https://map.17173.com/rocom/maps/shijie
17173-186343550976,宝箱,301,普通宝箱,普通宝箱,-595.766451,1925.611248,,,,https://map.17173.com/rocom/maps/shijie
17173-485641379840,宝箱,301,普通宝箱,宝箱,106.251494,1869.754893,,,,https://map.17173.com/rocom/maps/shijie
17173-229931442176,宝箱,301,普通宝箱,宝箱,153.258613,1879.506984,,,,https://map.17173.com/rocom/maps/shijie
17173-350001963008,宝箱,301,普通宝箱,普通宝箱,124.482586,2331.214389,,,,https://map.17173.com/rocom/maps/shijie
17173-582155636736,宝箱,301,普通宝箱,宝箱,-171.041038,2617.011529,,,,https://map.17173.com/rocom/maps/shijie
17173-875197308928,宝箱,171730101,闪光点宝箱,光点宝箱,174.853324,2782.17042,,,,https://map.17173.com/rocom/maps/shijie
17173-270919647232,宝箱,301,普通宝箱,宝箱,724.818276,2461.249167,,,,https://map.17173.com/rocom/maps/shijie
17173-555348373504,宝箱,171730031,精灵的宝藏,精灵宝箱,-1158.562851,-1034.989152,,,,https://map.17173.com/rocom/maps/shijie
17173-554847125504,宝箱,171730031,精灵的宝藏,精灵的宝藏,-1916.936173,-2157.225136,,,,https://map.17173.com/rocom/maps/shijie
17173-477382524928,宝箱,171730101,闪光点宝箱,闪光点宝箱,-1931.919375,-2110.115752,,,,https://map.17173.com/rocom/maps/shijie
17173-764104617984,宝箱,171730101,闪光点宝箱,闪光点宝箱,-2094.295998,-2026.906742,,,,https://map.17173.com/rocom/maps/shijie
17173-743060029440,宝箱,171730101,闪光点宝箱,闪光点宝箱,-1821.007489,-1578.980537,,,,https://map.17173.com/rocom/maps/shijie
17173-119078494208,宝箱,304,华丽宝箱,华丽宝箱,-1833.870719,-1070.200997,,,,https://map.17173.com/rocom/maps/shijie
17173-915598684160,宝箱,171730101,闪光点宝箱,闪光点宝箱,-1751.688965,-1778.966328,,,,https://map.17173.com/rocom/maps/shijie
17173-19095564288,宝箱,171730101,闪光点宝箱,闪光点宝箱,-1612.306325,-1733.673775,,,,https://map.17173.com/rocom/maps/shijie
17173-720165527552,宝箱,171730031,精灵的宝藏,精灵的宝箱,-661.436833,-1767.044159,,,,https://map.17173.com/rocom/maps/shijie
17173-399914078208,宝箱,171730031,精灵的宝藏,精灵的宝藏,-709.215435,-2135.918628,,,,https://map.17173.com/rocom/maps/shijie
17173-865504120832,宝箱,301,普通宝箱,普通宝箱,-634.384493,-2418.676178,,,,https://map.17173.com/rocom/maps/shijie
17173-186941321216,宝箱,301,普通宝箱,普通宝箱,-275.916446,-1081.775612,,,,https://map.17173.com/rocom/maps/shijie
17173-929037897728,宝箱,301,普通宝箱,宝箱,-5.566105,-555.860968,,,,https://map.17173.com/rocom/maps/shijie
17173-337350299648,宝箱,301,普通宝箱,宝箱,-578.240554,-667.637743,,,,https://map.17173.com/rocom/maps/shijie
17173-966034526208,宝箱,301,普通宝箱,宝箱,-777.551009,-757.137885,,,,https://map.17173.com/rocom/maps/shijie
17173-137985843200,宝箱,171730103,露天宝箱,露天宝箱,-983.923602,-403.821542,,,,https://map.17173.com/rocom/maps/shijie
17173-501428379648,宝箱,171730101,闪光点宝箱,闪光点宝箱,-1467.79685,-554.502626,,,,https://map.17173.com/rocom/maps/shijie
17173-146931765248,宝箱,171730101,闪光点宝箱,闪光点宝箱,-1413.387985,-437.506206,,,,https://map.17173.com/rocom/maps/shijie
17173-815640997888,宝箱,171730101,闪光点宝箱,闪光点宝箱,-872.065394,-439.918453,,,,https://map.17173.com/rocom/maps/shijie
17173-774532534272,宝箱,301,普通宝箱,宝箱,-657.298007,-434.074686,,,,https://map.17173.com/rocom/maps/shijie
17173-924622397440,宝箱,301,普通宝箱,宝箱,-516.099182,-399.062913,,,,https://map.17173.com/rocom/maps/shijie
17173-868152582144,宝箱,301,普通宝箱,山下宝箱,-333.420353,-399.213281,,,,https://map.17173.com/rocom/maps/shijie
17173-184072765440,宝箱,301,普通宝箱,宝箱,-407.614618,-389.400838,,,,https://map.17173.com/rocom/maps/shijie
17173-890419388416,宝箱,301,普通宝箱,下方宝箱,-978.598094,-33.122275,,,,https://map.17173.com/rocom/maps/shijie
17173-677860315136,宝箱,171730101,闪光点宝箱,闪光点宝箱,-1044.526497,34.703588,,,,https://map.17173.com/rocom/maps/shijie
17173-887792955392,宝箱,301,普通宝箱,宝箱,-223.138834,-161.417366,,,,https://map.17173.com/rocom/maps/shijie
17173-148566532096,宝箱,301,普通宝箱,普通宝箱,52.37756,955.223611,,,,https://map.17173.com/rocom/maps/shijie
17173-281803591680,宝箱,301,普通宝箱,普通宝箱,-825.41337,2130.616186,,,,https://map.17173.com/rocom/maps/shijie
17173-572036169728,宝箱,301,普通宝箱,宝箱,14.879259,-307.744063,,,,https://map.17173.com/rocom/maps/shijie
17173-881210900480,宝箱,301,普通宝箱,宝箱,85.700583,-278.720261,,,,https://map.17173.com/rocom/maps/shijie
17173-613379063808,宝箱,171730101,闪光点宝箱,闪光点宝箱,-1235.896774,-1990.446391,,,,https://map.17173.com/rocom/maps/shijie
17173-84465410048,宝箱,171730101,闪光点宝箱,闪光点宝箱,-1476.222433,-1221.774932,,,,https://map.17173.com/rocom/maps/shijie
17173-675409424384,宝箱,171730101,闪光点宝箱,闪光点宝箱,-1411.043408,-1284.390212,,,,https://map.17173.com/rocom/maps/shijie
17173-757676503040,宝箱,171730103,露天宝箱,裸露宝箱,-1470.565103,-1414.77543,,,,https://map.17173.com/rocom/maps/shijie
17173-795788378112,宝箱,322,幻系宝箱,属性宝箱（幻系）,-1843.335406,-1162.04714,,,,https://map.17173.com/rocom/maps/shijie
17173-739950137344,宝箱,171730101,闪光点宝箱,闪光点宝箱,-1807.925185,-1025.520396,,,,https://map.17173.com/rocom/maps/shijie
17173-43742912512,宝箱,171730101,闪光点宝箱,闪光点宝箱,-1516.189421,-1085.270387,,,,https://map.17173.com/rocom/maps/shijie
17173-295069937664,宝箱,171730031,精灵的宝藏,精灵宝箱,-1564.850256,-941.681448,,,,https://map.17173.com/rocom/maps/shijie
17173-858328846336,宝箱,171730101,闪光点宝箱,闪光点宝箱,-1266.331478,-1086.865684,,,,https://map.17173.com/rocom/maps/shijie
17173-313077850112,宝箱,171730101,闪光点宝箱,闪光点宝箱,-999.200972,-773.827723,,,,https://map.17173.com/rocom/maps/shijie
17173-561116270592,宝箱,171730101,闪光点宝箱,闪光点宝箱,-888.143221,-1006.370794,,,,https://map.17173.com/rocom/maps/shijie
17173-672156409856,宝箱,171730101,闪光点宝箱,闪光点宝箱,-877.34434,-1103.11707,,,,https://map.17173.com/rocom/maps/shijie
17173-729261858816,宝箱,171730031,精灵的宝藏,精灵的宝藏,-900.362004,-1123.274411,,,,https://map.17173.com/rocom/maps/shijie
17173-782617600000,宝箱,171730101,闪光点宝箱,闪光点宝箱,-976.473066,-1185.062309,,,,https://map.17173.com/rocom/maps/shijie
17173-762630942720,宝箱,171730031,精灵的宝藏,精灵宝箱,-880.032799,-1278.192472,,,,https://map.17173.com/rocom/maps/shijie
17173-824955871232,宝箱,171730101,闪光点宝箱,闪光点宝箱,-1027.677007,-1931.065445,,,,https://map.17173.com/rocom/maps/shijie
17173-652559822848,宝箱,171730031,精灵的宝藏,精灵宝箱,-732.603601,-1415.796735,,,,https://map.17173.com/rocom/maps/shijie
17173-374337425408,宝箱,319,幽系宝箱,幽系宝箱,-332.071576,199.144947,,,,https://map.17173.com/rocom/maps/shijie
17173-504343937024,宝箱,301,普通宝箱,宝箱,-357.547676,164.146838,,,,https://map.17173.com/rocom/maps/shijie
17173-808689922048,宝箱,301,普通宝箱,宝箱,203.493227,-601.410184,,,,https://map.17173.com/rocom/maps/shijie
17173-691316654080,宝箱,304,华丽宝箱,华丽宝箱,168.525893,-643.90753,,,,https://map.17173.com/rocom/maps/shijie
17173-965993234432,宝箱,301,普通宝箱,宝箱,221.474843,-515.91086,,,,https://map.17173.com/rocom/maps/shijie
17173-511443263488,宝箱,301,普通宝箱,宝箱,173.014108,-333.904574,,,,https://map.17173.com/rocom/maps/shijie
17173-607757729792,宝箱,301,普通宝箱,宝箱,321.387475,-633.921036,,,,https://map.17173.com/rocom/maps/shijie
17173-680396451840,宝箱,301,普通宝箱,宝箱,396.813079,-384.425054,,,,https://map.17173.com/rocom/maps/shijie
17173-179202818048,宝箱,301,普通宝箱,宝箱,435.763019,-364.636004,,,,https://map.17173.com/rocom/maps/shijie
17173-883944923136,宝箱,171730103,露天宝箱,露天宝箱,500.703872,-346.641593,,,,https://map.17173.com/rocom/maps/shijie
17173-896401645568,宝箱,301,普通宝箱,房子里四个普通宝箱,496.562134,-29.726477,,,,https://map.17173.com/rocom/maps/shijie
17173-307676778496,宝箱,301,普通宝箱,宝箱,311.671138,-114.621302,,,,https://map.17173.com/rocom/maps/shijie
17173-479974064128,宝箱,171730104,地下宝箱,地底九个普通宝箱,158.70975,1641.132034,,,,https://map.17173.com/rocom/maps/shijie
17173-256252317696,宝箱,321,机械系宝箱,地下-机械宝箱,600.459709,1939.328573,,,,https://map.17173.com/rocom/maps/shijie
17173-474849062912,宝箱,171730103,露天宝箱,露天宝箱,63.750697,578.444443,,,,https://map.17173.com/rocom/maps/shijie
17173-659306164224,宝箱,171730103,露天宝箱,露天宝箱,250.058884,557.02288,,,,https://map.17173.com/rocom/maps/shijie
17173-578571771904,宝箱,171730101,闪光点宝箱,闪光点宝箱,-1243.056797,-2097.644818,,,,https://map.17173.com/rocom/maps/shijie
17173-475748274176,宝箱,301,普通宝箱,普通宝箱,537.525037,-38.73019,,,,https://map.17173.com/rocom/maps/shijie
17173-805806579712,宝箱,171730101,闪光点宝箱,闪光点宝箱,-311.060822,-855.583536,,,,https://map.17173.com/rocom/maps/shijie
17173-752864747520,宝箱,171730101,闪光点宝箱,闪光点宝箱,-842.795933,-2821.539816,,,,https://map.17173.com/rocom/maps/shijie
17173-650938966016,宝箱,171730108,NPC宝箱,宝箱 击杀怪物,-1192.948844,-2588.515473,,,,https://map.17173.com/rocom/maps/shijie
17173-320579469312,宝箱,171730101,闪光点宝箱,闪光点宝箱,-1138.614207,-2168.646107,,,,https://map.17173.com/rocom/maps/shijie
17173-285696544768,宝箱,171730031,精灵的宝藏,精灵宝箱,-589.378295,-2519.827365,,,,https://map.17173.com/rocom/maps/shijie
17173-106906611712,宝箱,171730101,闪光点宝箱,闪光点宝箱,-803.613905,-2233.496615,,,,https://map.17173.com/rocom/maps/shijie
17173-49323012096,宝箱,171730031,精灵的宝藏,精灵宝箱,-783.388938,-2173.269418,,,,https://map.17173.com/rocom/maps/shijie
17173-293959987200,宝箱,171730101,闪光点宝箱,闪光点宝箱,-813.73063,-2093.298801,,,,https://map.17173.com/rocom/maps/shijie
17173-215757189120,宝箱,171730108,NPC宝箱,npc宝箱,-772.771404,-2118.608752,,,,https://map.17173.com/rocom/maps/shijie
17173-255909261312,宝箱,171730101,闪光点宝箱,闪光点宝箱,-747.994436,-2100.390421,,,,https://map.17173.com/rocom/maps/shijie
17173-967072710656,宝箱,171730101,闪光点宝箱,闪光点宝箱,-701.979828,-2076.100469,,,,https://map.17173.com/rocom/maps/shijie
17173-358439022592,宝箱,171730101,闪光点宝箱,闪光点宝箱,-771.893854,-1896.89696,,,,https://map.17173.com/rocom/maps/shijie
17173-181084057600,宝箱,301,普通宝箱,宝箱,88.719916,-1689.396937,,,,https://map.17173.com/rocom/maps/shijie
17173-157083598848,宝箱,171730101,闪光点宝箱,闪光点宝箱,-638.393464,-1429.974902,,,,https://map.17173.com/rocom/maps/shijie
17173-48517570560,宝箱,171730101,闪光点宝箱,闪光,-858.555427,-857.535201,,,,https://map.17173.com/rocom/maps/shijie
17173-72260411392,宝箱,171730101,闪光点宝箱,闪光点宝箱,-1255.120753,-473.583619,,,,https://map.17173.com/rocom/maps/shijie
17173-824463269888,宝箱,171730031,精灵的宝藏,精灵的宝藏,-835.991109,-280.232761,,,,https://map.17173.com/rocom/maps/shijie
17173-985291214848,宝箱,171730101,闪光点宝箱,闪光点宝箱,-1259.470362,364.667002,,,,https://map.17173.com/rocom/maps/shijie
17173-947902525440,宝箱,322,幻系宝箱,山下山洞里幻系宝箱,-1018.070111,227.472811,,,,https://map.17173.com/rocom/maps/shijie
17173-712196415488,宝箱,301,普通宝箱,精灵爱好者-幽影树,-986.511906,485.51719,,,,https://map.17173.com/rocom/maps/shijie
17173-190731317248,宝箱,301,普通宝箱,宝箱,-924.793371,528.893493,,,,https://map.17173.com/rocom/maps/shijie
17173-83523444736,宝箱,301,普通宝箱,宝箱,-880.11974,356.188551,,,,https://map.17173.com/rocom/maps/shijie
17173-362356715520,宝箱,171730103,露天宝箱,露天宝箱,-824.057863,246.634628,,,,https://map.17173.com/rocom/maps/shijie
17173-911263817728,宝箱,171730103,露天宝箱,宝箱露天,-702.462475,-186.716309,,,,https://map.17173.com/rocom/maps/shijie
17173-357311709184,宝箱,171730106,翻找宝箱,棚子上 翻找,-287.263719,69.282358,,,,https://map.17173.com/rocom/maps/shijie
17173-663975391232,宝箱,301,普通宝箱,普通宝箱,232.821156,-64.977435,,,,https://map.17173.com/rocom/maps/shijie
17173-470823497728,宝箱,301,普通宝箱,普通宝箱,364.288066,-50.489039,,,,https://map.17173.com/rocom/maps/shijie
17173-231160967168,宝箱,171730106,翻找宝箱,翻找物,460.202734,-132.998178,,,,https://map.17173.com/rocom/maps/shijie
17173-713210560512,宝箱,301,普通宝箱,普通宝箱,663.51692,-110.01612,,,,https://map.17173.com/rocom/maps/shijie
17173-62655905792,宝箱,301,普通宝箱,普通宝箱,207.717772,389.505469,,,,https://map.17173.com/rocom/maps/shijie
17173-597431418880,宝箱,301,普通宝箱,宝箱,339.906882,448.378761,,,,https://map.17173.com/rocom/maps/shijie
17173-484223094784,宝箱,171730103,露天宝箱,露天宝箱,382.987012,372.256928,,,,https://map.17173.com/rocom/maps/shijie
17173-466969067520,宝箱,171730104,地下宝箱,地下,548.766429,402.144938,,,,https://map.17173.com/rocom/maps/shijie
17173-374123954176,宝箱,171730104,地下宝箱,地下,559.257744,370.143657,,,,https://map.17173.com/rocom/maps/shijie
17173-392069480448,宝箱,171730104,地下宝箱,地下,652.129654,373.837125,,,,https://map.17173.com/rocom/maps/shijie
17173-715731337216,宝箱,171730104,地下宝箱,地下,703.583408,363.332429,,,,https://map.17173.com/rocom/maps/shijie
17173-135738257408,宝箱,171730103,露天宝箱,露天宝箱,726.171486,343.183954,,,,https://map.17173.com/rocom/maps/shijie
17173-873793683456,宝箱,171730104,地下宝箱,地下,690.59709,285.332741,,,,https://map.17173.com/rocom/maps/shijie
17173-156700139520,宝箱,171730105,精灵翻找宝箱,精灵翻找普通宝箱,-20.912693,1167.542545,,,,https://map.17173.com/rocom/maps/shijie
17173-13324615680,宝箱,171730105,精灵翻找宝箱,精灵翻找宝箱,-83.565876,1100.657765,,,,https://map.17173.com/rocom/maps/shijie
17173-423724331008,宝箱,301,普通宝箱,宝箱,-304.062821,723.843511,,,,https://map.17173.com/rocom/maps/shijie
17173-306904576000,宝箱,301,普通宝箱,宝箱,-231.348541,633.777374,,,,https://map.17173.com/rocom/maps/shijie
17173-900513603584,宝箱,301,普通宝箱,宝箱,-540.676443,809.450267,,,,https://map.17173.com/rocom/maps/shijie
17173-28270473216,宝箱,301,普通宝箱,宝箱,-446.283038,689.654561,,,,https://map.17173.com/rocom/maps/shijie
17173-288721739776,宝箱,301,普通宝箱,宝箱,-627.616378,967.173656,,,,https://map.17173.com/rocom/maps/shijie
17173-649744027648,宝箱,301,普通宝箱,宝箱,-662.46912,916.929082,,,,https://map.17173.com/rocom/maps/shijie
17173-459630440448,宝箱,301,普通宝箱,宝箱,-737.649401,863.642229,,,,https://map.17173.com/rocom/maps/shijie
17173-55790403584,宝箱,301,普通宝箱,宝箱,-843.995794,880.15188,,,,https://map.17173.com/rocom/maps/shijie
17173-754844897280,宝箱,301,普通宝箱,宝箱,-730.872283,909.863952,,,,https://map.17173.com/rocom/maps/shijie
17173-196343959552,宝箱,301,普通宝箱,宝箱,-653.981279,1096.930275,,,,https://map.17173.com/rocom/maps/shijie
17173-115964317696,宝箱,301,普通宝箱,宝箱,-687.450304,1067.932942,,,,https://map.17173.com/rocom/maps/shijie
17173-295878987776,宝箱,301,普通宝箱,宝箱,-722.417614,1024.435585,,,,https://map.17173.com/rocom/maps/shijie
17173-598515978240,宝箱,171730106,翻找宝箱,翻找,-287.263719,69.282358,,,,https://map.17173.com/rocom/maps/shijie
17173-464865583104,宝箱,171730102,挖掘宝箱,地下挖掘,70.086017,207.099627,,,,https://map.17173.com/rocom/maps/shijie
17173-755837034496,宝箱,171730102,挖掘宝箱,地下挖掘,201.963026,359.089526,,,,https://map.17173.com/rocom/maps/shijie
17173-471469608960,宝箱,301,普通宝箱,宝箱,993.465959,121.253152,,,,https://map.17173.com/rocom/maps/shijie
17173-102001758208,宝箱,301,普通宝箱,下方宝箱,919.219756,166.543417,,,,https://map.17173.com/rocom/maps/shijie
17173-295632027648,宝箱,301,普通宝箱,宝箱,980.079006,337.063091,,,,https://map.17173.com/rocom/maps/shijie
17173-467271471104,宝箱,301,普通宝箱,宝箱,1064.429727,250.603639,,,,https://map.17173.com/rocom/maps/shijie
17173-701138001920,宝箱,301,普通宝箱,宝箱,435.76903,-106.069751,,,,https://map.17173.com/rocom/maps/shijie
17173-940646793216,宝箱,301,普通宝箱,宝箱,356.614163,818.26132,,,,https://map.17173.com/rocom/maps/shijie
17173-816121966592,宝箱,301,普通宝箱,宝箱,263.518847,811.4619,,,,https://map.17173.com/rocom/maps/shijie
17173-850010177536,宝箱,171730103,露天宝箱,隧道尽头露天宝箱,195.577565,779.372948,,,,https://map.17173.com/rocom/maps/shijie
17173-271609167872,宝箱,301,普通宝箱,宝箱,92.670456,784.382168,,,,https://map.17173.com/rocom/maps/shijie
17173-949097213952,宝箱,171730103,露天宝箱,露天宝箱,-119.739833,910.472181,,,,https://map.17173.com/rocom/maps/shijie
17173-729170513920,宝箱,301,普通宝箱,宝箱,-353.058611,889.586976,,,,https://map.17173.com/rocom/maps/shijie
17173-112891936768,宝箱,301,普通宝箱,宝箱,-562.518967,144.217329,,,,https://map.17173.com/rocom/maps/shijie
17173-538619224064,宝箱,171730101,闪光点宝箱,闪光,-893.902456,-959.545568,,,,https://map.17173.com/rocom/maps/shijie
17173-236596219904,宝箱,171730101,闪光点宝箱,闪光点宝箱,-1328.962673,0.275738,,,,https://map.17173.com/rocom/maps/shijie
17173-923206529024,宝箱,171730101,闪光点宝箱,闪光点宝箱,-966.589566,-240.562565,,,,https://map.17173.com/rocom/maps/shijie
17173-852011884544,宝箱,171730101,闪光点宝箱,闪光点宝箱,-951.315903,-351.472113,,,,https://map.17173.com/rocom/maps/shijie
17173-704517283840,宝箱,171730101,闪光点宝箱,闪光点宝箱,-895.651505,-348.569663,,,,https://map.17173.com/rocom/maps/shijie
17173-338968813568,宝箱,171730031,精灵的宝藏,宝箱,-918.631578,-308.067323,,,,https://map.17173.com/rocom/maps/shijie
17173-988183269376,宝箱,171730106,翻找宝箱,翻找出的宝箱,-749.787554,-201.541236,,,,https://map.17173.com/rocom/maps/shijie
17173-89325244416,宝箱,314,毒系宝箱,毒系宝箱,-777.038043,-139.390495,,,,https://map.17173.com/rocom/maps/shijie
17173-839099027456,宝箱,171730103,露天宝箱,漏天宝箱*2,-862.971003,-118.728443,,,,https://map.17173.com/rocom/maps/shijie
17173-13576777728,宝箱,171730101,闪光点宝箱,闪光点宝箱,-659.269259,-174.416207,,,,https://map.17173.com/rocom/maps/shijie
17173-445799714816,宝箱,301,普通宝箱,宝箱,389.806416,1182.2871,,,,https://map.17173.com/rocom/maps/shijie
17173-178041970688,宝箱,301,普通宝箱,宝箱,473.541411,962.485066,,,,https://map.17173.com/rocom/maps/shijie
17173-821291114496,宝箱,301,普通宝箱,宝箱,508.335972,855.63259,,,,https://map.17173.com/rocom/maps/shijie
17173-6483984384,宝箱,321,机械系宝箱,机械系宝箱,486.221001,1112.777761,,,,https://map.17173.com/rocom/maps/shijie
17173-366081007616,宝箱,301,普通宝箱,宝箱,586.631463,1063.768287,,,,https://map.17173.com/rocom/maps/shijie
17173-412087365632,宝箱,307,火系宝箱,贵重宝箱（火）,-1778.098399,-1670.074088,,,,https://map.17173.com/rocom/maps/shijie
17173-887099482112,宝箱,171730101,闪光点宝箱,闪光点,-1435.70377,-1320.884826,,,,https://map.17173.com/rocom/maps/shijie
17173-223238668288,宝箱,171730110,交互宝箱,木牌,-1248.865374,-992.242906,,,,https://map.17173.com/rocom/maps/shijie
17173-162421260288,宝箱,171730110,交互宝箱,木牌,-1161.446019,-952.250404,,,,https://map.17173.com/rocom/maps/shijie
17173-66839117824,宝箱,171730101,闪光点宝箱,闪光点宝箱,-1033.384645,-521.008914,,,,https://map.17173.com/rocom/maps/shijie
17173-741083901952,宝箱,171730031,精灵的宝藏,两个精灵宝藏,-706.761525,776.014918,,,,https://map.17173.com/rocom/maps/shijie
17173-261829668864,宝箱,301,普通宝箱,宝箱,-666.393102,1345.716061,,,,https://map.17173.com/rocom/maps/shijie
17173-683600302080,宝箱,301,普通宝箱,普通宝箱,-552.849144,1136.079697,,,,https://map.17173.com/rocom/maps/shijie
17173-392148447232,宝箱,301,普通宝箱,普通宝箱,-497.580794,1044.633259,,,,https://map.17173.com/rocom/maps/shijie
17173-101055373312,宝箱,301,普通宝箱,宝箱,-372.990891,1344.164625,,,,https://map.17173.com/rocom/maps/shijie
17173-804478980096,宝箱,171730031,精灵的宝藏,精灵宝箱,-276.43041,1406.358641,,,,https://map.17173.com/rocom/maps/shijie
17173-383273725952,宝箱,301,普通宝箱,普通宝箱,-1027.554908,-2829.742253,,,,https://map.17173.com/rocom/maps/shijie
17173-973508128768,宝箱,171730102,挖掘宝箱,挖掘宝箱,-897.752605,-2312.165654,,,,https://map.17173.com/rocom/maps/shijie
17173-213252907008,宝箱,171730102,挖掘宝箱,挖宝箱,-324.762559,-1082.177842,,,,https://map.17173.com/rocom/maps/shijie
17173-36796030976,宝箱,171730102,挖掘宝箱,挖宝箱,82.988621,-516.021017,,,,https://map.17173.com/rocom/maps/shijie
17173-343307243520,宝箱,171730102,挖掘宝箱,挖宝箱,114.994269,-460.609516,,,,https://map.17173.com/rocom/maps/shijie
17173-392855379968,宝箱,171730102,挖掘宝箱,挖宝箱,488.910966,-310.670899,,,,https://map.17173.com/rocom/maps/shijie
17173-111265472512,宝箱,171730102,挖掘宝箱,挖箱子,718.31423,-132.846975,,,,https://map.17173.com/rocom/maps/shijie
17173-985367617536,宝箱,301,普通宝箱,普通宝箱,490.131281,160.263365,,,,https://map.17173.com/rocom/maps/shijie
17173-48574013440,宝箱,301,普通宝箱,普通宝箱,329.255377,112.660789,,,,https://map.17173.com/rocom/maps/shijie
17173-664345804800,宝箱,171730031,精灵的宝藏,宝藏,19.510238,169.130116,,,,https://map.17173.com/rocom/maps/shijie
17173-875628875776,宝箱,171730031,精灵的宝藏,宝藏,-155.692666,147.567828,,,,https://map.17173.com/rocom/maps/shijie
17173-752889765888,宝箱,301,普通宝箱,普通宝箱,-9.23632,394.75471,,,,https://map.17173.com/rocom/maps/shijie
17173-293635551232,宝箱,301,普通宝箱,普通宝箱,-455.89533,535.2093,,,,https://map.17173.com/rocom/maps/shijie
17173-643097972736,宝箱,304,华丽宝箱,华丽宝箱,-88.762804,1391.995205,,,,https://map.17173.com/rocom/maps/shijie
17173-901208817664,宝箱,301,普通宝箱,普通宝箱,-110.10498,1636.484798,,,,https://map.17173.com/rocom/maps/shijie
17173-507485773824,宝箱,304,华丽宝箱,华丽宝箱-挖掘,7.695198,1468.215817,,,,https://map.17173.com/rocom/maps/shijie
17173-73579765760,宝箱,171730104,地下宝箱,地下-普通宝箱,156.273947,979.975087,,,,https://map.17173.com/rocom/maps/shijie
17173-280161304576,宝箱,321,机械系宝箱,机械宝箱,218.638673,706.280829,,,,https://map.17173.com/rocom/maps/shijie
17173-756106321920,宝箱,315,虫系宝箱,虫系宝箱,112.152386,1658.613029,,,,https://map.17173.com/rocom/maps/shijie
17173-441756823552,宝箱,304,华丽宝箱,精灵翻找华丽宝箱,168.046433,1482.286083,,,,https://map.17173.com/rocom/maps/shijie
17173-795113709568,宝箱,309,光系宝箱,光系宝箱,216.186011,1890.87415,,,,https://map.17173.com/rocom/maps/shijie
17173-161020370944,宝箱,320,恶系宝箱,地下-恶系宝箱,338.860831,1750.013078,,,,https://map.17173.com/rocom/maps/shijie
17173-321021149184,宝箱,301,普通宝箱,宝箱,442.592593,2131.472959,,,,https://map.17173.com/rocom/maps/shijie
17173-221851688960,宝箱,171730103,露天宝箱,地下-露天宝箱,731.110218,1852.742459,,,,https://map.17173.com/rocom/maps/shijie
17173-245434245120,宝箱,301,普通宝箱,普通宝箱,731.592415,1367.010264,,,,https://map.17173.com/rocom/maps/shijie
17173-652245315584,宝箱,301,普通宝箱,普通宝箱,-810.634418,785.653471,,,,https://map.17173.com/rocom/maps/shijie
17173-528003092480,宝箱,301,普通宝箱,精灵研究员-选卷毛鸭,-161.337658,197.760077,,,,https://map.17173.com/rocom/maps/shijie
17173-245948067840,宝箱,301,普通宝箱,普通宝箱,806.120537,278.264401,,,,https://map.17173.com/rocom/maps/shijie
17173-434199977984,宝箱,304,华丽宝箱,房子里华丽宝箱,445.936888,370.095129,,,,https://map.17173.com/rocom/maps/shijie
17173-398118809600,宝箱,171730104,地下宝箱,地下一层房子里普通宝箱,537.528448,428.312486,,,,https://map.17173.com/rocom/maps/shijie
17173-478039506944,宝箱,171730104,地下宝箱,地下,651.4282,286.80132,,,,https://map.17173.com/rocom/maps/shijie
17173-598514479104,宝箱,171730110,交互宝箱,木牌,-952.433385,-1066.614705,,,,https://map.17173.com/rocom/maps/shijie
17173-109517352960,宝箱,171730110,交互宝箱,木牌,-1095.823185,-1094.404975,,,,https://map.17173.com/rocom/maps/shijie
17173-271746756608,宝箱,301,普通宝箱,普通宝箱,964.232384,157.724645,,,,https://map.17173.com/rocom/maps/shijie
17173-811490856960,宝箱,171730105,精灵翻找宝箱,精灵翻找宝箱,941.259949,281.183263,,,,https://map.17173.com/rocom/maps/shijie
17173-547252695040,宝箱,301,普通宝箱,普通宝箱,-581.545038,-785.286375,,,,https://map.17173.com/rocom/maps/shijie
17173-534292799488,宝箱,301,普通宝箱,普通宝箱,-1322.21749,-1885.402004,,,,https://map.17173.com/rocom/maps/shijie
17173-792500899840,宝箱,171730110,交互宝箱,平台,-442.649492,-1905.907906,,,,https://map.17173.com/rocom/maps/shijie
17173-614937559040,宝箱,171730031,精灵的宝藏,精灵宝箱,-432.572902,704.910604,,,,https://map.17173.com/rocom/maps/shijie
17173-188413636608,宝箱,301,普通宝箱,宝箱,-405.7598,-517.317919,,,,https://map.17173.com/rocom/maps/shijie
17173-601718988800,宝箱,301,普通宝箱,宝箱,-1534.167819,-2815.035608,,,,https://map.17173.com/rocom/maps/shijie
17173-249872375808,宝箱,171730102,挖掘宝箱,挖掘,139.223032,1997.438393,,,,https://map.17173.com/rocom/maps/shijie
17173-201225736192,宝箱,301,普通宝箱,喜欢整洁的洛克,771.60879,2660.99693,,,,https://map.17173.com/rocom/maps/shijie
17173-739173605376,宝箱,304,华丽宝箱,华丽的宝箱,777.485858,2049.590593,,,,https://map.17173.com/rocom/maps/shijie
17173-415586897920,宝箱,171730103,露天宝箱,露天宝箱,-80.029275,992.157835,,,,https://map.17173.com/rocom/maps/shijie
17173-764080934912,宝箱,171730104,地下宝箱,地下宝箱,381.71295,858.728968,,,,https://map.17173.com/rocom/maps/shijie
17173-106933284864,宝箱,304,华丽宝箱,华丽宝箱,479.741797,293.711711,,,,https://map.17173.com/rocom/maps/shijie
17173-219676839936,宝箱,301,普通宝箱,宝箱,581.195386,234.483793,,,,https://map.17173.com/rocom/maps/shijie
17173-291268616192,宝箱,171730031,精灵的宝藏,精灵宝箱,-122.191021,-1168.935965,,,,https://map.17173.com/rocom/maps/shijie
17173-265509326848,宝箱,171730101,闪光点宝箱,闪光点宝箱,-948.622409,-109.581735,,,,https://map.17173.com/rocom/maps/shijie
17173-117410746368,宝箱,304,华丽宝箱,华丽宝箱,695.944959,-2085.767552,,,,https://map.17173.com/rocom/maps/shijie
17173-56921796608,宝箱,301,普通宝箱,船里,1036.832571,185.361148,,,,https://map.17173.com/rocom/maps/shijie
17173-19607556096,宝箱,171730031,精灵的宝藏,11,1004.274642,-13.209228,,,,https://map.17173.com/rocom/maps/shijie
17173-668505182208,宝箱,301,普通宝箱,宝箱,881.246289,324.942255,,,,https://map.17173.com/rocom/maps/shijie
17173-84045750272,宝箱,301,普通宝箱,普通宝箱,883.841402,560.924553,,,,https://map.17173.com/rocom/maps/shijie
17173-709335154688,宝箱,171730031,精灵的宝藏,2,911.026836,595.908052,,,,https://map.17173.com/rocom/maps/shijie
17173-178616086528,宝箱,171730031,精灵的宝藏,精灵宝箱,960.701761,2063.4526,,,,https://map.17173.com/rocom/maps/shijie
17173-255642161152,宝箱,171730102,挖掘宝箱,挖掘,-785.4305,1360.404494,,,,https://map.17173.com/rocom/maps/shijie
17173-846098702336,宝箱,171730102,挖掘宝箱,挖掘,-483.241368,1230.416963,,,,https://map.17173.com/rocom/maps/shijie
17173-23551315968,宝箱,171730102,挖掘宝箱,挖掘,-419.120665,1194.017326,,,,https://map.17173.com/rocom/maps/shijie
17173-179260829696,宝箱,301,普通宝箱,宝箱,-588.492033,1166.481678,,,,https://map.17173.com/rocom/maps/shijie
17173-427823276032,宝箱,304,华丽宝箱,华丽,72.891087,1616.315083,,,,https://map.17173.com/rocom/maps/shijie
17173-479042187264,宝箱,171730101,闪光点宝箱,普通宝箱-闪光点,406.582123,1703.492527,,,,https://map.17173.com/rocom/maps/shijie
17173-525581357056,宝箱,171730031,精灵的宝藏,精灵,476.588006,2107.238329,,,,https://map.17173.com/rocom/maps/shijie
17173-521630961664,宝箱,171730031,精灵的宝藏,宝藏,737.883167,1908.041146,,,,https://map.17173.com/rocom/maps/shijie
17173-286236131328,宝箱,171730102,挖掘宝箱,挖掘,837.084963,1815.920671,,,,https://map.17173.com/rocom/maps/shijie
17173-590994259968,宝箱,171730102,挖掘宝箱,挖掘,815.606751,1726.921942,,,,https://map.17173.com/rocom/maps/shijie
17173-904248705024,宝箱,301,普通宝箱,宝箱,-436.725478,942.269914,,,,https://map.17173.com/rocom/maps/shijie
17173-515940040704,宝箱,301,普通宝箱,宝箱,-868.295261,790.960643,,,,https://map.17173.com/rocom/maps/shijie
17173-26139373568,宝箱,301,普通宝箱,普通宝箱,-719.048867,682.186989,,,,https://map.17173.com/rocom/maps/shijie
17173-906195599360,宝箱,301,普通宝箱,宝箱,-1205.045179,473.035556,,,,https://map.17173.com/rocom/maps/shijie
17173-404371955712,宝箱,171730031,精灵的宝藏,精灵的宝藏,-813.284668,-157.795415,,,,https://map.17173.com/rocom/maps/shijie
17173-27847094272,宝箱,171730031,精灵的宝藏,宝箱,-221.33385,494.56442,,,,https://map.17173.com/rocom/maps/shijie
17173-663484375040,宝箱,171730031,精灵的宝藏,宝箱,-208.26504,-158.382709,,,,https://map.17173.com/rocom/maps/shijie
17173-396713922560,宝箱,301,普通宝箱,宝箱,-177.292387,-193.38572,,,,https://map.17173.com/rocom/maps/shijie
17173-863357972480,宝箱,171730031,精灵的宝藏,宝藏,-274.701269,-288.37773,,,,https://map.17173.com/rocom/maps/shijie
17173-459022835712,宝箱,171730031,精灵的宝藏,宝藏,533.353608,439.043339,,,,https://map.17173.com/rocom/maps/shijie
17173-499146133504,宝箱,301,普通宝箱,普通宝箱-2层木架,288.773268,119.139347,,,,https://map.17173.com/rocom/maps/shijie
17173-192790413312,宝箱,171730102,挖掘宝箱,普通宝箱-地上挖掘,88.737711,237.519596,,,,https://map.17173.com/rocom/maps/shijie
17173-756960149504,宝箱,171730102,挖掘宝箱,普通宝箱-地上挖掘,80.741494,378.021322,,,,https://map.17173.com/rocom/maps/shijie
17173-440200486912,宝箱,171730102,挖掘宝箱,普通宝箱-地上挖掘,-16.099148,44.878066,,,,https://map.17173.com/rocom/maps/shijie
17173-936756977664,宝箱,171730031,精灵的宝藏,宝藏,577.865382,639.576247,,,,https://map.17173.com/rocom/maps/shijie
17173-567533408256,宝箱,171730103,露天宝箱,露天宝箱,660.092276,324.884584,,,,https://map.17173.com/rocom/maps/shijie
17173-854075539456,宝箱,301,普通宝箱,屋顶上,649.32157,207.884699,,,,https://map.17173.com/rocom/maps/shijie
17173-770764079104,宝箱,301,普通宝箱,屋子里,672.300485,213.882696,,,,https://map.17173.com/rocom/maps/shijie
17173-546291990528,宝箱,301,普通宝箱,宝箱,26.237944,-359.733016,,,,https://map.17173.com/rocom/maps/shijie
17173-749922222080,宝箱,171730031,精灵的宝藏,宝藏,207.194709,-344.27842,,,,https://map.17173.com/rocom/maps/shijie
17173-563028230144,宝箱,171730031,精灵的宝藏,宝藏,273.636379,-432.784976,,,,https://map.17173.com/rocom/maps/shijie
17173-493825429504,宝箱,171730110,交互宝箱,木牌,-1068.147235,-760.817063,,,,https://map.17173.com/rocom/maps/shijie
17173-584639172608,宝箱,171730110,交互宝箱,木牌,-1098.315058,-1010.213118,,,,https://map.17173.com/rocom/maps/shijie
17173-605491621888,宝箱,301,普通宝箱,鸭吉吉币,-1033.874981,-1163.580168,,,,https://map.17173.com/rocom/maps/shijie
17173-74454851584,宝箱,301,普通宝箱,鸭吉吉币,-871.213921,-1132.195473,,,,https://map.17173.com/rocom/maps/shijie
17173-210112901120,宝箱,301,普通宝箱,普通宝箱,-870.054299,-1022.66212,,,,https://map.17173.com/rocom/maps/shijie
17173-964417949696,宝箱,301,普通宝箱,鸭吉吉币,-909.971885,-917.255803,,,,https://map.17173.com/rocom/maps/shijie
17173-649747001344,宝箱,301,普通宝箱,2个,-1816.236844,-2434.766564,,,,https://map.17173.com/rocom/maps/shijie
17173-706562379776,宝箱,301,普通宝箱,宝箱,-911.608336,-2200.599458,,,,https://map.17173.com/rocom/maps/shijie
17173-453213700096,宝箱,301,普通宝箱,宝箱,-1007.432379,-2133.547092,,,,https://map.17173.com/rocom/maps/shijie
17173-708033253376,宝箱,301,普通宝箱,宝箱,-749.410671,-2366.32444,,,,https://map.17173.com/rocom/maps/shijie
17173-154082033664,宝箱,301,普通宝箱,宝箱 ,-776.271285,-1953.706436,,,,https://map.17173.com/rocom/maps/shijie
17173-542905933824,宝箱,301,普通宝箱,宝箱,-501.564788,-2075.562693,,,,https://map.17173.com/rocom/maps/shijie
17173-229167239168,宝箱,301,普通宝箱,宝箱,-434.833302,-1314.041963,,,,https://map.17173.com/rocom/maps/shijie
17173-781467181056,宝箱,304,华丽宝箱,华丽宝箱,-87.510516,-1697.925394,,,,https://map.17173.com/rocom/maps/shijie
17173-446628667392,宝箱,171730108,NPC宝箱,NPC宝箱,980.118022,-1104.792585,,,,https://map.17173.com/rocom/maps/shijie
17173-510380974080,宝箱,301,普通宝箱,宝箱,-2056.030222,-1861.130138,,,,https://map.17173.com/rocom/maps/shijie
17173-961741312000,宝箱,171730101,闪光点宝箱,铠甲虫右边有个光点宝箱,915.729985,308.080179,,,,https://map.17173.com/rocom/maps/shijie
17173-809357864960,宝箱,301,普通宝箱,普通宝箱,-696.020861,-743.659312,,,,https://map.17173.com/rocom/maps/shijie
17173-903518359552,宝箱,301,普通宝箱,普通宝箱,-498.577146,-568.532281,,,,https://map.17173.com/rocom/maps/shijie
17173-715982442496,宝箱,301,普通宝箱,宝箱,-238.969943,-388.516094,,,,https://map.17173.com/rocom/maps/shijie
17173-954001641472,宝箱,301,普通宝箱,宝箱,-113.915765,-244.397959,,,,https://map.17173.com/rocom/maps/shijie
17173-323944878080,宝箱,301,普通宝箱,宝箱,-139.604531,-125.609358,,,,https://map.17173.com/rocom/maps/shijie
17173-401622315008,宝箱,301,普通宝箱,宝箱,110.280206,-377.808136,,,,https://map.17173.com/rocom/maps/shijie
17173-790603689984,宝箱,171730102,挖掘宝箱,挖掘,722.598798,364.050107,,,,https://map.17173.com/rocom/maps/shijie
17173-755453837312,宝箱,171730110,交互宝箱,最顶上的平台,587.760628,-190.677568,,,,https://map.17173.com/rocom/maps/shijie
17173-972731850752,宝箱,171730102,挖掘宝箱,挖掘,539.432367,610.18466,,,,https://map.17173.com/rocom/maps/shijie
17173-425786019840,宝箱,301,普通宝箱,普通宝箱,-848.449467,-1468.521623,,,,https://map.17173.com/rocom/maps/shijie
17173-778963206144,宝箱,171730106,翻找宝箱,翻找,-744.860504,956.85042,,,,https://map.17173.com/rocom/maps/shijie
17173-340087349248,宝箱,171730103,露天宝箱,露天,-705.751394,901.346536,,,,https://map.17173.com/rocom/maps/shijie
17173-708295446528,宝箱,171730102,挖掘宝箱,挖掘,-691.405052,833.891663,,,,https://map.17173.com/rocom/maps/shijie
17173-834342805504,宝箱,171730102,挖掘宝箱,挖掘,-625.279196,871.325176,,,,https://map.17173.com/rocom/maps/shijie
17173-153124921344,宝箱,171730031,精灵的宝藏,精灵,-732.870552,641.409359,,,,https://map.17173.com/rocom/maps/shijie
17173-905583587328,宝箱,171730106,翻找宝箱,翻找,-770.957556,774.2068,,,,https://map.17173.com/rocom/maps/shijie
17173-775494955008,宝箱,171730102,挖掘宝箱,挖掘,-760.482196,800.412966,,,,https://map.17173.com/rocom/maps/shijie
17173-186777890816,宝箱,171730102,挖掘宝箱,挖掘,-174.749987,864.22615,,,,https://map.17173.com/rocom/maps/shijie
17173-631263547392,宝箱,171730031,精灵的宝藏,精灵宝箱,124.217644,457.306735,,,,https://map.17173.com/rocom/maps/shijie
17173-547837927424,宝箱,301,普通宝箱,宝箱,-330.771817,5.033719,,,,https://map.17173.com/rocom/maps/shijie
17173-217654231040,宝箱,171730031,精灵的宝藏,精灵宝箱,-110.619808,67.662673,,,,https://map.17173.com/rocom/maps/shijie
17173-10631909376,宝箱,301,普通宝箱,宝箱,-79.150524,149.660462,,,,https://map.17173.com/rocom/maps/shijie
17173-446535016448,宝箱,171730104,地下宝箱,地下宝箱,370.622524,882.907056,,,,https://map.17173.com/rocom/maps/shijie
17173-389437517824,宝箱,301,普通宝箱,普通宝箱,384.227772,1079.605262,,,,https://map.17173.com/rocom/maps/shijie
17173-269397278720,宝箱,301,普通宝箱,棕色甜筒,466.738725,1238.028444,,,,https://map.17173.com/rocom/maps/shijie
17173-994035621888,宝箱,171730102,挖掘宝箱,挖掘,517.901297,1168.570323,,,,https://map.17173.com/rocom/maps/shijie
17173-875226877952,宝箱,171730102,挖掘宝箱,挖掘,667.57072,1121.003132,,,,https://map.17173.com/rocom/maps/shijie
17173-6770270208,宝箱,171730103,露天宝箱,露天宝箱,652.387672,1363.116167,,,,https://map.17173.com/rocom/maps/shijie
17173-659563356160,宝箱,171730102,挖掘宝箱,挖掘,548.57915,1571.990661,,,,https://map.17173.com/rocom/maps/shijie
17173-906808111104,宝箱,171730102,挖掘宝箱,挖掘,592.955809,1656.788479,,,,https://map.17173.com/rocom/maps/shijie
17173-935698677760,宝箱,171730104,地下宝箱,地下-普通宝箱,223.820259,1008.593953,,,,https://map.17173.com/rocom/maps/shijie
17173-460990377984,宝箱,171730102,挖掘宝箱,挖掘,726.108668,1905.687612,,,,https://map.17173.com/rocom/maps/shijie
17173-337154519040,宝箱,171730031,精灵的宝藏,精灵的宝藏,708.37051,1888.279871,,,,https://map.17173.com/rocom/maps/shijie
17173-383627210752,宝箱,314,毒系宝箱,毒系宝箱,688.094174,1902.43696,,,,https://map.17173.com/rocom/maps/shijie
17173-511322992640,宝箱,171730031,精灵的宝藏,精灵,671.905341,1823.782653,,,,https://map.17173.com/rocom/maps/shijie
17173-145021583360,宝箱,301,普通宝箱,普通宝箱,1733.717356,-1381.475563,,,,https://map.17173.com/rocom/maps/shijie
17173-311693299712,宝箱,171730101,闪光点宝箱,闪光点宝箱,1615.381124,-1517.898429,,,,https://map.17173.com/rocom/maps/shijie
17173-943658373120,宝箱,301,普通宝箱,宝箱,-245.330653,264.320316,,,,https://map.17173.com/rocom/maps/shijie
17173-784076435456,宝箱,171730103,露天宝箱,露天,-340.630861,374.294705,,,,https://map.17173.com/rocom/maps/shijie
17173-836907888640,宝箱,171730102,挖掘宝箱,挖掘,-357.116327,393.796314,,,,https://map.17173.com/rocom/maps/shijie
17173-557388439552,宝箱,171730031,精灵的宝藏,精灵宝藏,-172.616272,584.678048,,,,https://map.17173.com/rocom/maps/shijie
17173-732704477184,宝箱,171730031,精灵的宝藏,地下的精灵的宝藏,-10.455604,181.292958,,,,https://map.17173.com/rocom/maps/shijie
17173-179447451648,宝箱,171730104,地下宝箱,地下-精灵爱好者,-28.347157,153.843027,,,,https://map.17173.com/rocom/maps/shijie
17173-793244192768,宝箱,171730104,地下宝箱,地下宝箱,-37.113754,205.844183,,,,https://map.17173.com/rocom/maps/shijie
17173-254409220096,宝箱,171730031,精灵的宝藏,点下宝箱,37.991393,222.994094,,,,https://map.17173.com/rocom/maps/shijie
17173-660856643584,宝箱,171730102,挖掘宝箱,挖掘,21.316551,277.321998,,,,https://map.17173.com/rocom/maps/shijie
17173-696981225472,宝箱,301,普通宝箱,地洞下面,254.494364,292.599787,,,,https://map.17173.com/rocom/maps/shijie
17173-373396631552,宝箱,171730104,地下宝箱,地下宝箱,142.480556,410.07613,,,,https://map.17173.com/rocom/maps/shijie
17173-496301805568,宝箱,171730104,地下宝箱,地下宝箱,135.563399,363.196785,,,,https://map.17173.com/rocom/maps/shijie
17173-234646024192,宝箱,171730102,挖掘宝箱,挖掘,184.255502,420.394117,,,,https://map.17173.com/rocom/maps/shijie
17173-902140248064,宝箱,171730031,精灵的宝藏,精灵的宝藏,176.931989,458.576707,,,,https://map.17173.com/rocom/maps/shijie
17173-6628749312,宝箱,301,普通宝箱,普通宝箱,207.40232,535.074546,,,,https://map.17173.com/rocom/maps/shijie
17173-757310197760,宝箱,171730108,NPC宝箱,答题NPC 会在地图上随机出现,-1014.193938,-2566.292278,,,,https://map.17173.com/rocom/maps/shijie
17173-233718792192,宝箱,171730102,挖掘宝箱,挖宝箱,-884.198633,-2145.98432,,,,https://map.17173.com/rocom/maps/shijie
17173-586615820288,宝箱,301,普通宝箱,普通宝箱,-1770.674332,-1653.663759,,,,https://map.17173.com/rocom/maps/shijie
17173-627976617984,宝箱,171730102,挖掘宝箱,挖宝箱,-448.107078,-1702.126136,,,,https://map.17173.com/rocom/maps/shijie
17173-186596630528,宝箱,171730108,NPC宝箱,对话宝箱,-239.400741,-1850.148823,,,,https://map.17173.com/rocom/maps/shijie
17173-411604434944,宝箱,171730109,钓鱼宝箱,钓鱼宝箱,793.637792,-2043.259394,,,,https://map.17173.com/rocom/maps/shijie
17173-885924827136,宝箱,171730031,精灵的宝藏,沙滩上,1309.127437,-380.778586,,,,https://map.17173.com/rocom/maps/shijie
17173-951671308288,宝箱,304,华丽宝箱,地下-华丽宝箱,591.019519,128.862731,,,,https://map.17173.com/rocom/maps/shijie
17173-862394912768,宝箱,301,普通宝箱,架子上木桶旁边,768.366827,173.756066,,,,https://map.17173.com/rocom/maps/shijie
17173-442404282368,宝箱,301,普通宝箱,普通宝箱,494.667436,-10.048305,,,,https://map.17173.com/rocom/maps/shijie
17173-608301363200,宝箱,171730102,挖掘宝箱,挖掘,544.001581,230.151319,,,,https://map.17173.com/rocom/maps/shijie
17173-482115727360,宝箱,171730102,挖掘宝箱,挖掘,512.032042,176.65378,,,,https://map.17173.com/rocom/maps/shijie
17173-912878137344,宝箱,171730031,精灵的宝藏,精灵,352.219656,13.144406,,,,https://map.17173.com/rocom/maps/shijie
17173-282661863424,宝箱,301,普通宝箱,宝箱,222.405679,2259.998383,,,,https://map.17173.com/rocom/maps/shijie
17173-122480734208,宝箱,171730031,精灵的宝藏,精灵宝藏,476.35217,2005.259305,,,,https://map.17173.com/rocom/maps/shijie
17173-490403778560,宝箱,301,普通宝箱,宝箱,516.481428,1982.14891,,,,https://map.17173.com/rocom/maps/shijie
17173-939163365376,宝箱,301,普通宝箱,普通宝箱,387.976563,1928.032708,,,,https://map.17173.com/rocom/maps/shijie
17173-1186758656,宝箱,304,华丽宝箱,地下-华丽宝箱,461.708148,1714.546111,,,,https://map.17173.com/rocom/maps/shijie
17173-828497985536,宝箱,171730102,挖掘宝箱,挖掘,471.414731,1668.661605,,,,https://map.17173.com/rocom/maps/shijie
17173-980284010496,宝箱,301,普通宝箱,普通宝箱,427.491122,1534.54474,,,,https://map.17173.com/rocom/maps/shijie
17173-384820965376,宝箱,301,普通宝箱,普通宝箱,255.76634,1741.232973,,,,https://map.17173.com/rocom/maps/shijie
17173-442491695104,宝箱,171730031,精灵的宝藏,精灵,-13.804772,1541.767403,,,,https://map.17173.com/rocom/maps/shijie
17173-846589075456,宝箱,304,华丽宝箱,桥底下华丽,-206.414335,1550.206768,,,,https://map.17173.com/rocom/maps/shijie
17173-774517313536,宝箱,301,普通宝箱,宝箱,-724.776408,1923.336873,,,,https://map.17173.com/rocom/maps/shijie
17173-779928768512,宝箱,171730103,露天宝箱,露天普通箱子（二楼）,-607.466339,1974.946853,,,,https://map.17173.com/rocom/maps/shijie
17173-752149008384,宝箱,304,华丽宝箱,华丽宝箱-挖掘,604.505868,1374.850241,,,,https://map.17173.com/rocom/maps/shijie
17173-164023099392,宝箱,301,普通宝箱,宝箱,86.726061,886.49968,,,,https://map.17173.com/rocom/maps/shijie
17173-270918307840,宝箱,304,华丽宝箱,华丽,-295.640176,1213.395972,,,,https://map.17173.com/rocom/maps/shijie
17173-882410082304,宝箱,301,普通宝箱,普通,-298.639474,1072.369581,,,,https://map.17173.com/rocom/maps/shijie
17173-252995518464,宝箱,301,普通宝箱,普通,-511.232151,1250.30412,,,,https://map.17173.com/rocom/maps/shijie
17173-926600601600,宝箱,171730031,精灵的宝藏,翻找物,-765.645378,893.686545,,,,https://map.17173.com/rocom/maps/shijie
17173-85791350784,宝箱,304,华丽宝箱,华丽宝箱,-779.133774,921.187945,,,,https://map.17173.com/rocom/maps/shijie
17173-761483563008,宝箱,301,普通宝箱,宝箱,-628.886016,596.459708,,,,https://map.17173.com/rocom/maps/shijie
17173-912072142848,宝箱,171730031,精灵的宝藏,草垛精灵宝箱,-535.106085,618.112977,,,,https://map.17173.com/rocom/maps/shijie
17173-318488469504,宝箱,301,普通宝箱,普通宝箱,-745.883897,611.410299,,,,https://map.17173.com/rocom/maps/shijie
17173-944336547840,宝箱,301,普通宝箱,普通宝箱,-824.316475,773.418454,,,,https://map.17173.com/rocom/maps/shijie
17173-50082951168,宝箱,171730031,精灵的宝藏,精灵宝藏,-254.43977,739.4137,,,,https://map.17173.com/rocom/maps/shijie
17173-346082406400,宝箱,171730110,交互宝箱,石碑,-127.879705,672.705343,,,,https://map.17173.com/rocom/maps/shijie
17173-331678593024,宝箱,320,恶系宝箱,精灵研究院晕晕鸡进化3个恶系,43.913955,565.682308,,,,https://map.17173.com/rocom/maps/shijie
17173-551778889728,宝箱,171730102,挖掘宝箱,挖掘,42.044953,473.905183,,,,https://map.17173.com/rocom/maps/shijie
17173-653247492096,宝箱,171730102,挖掘宝箱,挖掘,-12.222695,486.396723,,,,https://map.17173.com/rocom/maps/shijie
17173-441109487616,宝箱,304,华丽宝箱,华丽宝箱,15.422727,384.316666,,,,https://map.17173.com/rocom/maps/shijie
17173-534883393536,宝箱,171730103,露天宝箱,露天宝箱,-1483.014936,-302.198394,,,,https://map.17173.com/rocom/maps/shijie
17173-785650675712,宝箱,171730103,露天宝箱,露天宝箱,-1452.732508,-101.536093,,,,https://map.17173.com/rocom/maps/shijie
17173-562271698944,宝箱,306,草系宝箱,草系,-1284.78454,441.184382,,,,https://map.17173.com/rocom/maps/shijie
17173-375656062976,宝箱,171730101,闪光点宝箱,闪光点宝箱,-1315.881905,137.922993,,,,https://map.17173.com/rocom/maps/shijie
17173-381912219648,宝箱,171730101,闪光点宝箱,闪光点宝箱,-1203.163863,157.557268,,,,https://map.17173.com/rocom/maps/shijie
17173-912132943872,宝箱,171730101,闪光点宝箱,闪光点宝箱,-1184.019292,89.228305,,,,https://map.17173.com/rocom/maps/shijie
17173-684898889728,宝箱,304,华丽宝箱,挖掘华丽宝箱,-1141.482927,89.553598,,,,https://map.17173.com/rocom/maps/shijie
17173-301165772800,宝箱,171730101,闪光点宝箱,闪光点宝箱,-1113.792963,2.424101,,,,https://map.17173.com/rocom/maps/shijie
17173-436441976832,宝箱,171730101,闪光点宝箱,闪光点宝箱,-1085.787324,55.170825,,,,https://map.17173.com/rocom/maps/shijie
17173-23234834432,宝箱,171730101,闪光点宝箱,闪光点宝箱,-1052.941692,84.883865,,,,https://map.17173.com/rocom/maps/shijie
17173-905446195200,宝箱,171730101,闪光点宝箱,闪光点挖掘,-1025.466189,63.381263,,,,https://map.17173.com/rocom/maps/shijie
17173-763116683264,宝箱,171730101,闪光点宝箱,闪光点宝箱,-1034.956209,9.881722,,,,https://map.17173.com/rocom/maps/shijie
17173-177192558592,宝箱,171730101,闪光点宝箱,闪光点宝箱,-1060.148984,-307.232719,,,,https://map.17173.com/rocom/maps/shijie
17173-600453459968,宝箱,301,普通宝箱,普通宝箱,-1324.467604,-219.886129,,,,https://map.17173.com/rocom/maps/shijie
17173-803047137280,宝箱,171730101,闪光点宝箱,闪光点宝箱,-1304.914758,-151.754703,,,,https://map.17173.com/rocom/maps/shijie
17173-865908924416,宝箱,171730101,闪光点宝箱,闪光点宝箱,-1272.801723,-255.163558,,,,https://map.17173.com/rocom/maps/shijie
17173-188221947904,宝箱,171730031,精灵的宝藏,精灵的宝藏,-1139.218578,-552.693617,,,,https://map.17173.com/rocom/maps/shijie
17173-328050995200,宝箱,171730101,闪光点宝箱,闪光点宝箱,-917.074828,-143.056901,,,,https://map.17173.com/rocom/maps/shijie
17173-334372864000,宝箱,171730101,闪光点宝箱,闪光点宝箱,-698.227031,-238.812856,,,,https://map.17173.com/rocom/maps/shijie
17173-203956760576,宝箱,301,普通宝箱,箱子,-819.133206,7.542801,,,,https://map.17173.com/rocom/maps/shijie
17173-417811529728,宝箱,171730101,闪光点宝箱,闪光点宝箱,-853.635146,-42.061822,,,,https://map.17173.com/rocom/maps/shijie
17173-322764709888,宝箱,171730102,挖掘宝箱,挖掘,-942.288228,247.875365,,,,https://map.17173.com/rocom/maps/shijie
17173-241848197120,宝箱,171730102,挖掘宝箱,挖掘,-905.762879,264.933126,,,,https://map.17173.com/rocom/maps/shijie
17173-315065016320,宝箱,171730102,挖掘宝箱,挖掘,-838.067054,207.838636,,,,https://map.17173.com/rocom/maps/shijie
17173-943520985088,宝箱,171730102,挖掘宝箱,挖掘,-796.607632,320.335756,,,,https://map.17173.com/rocom/maps/shijie
17173-848967086080,宝箱,171730102,挖掘宝箱,挖掘,-715.524385,381.536407,,,,https://map.17173.com/rocom/maps/shijie
17173-882881024000,宝箱,171730101,闪光点宝箱,闪光,-582.756742,276.715895,,,,https://map.17173.com/rocom/maps/shijie
17173-954831798272,宝箱,301,普通宝箱,挖,-630.76326,-1.052381,,,,https://map.17173.com/rocom/maps/shijie
17173-642888962048,宝箱,301,普通宝箱,宝箱,-574.092682,47.472959,,,,https://map.17173.com/rocom/maps/shijie
17173-918238310400,宝箱,171730102,挖掘宝箱,挖掘,-527.312966,-50.82353,,,,https://map.17173.com/rocom/maps/shijie
17173-587488428032,宝箱,171730102,挖掘宝箱,挖掘,-563.921646,-354.416266,,,,https://map.17173.com/rocom/maps/shijie
17173-515988983808,宝箱,171730031,精灵的宝藏,精灵宝箱,-435.274243,-490.603214,,,,https://map.17173.com/rocom/maps/shijie
17173-938618781696,宝箱,171730102,挖掘宝箱,挖掘,-475.998886,-469.424927,,,,https://map.17173.com/rocom/maps/shijie
17173-367931961344,宝箱,171730101,闪光点宝箱,闪光点宝箱,-386.98446,-227.42151,,,,https://map.17173.com/rocom/maps/shijie
17173-813012160512,宝箱,171730101,闪光点宝箱,闪光点宝箱,-208.338057,-127.469148,,,,https://map.17173.com/rocom/maps/shijie
17173-272398614528,宝箱,171730031,精灵的宝藏,精灵,-181.765162,109.856156,,,,https://map.17173.com/rocom/maps/shijie
17173-516911874048,宝箱,171730101,闪光点宝箱,闪光点宝箱,-120.420005,-287.582265,,,,https://map.17173.com/rocom/maps/shijie
17173-663043158016,宝箱,301,普通宝箱,独眼幽灵,-154.742797,-265.815156,,,,https://map.17173.com/rocom/maps/shijie
17173-824860102656,宝箱,171730101,闪光点宝箱,闪光点宝箱,-94.444644,-248.584297,,,,https://map.17173.com/rocom/maps/shijie
17173-126235856896,宝箱,171730101,闪光点宝箱,闪光点宝箱,-92.443538,-366.085323,,,,https://map.17173.com/rocom/maps/shijie
17173-654432014336,宝箱,171730031,精灵的宝藏,精灵宝箱,29.242684,-533.084597,,,,https://map.17173.com/rocom/maps/shijie
17173-367365459968,宝箱,301,普通宝箱,棚子里宝箱,116.137868,-507.592153,,,,https://map.17173.com/rocom/maps/shijie
17173-457360347136,宝箱,171730103,露天宝箱,露天宝箱,145.244875,-343.068613,,,,https://map.17173.com/rocom/maps/shijie
17173-862003847168,宝箱,171730031,精灵的宝藏,精灵宝藏,291.481256,-269.62621,,,,https://map.17173.com/rocom/maps/shijie
17173-717141368832,宝箱,171730106,翻找宝箱,翻找,450.133347,42.320342,,,,https://map.17173.com/rocom/maps/shijie
17173-419401637888,宝箱,301,普通宝箱,宝箱,-158.017272,572.14804,,,,https://map.17173.com/rocom/maps/shijie
17173-581796474880,宝箱,171730106,翻找宝箱,翻找,-1019.658783,548.891618,,,,https://map.17173.com/rocom/maps/shijie
17173-693339660288,宝箱,301,普通宝箱,宝箱,-993.184375,607.889686,,,,https://map.17173.com/rocom/maps/shijie
17173-85273001984,宝箱,171730101,闪光点宝箱,发光,-1027.570917,384.959812,,,,https://map.17173.com/rocom/maps/shijie
17173-196467081216,宝箱,171730101,闪光点宝箱,闪光点普通宝箱,95.611979,2460.319029,,,,https://map.17173.com/rocom/maps/shijie
17173-300075524096,宝箱,304,华丽宝箱,华丽宝箱（NPC对话-我是在夜晚对话的）,5.832859,-890.692124,,,,https://map.17173.com/rocom/maps/shijie
17173-958565560320,宝箱,301,普通宝箱,树下,173.516476,-422.88275,,,,https://map.17173.com/rocom/maps/shijie
17173-689307545600,宝箱,301,普通宝箱,悬崖上,593.813203,370.011426,,,,https://map.17173.com/rocom/maps/shijie
17173-455810539520,宝箱,171730101,闪光点宝箱,闪光点普通宝箱,943.441566,535.905085,,,,https://map.17173.com/rocom/maps/shijie
17173-501305503744,宝箱,171730031,精灵的宝藏,精灵的宝藏,-247.009385,1517.638184,,,,https://map.17173.com/rocom/maps/shijie
17173-109385408512,宝箱,171730105,精灵翻找宝箱,精灵挖掘宝箱,359.153246,1985.07568,,,,https://map.17173.com/rocom/maps/shijie
17173-704358686720,宝箱,171730101,闪光点宝箱,闪光点普通宝箱,403.300369,2083.910591,,,,https://map.17173.com/rocom/maps/shijie
17173-481757020160,宝箱,301,普通宝箱,普通宝箱,-288.464442,930.580459,,,,https://map.17173.com/rocom/maps/shijie
17173-289148116992,宝箱,171730101,闪光点宝箱,闪光点普通宝箱,-480.341899,1129.116768,,,,https://map.17173.com/rocom/maps/shijie
17173-964503465984,宝箱,171730102,挖掘宝箱,挖宝箱,-874.871442,426.428699,,,,https://map.17173.com/rocom/maps/shijie
17173-505028505600,宝箱,171730101,闪光点宝箱,闪光点普通宝箱,-746.981532,427.35971,,,,https://map.17173.com/rocom/maps/shijie
17173-917055160320,宝箱,304,华丽宝箱,闪光点华丽宝箱,-587.081063,346.97048,,,,https://map.17173.com/rocom/maps/shijie
17173-186067136512,宝箱,171730101,闪光点宝箱,桥下闪光点普通宝箱,-255.882606,634.710519,,,,https://map.17173.com/rocom/maps/shijie
17173-53581520896,宝箱,171730101,闪光点宝箱,闪光点宝箱,-186.632566,640.865577,,,,https://map.17173.com/rocom/maps/shijie
17173-465618440192,宝箱,301,普通宝箱,普通宝箱,-1405.458563,126.064302,,,,https://map.17173.com/rocom/maps/shijie
17173-305733472256,宝箱,301,普通宝箱,普通宝箱,-1467.257114,97.670523,,,,https://map.17173.com/rocom/maps/shijie
17173-71271292928,宝箱,304,华丽宝箱,华丽的宝箱,-31.957103,1664.340838,,,,https://map.17173.com/rocom/maps/shijie
17173-858569924608,宝箱,301,普通宝箱,普通的宝箱,2.745757,1037.772939,,,,https://map.17173.com/rocom/maps/shijie
17173-598482042880,宝箱,301,普通宝箱,精灵爱好者宝箱,-1097.589307,114.541552,,,,https://map.17173.com/rocom/maps/shijie
17173-285120655360,宝箱,171730031,精灵的宝藏,精灵的宝藏（旁边那个点好像重了）,56.19601,-586.399361,,,,https://map.17173.com/rocom/maps/shijie
17173-156850151424,宝箱,171730107,观察宝箱,观察宝箱,482.798788,-442.799564,,,,https://map.17173.com/rocom/maps/shijie
17173-742757732352,宝箱,304,华丽宝箱,挖掘华丽宝箱,-814.543149,1394.329383,,,,https://map.17173.com/rocom/maps/shijie
17173-582806827008,宝箱,171730101,闪光点宝箱,闪光点宝箱,-1048.871491,-91.44643,,,,https://map.17173.com/rocom/maps/shijie
17173-272679989248,宝箱,301,普通宝箱,普通宝箱,-998.232,-152.130286,,,,https://map.17173.com/rocom/maps/shijie
17173-758661599232,宝箱,301,普通宝箱,精灵爱好者宝箱,-727.791218,-76.628113,,,,https://map.17173.com/rocom/maps/shijie
17173-587804061696,宝箱,301,普通宝箱,普通宝箱,-694.645378,-155.85586,,,,https://map.17173.com/rocom/maps/shijie
17173-632540434432,宝箱,171730031,精灵的宝藏,精灵的宝藏,-584.856037,-138.381122,,,,https://map.17173.com/rocom/maps/shijie
17173-439804542976,宝箱,171730102,挖掘宝箱,挖掘宝箱,-605.45526,-31.541878,,,,https://map.17173.com/rocom/maps/shijie
17173-177535823872,宝箱,171730101,闪光点宝箱,闪光点宝箱,-1549.644594,-136.792229,,,,https://map.17173.com/rocom/maps/shijie
17173-29036490752,宝箱,171730101,闪光点宝箱,闪光点宝箱,-1600.650776,-142.170739,,,,https://map.17173.com/rocom/maps/shijie
17173-345162194944,宝箱,171730031,精灵的宝藏,精灵宝箱,-1232.993515,103.373717,,,,https://map.17173.com/rocom/maps/shijie
17173-951498518528,宝箱,171730101,闪光点宝箱,闪光点宝箱,-1283.153436,-348.258546,,,,https://map.17173.com/rocom/maps/shijie
17173-341159514112,宝箱,171730031,精灵的宝藏,精灵宝箱,-1215.418163,-90.965457,,,,https://map.17173.com/rocom/maps/shijie
17173-107557167104,宝箱,171730101,闪光点宝箱,闪光点宝箱,-1180.627385,237.975402,,,,https://map.17173.com/rocom/maps/shijie
17173-46443728896,宝箱,171730101,闪光点宝箱,闪光点宝箱,-1329.664325,342.692463,,,,https://map.17173.com/rocom/maps/shijie
17173-697733488640,宝箱,320,恶系宝箱,恶系宝箱,-1293.727242,338.129894,,,,https://map.17173.com/rocom/maps/shijie
17173-291966889984,宝箱,171730031,精灵的宝藏,宝藏,-890.616602,407.012449,,,,https://map.17173.com/rocom/maps/shijie
17173-2604511232,宝箱,171730103,露天宝箱,地下的露天普通宝箱,92.614716,259.712046,,,,https://map.17173.com/rocom/maps/shijie
17173-764976443392,宝箱,301,普通宝箱,噩梦圣杯,-47.413578,240.929897,,,,https://map.17173.com/rocom/maps/shijie
17173-495014977536,宝箱,171730101,闪光点宝箱,闪光点宝箱,-252.586216,362.686818,,,,https://map.17173.com/rocom/maps/shijie
17173-152664469504,宝箱,171730031,精灵的宝藏,宝箱,-240.013819,1404.068369,,,,https://map.17173.com/rocom/maps/shijie
17173-567201017856,宝箱,171730106,翻找宝箱,翻找普通宝箱,-114.667562,-399.729885,,,,https://map.17173.com/rocom/maps/shijie
17173-311644119040,宝箱,171730105,精灵翻找宝箱,精灵翻找宝箱,-14.725602,-325.392114,,,,https://map.17173.com/rocom/maps/shijie
17173-238841171968,宝箱,171730103,露天宝箱,普通露天宝箱,-1330.953326,386.0642,,,,https://map.17173.com/rocom/maps/shijie
17173-531905445888,宝箱,301,普通宝箱,普通宝箱,-1308.974759,442.56265,,,,https://map.17173.com/rocom/maps/shijie
17173-127842750464,宝箱,171730031,精灵的宝藏,精灵的宝藏,-390.797005,-432.957459,,,,https://map.17173.com/rocom/maps/shijie
17173-916959653888,宝箱,171730102,挖掘宝箱,地上挖掘宝箱,83.983417,201.623416,,,,https://map.17173.com/rocom/maps/shijie
17173-340943921152,宝箱,171730101,闪光点宝箱,闪光点宝箱,593.611096,374.008214,,,,https://map.17173.com/rocom/maps/shijie
17173-121709232128,宝箱,301,普通宝箱,噩梦圣杯,167.858811,1220.603414,,,,https://map.17173.com/rocom/maps/shijie
17173-468347252736,宝箱,301,普通宝箱,普通宝箱,334.799853,1509.170752,,,,https://map.17173.com/rocom/maps/shijie
17173-862612267008,宝箱,301,普通宝箱,普通宝箱,224.50976,1614.899241,,,,https://map.17173.com/rocom/maps/shijie
17173-792266874880,宝箱,171730101,闪光点宝箱,闪光宝箱,426.30928,1257.943801,,,,https://map.17173.com/rocom/maps/shijie
17173-187534172160,宝箱,301,普通宝箱,普通宝箱,253.016127,2331.559473,,,,https://map.17173.com/rocom/maps/shijie
17173-135519645696,宝箱,171730031,精灵的宝藏,精灵的宝藏,561.38219,2064.692813,,,,https://map.17173.com/rocom/maps/shijie
17173-250132443136,宝箱,301,普通宝箱,普通宝箱,718.605999,1728.568629,,,,https://map.17173.com/rocom/maps/shijie
17173-409738158080,宝箱,301,普通宝箱,普通宝箱,699.013097,1726.515742,,,,https://map.17173.com/rocom/maps/shijie
17173-175121420288,宝箱,171730104,地下宝箱,地下宝箱 - 精灵爱好者,306.142044,1719.113293,,,,https://map.17173.com/rocom/maps/shijie
17173-916733259776,宝箱,171730103,露天宝箱,露天宝箱（普通）,-76.29751,866.472268,,,,https://map.17173.com/rocom/maps/shijie
17173-216341999616,宝箱,304,华丽宝箱,塔顶的华丽宝箱（小任务）,940.171945,-1533.527752,,,,https://map.17173.com/rocom/maps/shijie
17173-427606437888,宝箱,317,翼系宝箱,翼系宝箱,56.360062,-1656.808612,,,,https://map.17173.com/rocom/maps/shijie
17173-990700683264,精灵分布,17310030014,地系,石肤蜥家族,301.744783,-758.854543,,,,https://map.17173.com/rocom/maps/shijie
17173-553128595456,精灵分布,17310030011,幽系,梦游家族/小灵菇家族,259.483479,-1130.816548,,,,https://map.17173.com/rocom/maps/shijie
17173-942651400192,精灵分布,17310030014,地系,石肤蜥家族,224.254145,-1125.497024,,,,https://map.17173.com/rocom/maps/shijie
17173-273595469824,精灵分布,17310030012,电系,小星光/电咩咩家族,210.032798,-1287.768175,,,,https://map.17173.com/rocom/maps/shijie
17173-132505681920,精灵分布,17310030012,电系,电咩咩家族/小星光家族/石肤蜥家族,690.953239,-832.98934,,,,https://map.17173.com/rocom/maps/shijie
17173-679278931968,精灵分布,17310030007,火系,治愈兔家族,455.326078,-1296.246606,,,,https://map.17173.com/rocom/maps/shijie
17173-442069405696,精灵分布,17310030011,幽系,小灵菇家族,420.26149,-1549.016362,,,,https://map.17173.com/rocom/maps/shijie
17173-931514658816,精灵分布,17310030005,草系,伊贝儿家族,355.136788,-1749.727765,,,,https://map.17173.com/rocom/maps/shijie
17173-698327031808,精灵分布,17310030005,草系,蹦蹦种子家族,529.39786,-1614.847143,,,,https://map.17173.com/rocom/maps/shijie
17173-736972435456,精灵分布,17310030007,火系,护主犬家族/绿耳松鼠家族,810.649392,-1734.711643,,,,https://map.17173.com/rocom/maps/shijie
17173-629894762496,精灵分布,17310030009,水系,小鼠獭家族,1042.280008,-1472.190323,,,,https://map.17173.com/rocom/maps/shijie
17173-341526872064,精灵分布,17310030005,草系,丢丢&卡卡虫,1081.46238,-1477.701429,,,,https://map.17173.com/rocom/maps/shijie
17173-119941791744,精灵分布,17310030007,火系,治愈兔&红丝绒,1084.532858,-1481.543205,,,,https://map.17173.com/rocom/maps/shijie
17173-145495695360,精灵分布,17310030007,火系,小灵面家族,1027.933218,-1373.141675,,,,https://map.17173.com/rocom/maps/shijie
17173-870860615680,精灵分布,17310030007,火系,护主犬&音速犬,1154.388052,-1642.124223,,,,https://map.17173.com/rocom/maps/shijie
17173-978772332544,精灵分布,17310030014,地系,矿晶虫,1179.71905,-1655.955888,,,,https://map.17173.com/rocom/maps/shijie
17173-218174820352,精灵分布,17310030014,地系,矿晶虫,1036.176557,-1570.661752,,,,https://map.17173.com/rocom/maps/shijie
17173-49435914240,精灵分布,17310030021,普通系,白发懒人,826.170828,-1944.056812,,,,https://map.17173.com/rocom/maps/shijie
17173-653617680384,精灵分布,17310030009,水系,双灯鱼家族,1110.469914,-1699.201855,,,,https://map.17173.com/rocom/maps/shijie
17173-966200807424,精灵分布,17310030022,机械系,齿轮小子,1415.261179,790.674702,,,,https://map.17173.com/rocom/maps/shijie
17173-865053929472,精灵分布,17310030009,水系,海盔虫家族,867.630547,-1996.592064,,,,https://map.17173.com/rocom/maps/shijie
17173-428596420608,精灵分布,17310030005,草系,伊贝儿家族,1017.537202,-2079.62562,,,,https://map.17173.com/rocom/maps/shijie
17173-475773726720,精灵分布,17310030012,电系,电咩咩家族/丢丢家族,326.923019,-2036.662037,,,,https://map.17173.com/rocom/maps/shijie
17173-228391247872,精灵分布,17310030011,幽系,小灵菇家族,331.046112,-2219.88186,,,,https://map.17173.com/rocom/maps/shijie
17173-557506801664,精灵分布,17310030010,翼系,冬羽雀家族,-66.939444,-2231.078329,,,,https://map.17173.com/rocom/maps/shijie
17173-435706638336,精灵分布,17310030021,普通系,鸭吉吉家族,-107.524806,-2367.147332,,,,https://map.17173.com/rocom/maps/shijie
17173-475438620672,精灵分布,17310030021,普通系,绿耳松鼠家族,-20.241093,-2441.383932,,,,https://map.17173.com/rocom/maps/shijie
17173-591569403904,精灵分布,17310030009,水系,板板壳,-85.774761,-2319.82561,,,,https://map.17173.com/rocom/maps/shijie
17173-427779379200,精灵分布,17310030018,恶系,恶魔叮家族,-435.587411,-2330.968353,,,,https://map.17173.com/rocom/maps/shijie
17173-86292832256,精灵分布,17310030021,普通系,绿耳松鼠家族,-701.503769,-2207.574185,,,,https://map.17173.com/rocom/maps/shijie
17173-500800221184,精灵分布,17310030008,虫系,一窝蜂家族,-997.110114,-2208.307442,,,,https://map.17173.com/rocom/maps/shijie
17173-71062863872,精灵分布,17310030021,普通系,旋叶虫家族,-1082.507514,-2722.72047,,,,https://map.17173.com/rocom/maps/shijie
17173-639193923584,精灵分布,17310030013,光系,小独角兽家族,-920.365345,-2827.820709,,,,https://map.17173.com/rocom/maps/shijie
17173-706660192256,精灵分布,17310030011,幽系,锥尾羊家族,-935.077977,-2301.684957,,,,https://map.17173.com/rocom/maps/shijie
17173-13666009088,精灵分布,17310030013,光系,小独角兽家族,-1169.701946,-2567.504918,,,,https://map.17173.com/rocom/maps/shijie
17173-342187732992,精灵分布,17310030014,地系,石肤蜥家族,-642.991921,-2644.311219,,,,https://map.17173.com/rocom/maps/shijie
17173-31189835776,精灵分布,17310030010,翼系,冬羽雀家族,-928.797976,-2155.553566,,,,https://map.17173.com/rocom/maps/shijie
17173-404196323328,精灵分布,17310030010,翼系,小狮鹫,-89.676879,2092.713159,,,,https://map.17173.com/rocom/maps/shijie
17173-364432773120,精灵分布,17310030020,冰系,雪娃娃家族,-1307.968233,-2591.186812,,,,https://map.17173.com/rocom/maps/shijie
17173-114431283200,精灵分布,17310030020,冰系,丢丢家族,-1367.370069,-2753.966672,,,,https://map.17173.com/rocom/maps/shijie
17173-85395218432,精灵分布,17310030012,电系,爵士鹿,11.98338,2545.706746,,,,https://map.17173.com/rocom/maps/shijie
17173-234786672640,精灵分布,17310030009,水系,板板壳家族,-1755.05367,-2392.325606,,,,https://map.17173.com/rocom/maps/shijie
17173-135115223040,精灵分布,17310030022,机械系,权杖-Ⅱ家族,-1871.845341,-2637.538406,,,,https://map.17173.com/rocom/maps/shijie
17173-442818416640,精灵分布,17310030020,冰系,雪豆丁家族,-1676.618255,-2767.522333,,,,https://map.17173.com/rocom/maps/shijie
17173-790167715840,精灵分布,17310030014,地系,地鼠家族,-1613.074637,-2377.921318,,,,https://map.17173.com/rocom/maps/shijie
17173-295769866240,精灵分布,17310030020,冰系,呼呼猪家族,-1754.40597,-1955.053646,,,,https://map.17173.com/rocom/maps/shijie
17173-21984239616,精灵分布,17310030014,地系,罗隐,-1626.808892,-1952.717444,,,,https://map.17173.com/rocom/maps/shijie
17173-686523809792,精灵分布,17310030020,冰系,雪娃娃家族,-1646.292698,-1890.215258,,,,https://map.17173.com/rocom/maps/shijie
17173-497762689024,精灵分布,17310030020,冰系,雪豆丁家族,-1560.419969,-2195.893079,,,,https://map.17173.com/rocom/maps/shijie
17173-266404880384,精灵分布,17310030020,冰系,雪娃娃家族,-1551.927619,-2199.393861,,,,https://map.17173.com/rocom/maps/shijie
17173-658872299520,精灵分布,17310030014,地系,布是石家族,-1485.925791,-2002.59258,,,,https://map.17173.com/rocom/maps/shijie
17173-333526290432,精灵分布,17310030020,冰系,呼呼猪家族,-1790.947157,-1575.328344,,,,https://map.17173.com/rocom/maps/shijie
17173-211584622592,精灵分布,17310030014,地系,布是石家族,-1833.243858,-1366.474868,,,,https://map.17173.com/rocom/maps/shijie
17173-131676073984,精灵分布,17310030020,冰系,雪娃娃家族,-1891.087602,-1438.801031,,,,https://map.17173.com/rocom/maps/shijie
17173-608354652160,精灵分布,17310030011,幽系,锥尾羊家族,-721.662623,-1873.464145,,,,https://map.17173.com/rocom/maps/shijie
17173-785853538304,精灵分布,17310030018,恶系,恶魔叮家族,-671.708821,-1845.968396,,,,https://map.17173.com/rocom/maps/shijie
17173-317010042880,精灵分布,17310030009,水系,风铃鲨家族,-680.244012,-1926.435929,,,,https://map.17173.com/rocom/maps/shijie
17173-123643441152,精灵分布,17310030014,地系,地鼠,-461.17208,-1623.173487,,,,https://map.17173.com/rocom/maps/shijie
17173-917673226240,精灵分布,17310030012,电系,小星光家族/绿翼鸟家族,-386.815915,-1410.327861,,,,https://map.17173.com/rocom/maps/shijie
17173-162711379968,精灵分布,17310030022,机械系,帕帕斯卡,1260.044616,-480.128741,,,,https://map.17173.com/rocom/maps/shijie
17173-226718887936,精灵分布,17310030009,水系,卷胡巨獭,1115.194086,-673.421056,,,,https://map.17173.com/rocom/maps/shijie
17173-498975354880,精灵分布,17310030011,幽系,小灵面,1083.271348,-684.532067,,,,https://map.17173.com/rocom/maps/shijie
17173-889576673280,精灵分布,17310030009,水系,刺盔虫（磨损的样子）,1145.966228,-601.286739,,,,https://map.17173.com/rocom/maps/shijie
17173-176775983104,精灵分布,17310030010,翼系,鄙目鹬家族,1319.385171,-579.115329,,,,https://map.17173.com/rocom/maps/shijie
17173-194276745216,精灵分布,17310030014,地系,矿晶虫家族,1350.100618,-659.075262,,,,https://map.17173.com/rocom/maps/shijie
17173-332198785024,精灵分布,17310030022,机械系,帕帕斯卡,1062.334979,-53.58287,,,,https://map.17173.com/rocom/maps/shijie
17173-11489853440,精灵分布,17310030009,水系,燕尾獭家族,1059.89573,-157.627092,,,,https://map.17173.com/rocom/maps/shijie
17173-689147740160,精灵分布,17310030009,水系,海枝枝,1324.07059,86.611702,,,,https://map.17173.com/rocom/maps/shijie
17173-683278278656,精灵分布,17310030014,地系,嗜波螺家族,1104.906535,26.213907,,,,https://map.17173.com/rocom/maps/shijie
17173-512506318848,精灵分布,17310030011,幽系,锥尾羊家族,-1332.497148,-1087.790047,,,,https://map.17173.com/rocom/maps/shijie
17173-108588523520,精灵分布,17310030021,普通系,鸭吉吉家族,-1222.353352,-921.907934,,,,https://map.17173.com/rocom/maps/shijie
17173-414252384256,精灵分布,17310030009,水系,板板壳家族,-1737.114849,-1352.342899,,,,https://map.17173.com/rocom/maps/shijie
17173-128670748672,精灵分布,17310030016,毒系,多多家族,-1729.622149,-1333.343429,,,,https://map.17173.com/rocom/maps/shijie
17173-329046011904,精灵分布,17310030011,幽系,锥尾羊家族,-1174.922197,-1810.94125,,,,https://map.17173.com/rocom/maps/shijie
17173-901086601216,精灵分布,17310030011,幽系,锥尾羊家族,-777.738412,-1400.447785,,,,https://map.17173.com/rocom/maps/shijie
17173-478512902144,精灵分布,17310030021,普通系,鸭吉吉家族,-1060.602,-1400.735601,,,,https://map.17173.com/rocom/maps/shijie
17173-575833989120,精灵分布,17310030005,草系,一窝蜂家族,-1084.481822,-807.419388,,,,https://map.17173.com/rocom/maps/shijie
17173-926455201792,精灵分布,17310030011,幽系,锥尾羊家族,-1224.850752,-934.907806,,,,https://map.17173.com/rocom/maps/shijie
17173-570357993472,精灵分布,17310030005,草系,丢丢家族,-757.732789,-839.891975,,,,https://map.17173.com/rocom/maps/shijie
17173-592749834240,精灵分布,17310030005,草系,丢丢家族,-882.819478,-674.430093,,,,https://map.17173.com/rocom/maps/shijie
17173-494395969536,精灵分布,17310030009,水系,果冻群系,371.224734,1269.144088,,,,https://map.17173.com/rocom/maps/shijie
17173-804880289792,精灵分布,17310030010,翼系,小狮鹫,136.016604,1016.104221,,,,https://map.17173.com/rocom/maps/shijie
17173-589168472064,精灵分布,17310030005,草系,卷毛鸭与草头鸭,7.100742,759.57836,,,,https://map.17173.com/rocom/maps/shijie
17173-878836023296,精灵分布,17310030014,地系,棋棋与棋骑士,65.837863,757.30427,,,,https://map.17173.com/rocom/maps/shijie
17173-859993882624,精灵分布,17310030005,草系,卷毛鸭与草头鸭,-198.491911,857.022088,,,,https://map.17173.com/rocom/maps/shijie
17173-179488501760,精灵分布,17310030014,地系,棋棋与棋骑士,-143.086921,1197.079316,,,,https://map.17173.com/rocom/maps/shijie
17173-909024768000,精灵分布,17310030014,地系,棋棋与棋骑士,82.627533,1279.19975,,,,https://map.17173.com/rocom/maps/shijie
17173-63495553024,精灵分布,17310030005,草系,格兰种子家族,-656.161653,-552.038243,,,,https://map.17173.com/rocom/maps/shijie
17173-770556973056,精灵分布,17310030010,翼系,冬羽雀家族,-691.631256,-475.034528,,,,https://map.17173.com/rocom/maps/shijie
17173-323012726784,精灵分布,17310030021,普通系,鸭吉吉家族,-125.883442,1315.949793,,,,https://map.17173.com/rocom/maps/shijie
17173-739891089408,精灵分布,17310030005,草系,兽花蕾,-79.17908,1391.912994,,,,https://map.17173.com/rocom/maps/shijie
17173-805032824832,精灵分布,17310030018,恶系,乌达家族,-591.723065,-801.440979,,,,https://map.17173.com/rocom/maps/shijie
17173-912257777664,精灵分布,17310030009,水系,乖乖鹄与蓝珠天鹅,-139.228273,1323.464237,,,,https://map.17173.com/rocom/maps/shijie
17173-41288916992,精灵分布,17310030005,草系,格兰花家族,-376.116387,-526.179602,,,,https://map.17173.com/rocom/maps/shijie
17173-610163470336,精灵分布,17310030005,草系,呆小路与白发路路,-396.956749,1170.220932,,,,https://map.17173.com/rocom/maps/shijie
17173-809448099840,精灵分布,17310030011,幽系,空空颅与夜枭,-404.558473,1243.182899,,,,https://map.17173.com/rocom/maps/shijie
17173-553148530688,精灵分布,17310030011,幽系,隐藏精灵,48.200642,1394.989114,,,,https://map.17173.com/rocom/maps/shijie
17173-159544664064,精灵分布,17310030012,电系,拉特与酷拉,240.71077,1287.478768,,,,https://map.17173.com/rocom/maps/shijie
17173-471803006976,精灵分布,17310030021,普通系,公平鸽家族,400.865656,1351.158461,,,,https://map.17173.com/rocom/maps/shijie
17173-816204898304,精灵分布,17310030014,地系,棋棋与棋骑士,318.973701,1152.396331,,,,https://map.17173.com/rocom/maps/shijie
17173-80017567744,精灵分布,17310030014,地系,隐藏精灵波波螺,9.419096,1096.157225,,,,https://map.17173.com/rocom/maps/shijie
17173-315945402368,精灵分布,17310030010,翼系,小狮鹫,127.751791,1016.174879,,,,https://map.17173.com/rocom/maps/shijie
17173-273255022592,精灵分布,17310030005,草系,丢丢家族,323.093515,-287.322417,,,,https://map.17173.com/rocom/maps/shijie
17173-899356299264,精灵分布,17310030005,草系,呆小路家族,186.85199,-578.053633,,,,https://map.17173.com/rocom/maps/shijie
17173-856441507840,精灵分布,17310030022,机械系,小箱怪,31.250841,-284.988892,,,,https://map.17173.com/rocom/maps/shijie
17173-372643688448,精灵分布,17310030005,草系,丢丢家族,69.645304,-229.415983,,,,https://map.17173.com/rocom/maps/shijie
17173-225215746048,精灵分布,17310030014,地系,菇菇丁家族,124.452957,-389.038952,,,,https://map.17173.com/rocom/maps/shijie
17173-807167836160,精灵分布,17310030021,普通系,公平鸽家族,254.228404,-449.667297,,,,https://map.17173.com/rocom/maps/shijie
17173-704124469248,精灵分布,17310030010,翼系,斑斑家族,324.390638,-371.537118,,,,https://map.17173.com/rocom/maps/shijie
17173-705371320320,精灵分布,17310030010,翼系,斑斑家族,487.990898,-413.337312,,,,https://map.17173.com/rocom/maps/shijie
17173-361507704832,精灵分布,17310030014,地系,波波螺家族,640.52487,-75.235413,,,,https://map.17173.com/rocom/maps/shijie
17173-829731770368,精灵分布,17310030014,地系,矿晶虫家族,545.010661,-144.279835,,,,https://map.17173.com/rocom/maps/shijie
17173-72643649536,精灵分布,17310030009,水系,海枝枝（海珊瑚形态）,718.987549,-602.579143,,,,https://map.17173.com/rocom/maps/shijie
17173-267600039936,精灵分布,17310030014,地系,罗隐的退化型：阿米樱和阿米亚特,1328.291043,-594.539688,,,,https://map.17173.com/rocom/maps/shijie
17173-631931035648,精灵分布,17310030022,机械系,机甲小子家族,871.459898,196.699172,,,,https://map.17173.com/rocom/maps/shijie
17173-267389153280,精灵分布,17310030005,草系,卷毛鸭家族,514.36752,239.446338,,,,https://map.17173.com/rocom/maps/shijie
17173-726678159360,精灵分布,17310030019,幻系,哭哭菇,734.070813,87.249585,,,,https://map.17173.com/rocom/maps/shijie
17173-429423554560,精灵分布,17310030009,水系,海枝枝家族,619.469381,968.395546,,,,https://map.17173.com/rocom/maps/shijie
17173-628783591424,精灵分布,17310030011,幽系,隐藏精灵（哭哭菇）,568.111164,1469.371622,,,,https://map.17173.com/rocom/maps/shijie
17173-957409775616,精灵分布,17310030009,水系,地下果冻家族,235.727923,986.543295,,,,https://map.17173.com/rocom/maps/shijie
17173-637086584832,精灵分布,17310030014,地系,地下嗜波螺家族,139.319525,835.550792,,,,https://map.17173.com/rocom/maps/shijie
17173-957641789440,精灵分布,17310030022,机械系,齿轮小子与机甲小子,397.007527,922.421246,,,,https://map.17173.com/rocom/maps/shijie
17173-119110402048,精灵分布,17310030009,水系,圆号鱼家族,752.515493,1251.035021,,,,https://map.17173.com/rocom/maps/shijie
17173-7563460608,精灵分布,17310030014,地系,隐藏精灵（波波螺）,737.458641,1398.356027,,,,https://map.17173.com/rocom/maps/shijie
17173-51593723904,精灵分布,17310030012,电系,拉特与酷拉,522.052058,1313.094526,,,,https://map.17173.com/rocom/maps/shijie
17173-719832666112,精灵分布,17310030021,普通系,公平鸽家族,537.416095,1316.165009,,,,https://map.17173.com/rocom/maps/shijie
17173-761490571264,精灵分布,17310030018,恶系,恶系精灵宝箱,371.025661,1716.613361,,,,https://map.17173.com/rocom/maps/shijie
17173-28798636032,精灵分布,17310030014,地系,波波螺与消波螺,656.851002,1590.045012,,,,https://map.17173.com/rocom/maps/shijie
17173-833881456640,精灵分布,17310030008,虫系,卡卡虫与卡瓦重,87.740178,-258.542723,,,,https://map.17173.com/rocom/maps/shijie
17173-403981635584,精灵分布,17310030018,恶系,迷你乌与乌拉塔,-444.785984,-449.72484,,,,https://map.17173.com/rocom/maps/shijie
17173-695412695040,精灵分布,17310030014,地系,隐藏精灵波波螺,-588.349823,-382.063118,,,,https://map.17173.com/rocom/maps/shijie
17173-84917399552,精灵分布,17310030018,恶系,影狸,-611.871402,-197.674046,,,,https://map.17173.com/rocom/maps/shijie
17173-265400201216,精灵分布,17310030005,草系,格兰种子与格兰花,-528.414246,-126.024918,,,,https://map.17173.com/rocom/maps/shijie
17173-892757262336,精灵分布,17310030008,虫系,卡卡虫与卡瓦重,-514.460652,-177.682578,,,,https://map.17173.com/rocom/maps/shijie
17173-995574878208,精灵分布,17310030007,火系,绅士鸡,-492.722199,-37.923963,,,,https://map.17173.com/rocom/maps/shijie
17173-554930429952,精灵分布,17310030019,幻系,隐藏精灵哭哭菇,-622.275261,100.967076,,,,https://map.17173.com/rocom/maps/shijie
17173-318491553792,精灵分布,17310030019,幻系,隐藏精灵哭哭菇,-641.846572,397.536725,,,,https://map.17173.com/rocom/maps/shijie
17173-388812713984,精灵分布,17310030005,草系,卷毛鸭与草头鸭,46.271342,232.723048,,,,https://map.17173.com/rocom/maps/shijie
17173-115212304384,精灵分布,17310030018,恶系,迷你乌与乌拉塔,11.421765,357.509663,,,,https://map.17173.com/rocom/maps/shijie
17173-508723232768,精灵分布,17310030014,地系,隐藏精灵消波螺,-252.369384,676.915075,,,,https://map.17173.com/rocom/maps/shijie
17173-388004102144,精灵分布,17310030014,地系,隐藏精灵波波螺,-604.27377,1141.229477,,,,https://map.17173.com/rocom/maps/shijie
17173-279975821312,精灵分布,17310030014,地系,隐藏精灵波波螺,-100.74789,-302.069612,,,,https://map.17173.com/rocom/maps/shijie
17173-929394122752,精灵分布,17310030005,草系,草头鸭与卷毛鸭,301.467529,92.342726,,,,https://map.17173.com/rocom/maps/shijie
17173-567988961280,精灵分布,17310030019,幻系,信仰者村落隐藏精灵（哭哭菇）,278.917547,317.891795,,,,https://map.17173.com/rocom/maps/shijie
17173-289488715776,精灵分布,17310030005,草系,卡卡虫与卡瓦重,268.160576,266.796459,,,,https://map.17173.com/rocom/maps/shijie
17173-60882370560,精灵分布,17310030007,火系,可立鸡与绅士鸡,284.406135,281.992361,,,,https://map.17173.com/rocom/maps/shijie
17173-473205932032,精灵分布,17310030014,地系,地下隐藏精灵消波螺,86.305075,201.392009,,,,https://map.17173.com/rocom/maps/shijie
17173-904670814208,精灵分布,17310030012,电系,闪电环与刺电环,524.642425,386.385312,,,,https://map.17173.com/rocom/maps/shijie
17173-997626081280,精灵分布,17310030014,地系,隐藏精灵波波螺,691.917512,462.31471,,,,https://map.17173.com/rocom/maps/shijie
17173-754687762432,精灵分布,17310030005,草系,幽影树,-353.859162,-526.280332,,,,https://map.17173.com/rocom/maps/shijie
17173-705573789696,精灵分布,17310030011,幽系,空空颅家族,-508.799188,-494.112963,,,,https://map.17173.com/rocom/maps/shijie
17173-749577560064,精灵分布,17310030005,草系,兽花蕾,-519.653556,-328.653225,,,,https://map.17173.com/rocom/maps/shijie
17173-17527185408,精灵分布,17310030009,水系,号儿鱼、圆号鱼,183.092482,1951.608949,,,,https://map.17173.com/rocom/maps/shijie
17173-567407063040,精灵分布,17310030010,翼系,小鹬,237.562357,1955.711498,,,,https://map.17173.com/rocom/maps/shijie
17173-792619638784,精灵分布,17310030019,幻系,哭哭菇,130.780289,2172.614237,,,,https://map.17173.com/rocom/maps/shijie
17173-457899696128,精灵分布,17310030019,幻系,哭哭菇,-23.08157,2254.628532,,,,https://map.17173.com/rocom/maps/shijie
17173-204261945344,精灵分布,17310030010,翼系,小狮鹫,-68.79199,2464.286955,,,,https://map.17173.com/rocom/maps/shijie
17173-188791123968,精灵分布,17310030014,地系,嗜波螺家族,500.896313,2600.291237,,,,https://map.17173.com/rocom/maps/shijie
17173-491342159872,精灵分布,17310030014,地系,隐藏精灵（波波螺）,420.679732,2751.656476,,,,https://map.17173.com/rocom/maps/shijie
17173-573907562496,精灵分布,17310030019,幻系,哭哭菇,270.221416,2761.862964,,,,https://map.17173.com/rocom/maps/shijie
17173-485518262272,精灵分布,17310030014,地系,波波螺,187.029766,2637.560303,,,,https://map.17173.com/rocom/maps/shijie
17173-431804465152,精灵分布,17310030014,地系,隐藏精灵（波波螺）,76.393685,2602.258625,,,,https://map.17173.com/rocom/maps/shijie
17173-531770449920,精灵分布,17310030022,机械系,缇塔,391.019568,2006.099289,,,,https://map.17173.com/rocom/maps/shijie
17173-41880600576,精灵分布,17310030018,恶系,嗜光翁翁,381.373298,1884.466718,,,,https://map.17173.com/rocom/maps/shijie
17173-168254013440,精灵分布,17310030010,翼系,斑枭,341.873863,2330.373719,,,,https://map.17173.com/rocom/maps/shijie
17173-285665959936,精灵分布,17310030018,恶系,恶魔叮家族,777.344503,1898.225514,,,,https://map.17173.com/rocom/maps/shijie
17173-274705367040,精灵分布,17310030009,水系,号儿鱼,442.093898,2167.778923,,,,https://map.17173.com/rocom/maps/shijie
17173-13051498496,精灵分布,17310030011,幽系,锥尾羊,-627.950763,-2606.575987,,,,https://map.17173.com/rocom/maps/shijie
17173-97296523264,精灵分布,17310030014,地系,石肤蜥,-550.317691,-2331.95424,,,,https://map.17173.com/rocom/maps/shijie
17173-233601249280,精灵分布,17310030021,普通系,绿耳松鼠,-436.938597,-2344.359647,,,,https://map.17173.com/rocom/maps/shijie
17173-494621839360,精灵分布,17310030014,地系,布是石,-396.602404,-2115.323027,,,,https://map.17173.com/rocom/maps/shijie
17173-640675246080,精灵分布,17310030005,草系,伊贝儿,-745.071705,-1926.453281,,,,https://map.17173.com/rocom/maps/shijie
17173-829334073344,精灵分布,17310030009,水系,风铃鲨,-859.237828,-2023.597311,,,,https://map.17173.com/rocom/maps/shijie
17173-379798568960,精灵分布,17310030007,火系,护主犬,851.523449,-1655.135682,,,,https://map.17173.com/rocom/maps/shijie
17173-399727910912,精灵分布,17310030005,草系,蹦蹦草,529.509513,-1716.117973,,,,https://map.17173.com/rocom/maps/shijie
17173-649623216128,精灵分布,17310030009,水系,板板壳,270.028683,-2215.640655,,,,https://map.17173.com/rocom/maps/shijie
17173-698083016704,精灵分布,17310030005,草系,丢丢,-1620.997102,-2788.110246,,,,https://map.17173.com/rocom/maps/shijie
17173-206528446464,精灵分布,17310030020,冰系,雪豆丁,-1616.609387,-2581.934406,,,,https://map.17173.com/rocom/maps/shijie
17173-45954150400,精灵分布,17310030012,电系,电咩咩,269.387544,-988.838281,,,,https://map.17173.com/rocom/maps/shijie
17173-726169681920,精灵分布,17310030011,幽系,小灵面,20.034786,269.397673,,,,https://map.17173.com/rocom/maps/shijie
17173-482341769216,精灵分布,17310030005,草系,草头鸭,-157.087768,171.622815,,,,https://map.17173.com/rocom/maps/shijie
17173-741157961728,精灵分布,17310030009,水系,小灵面,849.924832,-363.851599,,,,https://map.17173.com/rocom/maps/shijie
17173-98909356032,精灵分布,17310030022,机械系,螺旋帕帕,1278.580766,-366.456093,,,,https://map.17173.com/rocom/maps/shijie
17173-824721768448,精灵分布,17310030014,地系,波波螺,1131.760134,223.220915,,,,https://map.17173.com/rocom/maps/shijie
17173-453980479488,精灵分布,17310030014,地系,矿晶虫,1149.511483,44.098821,,,,https://map.17173.com/rocom/maps/shijie
17173-488731086848,精灵分布,17310030005,草系,草头鸭,967.277242,441.240662,,,,https://map.17173.com/rocom/maps/shijie
17173-55729246208,精灵分布,17310030022,机械系,齿轮小子,870.078901,172.925352,,,,https://map.17173.com/rocom/maps/shijie
17173-192175915008,精灵分布,17310030018,恶系,迷你乌,802.439893,463.328119,,,,https://map.17173.com/rocom/maps/shijie
17173-199913607168,精灵分布,17310030018,恶系,乌达,642.537053,379.747729,,,,https://map.17173.com/rocom/maps/shijie
17173-623108861952,精灵分布,17310030005,草系,草头鸭,393.918694,564.662694,,,,https://map.17173.com/rocom/maps/shijie
17173-700991868928,精灵分布,17310030014,地系,消波螺,-616.504926,1513.618399,,,,https://map.17173.com/rocom/maps/shijie
17173-506283225088,精灵分布,17310030009,水系,乖乖鹄与蓝珠天鹅,-720.572091,1471.676551,,,,https://map.17173.com/rocom/maps/shijie
17173-846120083456,精灵分布,17310030009,水系,锤头鹳,-727.520402,1396.093501,,,,https://map.17173.com/rocom/maps/shijie
17173-76068077568,精灵分布,17310030014,地系,波波螺,-760.988267,1382.182663,,,,https://map.17173.com/rocom/maps/shijie
17173-312311148544,精灵分布,17310030005,草系,兽花蕾,-761.806633,1381.041245,,,,https://map.17173.com/rocom/maps/shijie
17173-168028274688,精灵分布,17310030009,水系,锤头鹳,-475.295862,1449.81485,,,,https://map.17173.com/rocom/maps/shijie
17173-127295623168,精灵分布,17310030014,地系,棋棋,-488.653649,1428.250749,,,,https://map.17173.com/rocom/maps/shijie
17173-192142127104,精灵分布,17310030014,地系,消波螺,-534.262663,1455.64494,,,,https://map.17173.com/rocom/maps/shijie
17173-244899184640,精灵分布,17310030014,地系,消波螺家族,-428.614973,1572.649001,,,,https://map.17173.com/rocom/maps/shijie
17173-860551135232,精灵分布,17310030005,草系,呆小路家族,-518.466631,1335.671327,,,,https://map.17173.com/rocom/maps/shijie
17173-538202669056,精灵分布,17310030009,水系,乖乖鹄与蓝珠天鹅,-358.806269,1597.989032,,,,https://map.17173.com/rocom/maps/shijie
17173-155818127360,精灵分布,17310030009,水系,锤头鹳,-329.85378,1700.285103,,,,https://map.17173.com/rocom/maps/shijie
17173-739514114048,精灵分布,17310030009,水系,园号鱼,-284.89539,1726.281286,,,,https://map.17173.com/rocom/maps/shijie
17173-947992129536,精灵分布,17310030014,地系,消波螺,-254.800024,1878.273401,,,,https://map.17173.com/rocom/maps/shijie
17173-54010675200,精灵分布,17310030009,水系,海豹战士家族,-325.060899,2197.676527,,,,https://map.17173.com/rocom/maps/shijie
17173-842947203072,精灵分布,17310030014,地系,消波螺,-358.06768,2204.594171,,,,https://map.17173.com/rocom/maps/shijie
17173-232250716160,精灵分布,17310030009,水系,锤头鹳,-327.906298,2348.882044,,,,https://map.17173.com/rocom/maps/shijie
17173-544396193792,精灵分布,17310030021,普通系,鸭吉吉家族,-275.285666,1372.056313,,,,https://map.17173.com/rocom/maps/shijie
17173-583654215680,精灵分布,17310030011,幽系,暗影灵面,-178.344027,1498.881119,,,,https://map.17173.com/rocom/maps/shijie
17173-530632916992,精灵分布,17310030014,地系,棋棋,-247.966809,1424.925488,,,,https://map.17173.com/rocom/maps/shijie
17173-111562350592,精灵分布,17310030005,草系,兽花蕾,22.153798,1468.380685,,,,https://map.17173.com/rocom/maps/shijie
17173-911450099712,精灵分布,17310030016,毒系,厉毒修罗,-767.0416,-70.971246,,,,https://map.17173.com/rocom/maps/shijie
17173-412822716416,精灵分布,17310030005,草系,格兰种子家族,-778.114968,90.271609,,,,https://map.17173.com/rocom/maps/shijie
17173-734500667392,精灵分布,17310030008,虫系,铠甲虫,-723.191882,-104.44063,,,,https://map.17173.com/rocom/maps/shijie
17173-665247309824,精灵分布,17310030009,水系,号儿鱼家族,-227.42394,2211.493225,,,,https://map.17173.com/rocom/maps/shijie
17173-400054714368,精灵分布,17310030009,水系,号儿鱼家族,-194.096981,2466.803056,,,,https://map.17173.com/rocom/maps/shijie
17173-591812333568,精灵分布,17310030014,地系,波波螺家族,-137.261947,2528.832974,,,,https://map.17173.com/rocom/maps/shijie
17173-176363126784,精灵分布,17310030014,地系,消波螺,900.581675,2584.490862,,,,https://map.17173.com/rocom/maps/shijie
17173-770591887360,精灵分布,17310030014,地系,消波螺家族,649.629113,2472.891996,,,,https://map.17173.com/rocom/maps/shijie
17173-173510111232,精灵分布,17310030014,地系,消波螺,374.142715,2201.731861,,,,https://map.17173.com/rocom/maps/shijie
17173-882593050624,精灵分布,17310030022,机械系,矿晶虫,335.995967,2193.544196,,,,https://map.17173.com/rocom/maps/shijie
17173-274291957760,精灵分布,17310030018,恶系,窃光蚊,324.597791,2007.714393,,,,https://map.17173.com/rocom/maps/shijie
17173-441544318976,精灵分布,17310030022,机械系,矿晶虫,227.896641,1930.585501,,,,https://map.17173.com/rocom/maps/shijie
17173-878235832320,精灵分布,17310030014,地系,波波螺,103.152318,1978.138313,,,,https://map.17173.com/rocom/maps/shijie
17173-580362670080,精灵分布,17310030014,地系,消波螺家族,-95.169285,1618.912989,,,,https://map.17173.com/rocom/maps/shijie
17173-148383879168,精灵分布,17310030021,普通系,公平鸽,134.792087,1528.587044,,,,https://map.17173.com/rocom/maps/shijie
17173-806933032960,精灵分布,17310030010,翼系,鄙目鹬,61.553346,1565.939138,,,,https://map.17173.com/rocom/maps/shijie
17173-300711530496,精灵分布,17310030021,普通系,公平鸽,194.006734,1508.650955,,,,https://map.17173.com/rocom/maps/shijie
17173-591435202560,精灵分布,17310030018,恶系,窃光蚊,351.305887,1767.562971,,,,https://map.17173.com/rocom/maps/shijie
17173-712382369792,精灵分布,17310030014,地系,菇菇丁家族,261.861288,2119.34619,,,,https://map.17173.com/rocom/maps/shijie
17173-895342415872,精灵分布,17310030012,电系,爵士鹿,290.957058,1806.724858,,,,https://map.17173.com/rocom/maps/shijie
17173-216094887936,精灵分布,17310030010,翼系,鄙目鹬家族,797.397223,1767.409895,,,,https://map.17173.com/rocom/maps/shijie
17173-525088464896,精灵分布,17310030014,地系,波波螺,904.664632,2117.933804,,,,https://map.17173.com/rocom/maps/shijie
17173-164952854528,精灵分布,17310030009,水系,号儿鱼,866.028774,2408.496874,,,,https://map.17173.com/rocom/maps/shijie
17173-746918141952,精灵分布,17310030014,地系,波波螺,575.519054,1493.791074,,,,https://map.17173.com/rocom/maps/shijie
17173-322505961472,精灵分布,17310030005,草系,白发路路,-469.276469,697.573375,,,,https://map.17173.com/rocom/maps/shijie
17173-239046598656,精灵分布,17310030021,普通系,公平鸽,-1036.594058,511.242348,,,,https://map.17173.com/rocom/maps/shijie
17173-732992565248,精灵分布,17310030021,普通系,晕晕鸡,-824.917516,747.853192,,,,https://map.17173.com/rocom/maps/shijie
17173-439217192960,精灵分布,17310030005,草系,格兰花,-982.952329,670.614993,,,,https://map.17173.com/rocom/maps/shijie
17173-388010926080,精灵分布,17310030005,草系,白发路路,-888.750455,698.677603,,,,https://map.17173.com/rocom/maps/shijie
17173-543446007808,精灵分布,17310030009,水系,乖乖鹄与蓝珠天鹅,-966.048001,736.797282,,,,https://map.17173.com/rocom/maps/shijie
17173-146585157632,精灵分布,17310030014,地系,鳗尾兽,-879.464293,562.440169,,,,https://map.17173.com/rocom/maps/shijie
17173-607046533120,精灵分布,17310030005,草系,兽花蕾,-938.778805,425.98823,,,,https://map.17173.com/rocom/maps/shijie
17173-179962540032,精灵分布,17310030011,幽系,空空颅家族,-482.999037,689.094055,,,,https://map.17173.com/rocom/maps/shijie
17173-24097435648,精灵分布,17310030005,草系,草头鸭,-340.564041,787.439946,,,,https://map.17173.com/rocom/maps/shijie
17173-426442670080,精灵分布,17310030005,草系,格兰球,-392.080993,656.882004,,,,https://map.17173.com/rocom/maps/shijie
17173-670687281152,精灵分布,17310030005,草系,兽花蕾,-540.845908,649.4879,,,,https://map.17173.com/rocom/maps/shijie
17173-657641533440,精灵分布,17310030005,草系,花怨鳗,-676.628565,453.168596,,,,https://map.17173.com/rocom/maps/shijie
17173-978065612800,精灵分布,17310030021,普通系,鸭吉吉,-767.151576,691.210093,,,,https://map.17173.com/rocom/maps/shijie
17173-378789416960,精灵分布,17310030007,火系,可立鸡,-670.442541,754.018119,,,,https://map.17173.com/rocom/maps/shijie
17173-465379467264,精灵分布,17310030020,冰系,大耳帽兜,-1870.615298,-2611.066477,,,,https://map.17173.com/rocom/maps/shijie
17173-346905808896,精灵分布,17310030021,普通系,公平鸽,525.599237,924.40439,,,,https://map.17173.com/rocom/maps/shijie
17173-131571712,精灵分布,17310030021,普通系,公平鸽,328.967045,864.894411,,,,https://map.17173.com/rocom/maps/shijie
17173-505977368576,精灵分布,17310030005,草系,伊贝儿,52.806684,-1826.166835,,,,https://map.17173.com/rocom/maps/shijie
17173-224562307072,精灵分布,17310030009,水系,板板壳,-153.553228,-1870.712931,,,,https://map.17173.com/rocom/maps/shijie
17173-143225487360,精灵分布,17310030010,翼系,风铃鲨,-530.570056,-1863.305526,,,,https://map.17173.com/rocom/maps/shijie
17173-914254102528,精灵分布,17310030005,草系,伊贝儿,-527.109696,-1851.528807,,,,https://map.17173.com/rocom/maps/shijie
17173-840913166336,精灵分布,17310030010,翼系,冬羽雀,-531.59101,-1990.624659,,,,https://map.17173.com/rocom/maps/shijie
17173-942797578240,精灵分布,17310030010,翼系,冬羽雀,64.28969,-2298.93871,,,,https://map.17173.com/rocom/maps/shijie
17173-97061650432,精灵分布,17310030011,幽系,锥尾羊,125.97433,-2380.361992,,,,https://map.17173.com/rocom/maps/shijie
17173-683830734848,精灵分布,17310030021,普通系,绿耳松鼠,-223.064932,-1999.635,,,,https://map.17173.com/rocom/maps/shijie
17173-890127712256,精灵分布,17310030005,草系,伊贝儿,-234.318253,-1938.818446,,,,https://map.17173.com/rocom/maps/shijie
17173-540512030720,精灵分布,17310030014,地系,布是石,-219.138581,-2453.11815,,,,https://map.17173.com/rocom/maps/shijie
17173-171393994752,精灵分布,17310030009,水系,板板壳,-405.935079,-2254.567666,,,,https://map.17173.com/rocom/maps/shijie
17173-894340808704,精灵分布,17310030014,地系,花怨鳗家族,-1080.908831,74.029397,,,,https://map.17173.com/rocom/maps/shijie
17173-352428343296,精灵分布,17310030020,冰系,乌达家族（极夜的样子）,-1142.923743,40.187012,,,,https://map.17173.com/rocom/maps/shijie
17173-152702074880,精灵分布,17310030018,恶系,瑰眼仔家族,-1261.49248,279.533563,,,,https://map.17173.com/rocom/maps/shijie
17173-142645157888,精灵分布,17310030013,光系,小独角兽家族,-808.973947,-269.004405,,,,https://map.17173.com/rocom/maps/shijie
17173-389673988096,精灵分布,17310030018,恶系,瑰眼仔家族,-1288.516943,-518.617322,,,,https://map.17173.com/rocom/maps/shijie
17173-329752260608,精灵分布,17310030022,机械系,多西家族,-1225.662004,-550.695633,,,,https://map.17173.com/rocom/maps/shijie
17173-585081315328,精灵分布,17310030010,翼系,吸泥吼家族,-1006.459777,-443.887097,,,,https://map.17173.com/rocom/maps/shijie
17173-753409265664,精灵分布,17310030005,草系,伊贝儿,108.378812,-2057.183455,,,,https://map.17173.com/rocom/maps/shijie
17173-192204632064,精灵分布,17310030005,草系,卡卡虫,263.953184,-2074.585318,,,,https://map.17173.com/rocom/maps/shijie
17173-713055334400,精灵分布,17310030008,虫系,小甲虫家族,-932.901472,-241.003629,,,,https://map.17173.com/rocom/maps/shijie
17173-713679319040,精灵分布,17310030005,草系,格兰种子/格兰花/格兰球家族,-866.907353,-70.830751,,,,https://map.17173.com/rocom/maps/shijie
17173-382626648064,精灵分布,17310030018,恶系,乌达,-1422.372639,-210.411201,,,,https://map.17173.com/rocom/maps/shijie
17173-461203189760,精灵分布,17310030022,机械系,多西,-1457.670241,-500.726012,,,,https://map.17173.com/rocom/maps/shijie
17173-979038449664,精灵分布,17310030010,翼系,泥吼牙,-1281.599484,-327.928723,,,,https://map.17173.com/rocom/maps/shijie
17173-266195513344,精灵分布,17310030018,恶系,乌达家族,-1348.26635,-333.446137,,,,https://map.17173.com/rocom/maps/shijie
17173-60834136064,精灵分布,17310030018,恶系,迷你乌,-1344.504966,-315.875181,,,,https://map.17173.com/rocom/maps/shijie
17173-993475457024,精灵分布,17310030005,草系,兽花蕾,-1403.829181,-70.886179,,,,https://map.17173.com/rocom/maps/shijie
17173-544783298560,精灵分布,17310030018,恶系,叮叮恶魔,-1336.935545,16.524267,,,,https://map.17173.com/rocom/maps/shijie
17173-818672902144,精灵分布,17310030019,幻系,哭哭菇,-1154.602898,-256.978564,,,,https://map.17173.com/rocom/maps/shijie
17173-268851609600,精灵分布,17310030005,草系,兽花蕾,-1165.179289,-301.685596,,,,https://map.17173.com/rocom/maps/shijie
17173-685013893120,精灵分布,17310030014,地系,消波螺,-1361.217653,-57.265678,,,,https://map.17173.com/rocom/maps/shijie
17173-768064655360,精灵分布,17310030018,恶系,耳翎瑰魅,-1249.881878,39.14838,,,,https://map.17173.com/rocom/maps/shijie
17173-275728199680,精灵分布,17310030011,幽系,夜宿颅,-1290.969418,88.770297,,,,https://map.17173.com/rocom/maps/shijie
17173-884585816064,精灵分布,17310030010,翼系,吸泥吼,-1385.579926,61.062072,,,,https://map.17173.com/rocom/maps/shijie
17173-425370677248,精灵分布,17310030010,翼系,泥吼牙,-1276.207427,149.199897,,,,https://map.17173.com/rocom/maps/shijie
17173-977276403712,精灵分布,17310030011,幽系,空空颅,-1242.223286,68.790973,,,,https://map.17173.com/rocom/maps/shijie
17173-254194495488,精灵分布,17310030018,恶系,恶魔叮,-1160.072275,75.580316,,,,https://map.17173.com/rocom/maps/shijie
17173-820295450624,精灵分布,17310030008,虫系,铠甲虫,-958.530876,-212.436937,,,,https://map.17173.com/rocom/maps/shijie
17173-124509421568,精灵分布,17310030019,幻系,哭哭菇,-741.674697,-226.43832,,,,https://map.17173.com/rocom/maps/shijie
17173-503413051392,精灵分布,17310030005,草系,草头鸭,-659.320532,270.940842,,,,https://map.17173.com/rocom/maps/shijie
17173-436195135488,精灵分布,17310030010,翼系,斑斑,-691.788507,172.943027,,,,https://map.17173.com/rocom/maps/shijie
17173-312457207808,精灵分布,17310030005,草系,草头鸭,-632.869987,166.64478,,,,https://map.17173.com/rocom/maps/shijie
17173-860889387008,精灵分布,17310030009,水系,锤头鹳,-632.89558,346.453126,,,,https://map.17173.com/rocom/maps/shijie
17173-820758949888,精灵分布,17310030005,草系,格兰花,-592.978704,186.073726,,,,https://map.17173.com/rocom/maps/shijie
17173-577319645184,精灵分布,17310030007,火系,晕晕鸡,-595.30423,-20.826586,,,,https://map.17173.com/rocom/maps/shijie
17173-392497639424,精灵分布,17310030005,草系,呆小路,-604.428334,-24.432722,,,,https://map.17173.com/rocom/maps/shijie
17173-488384196608,精灵分布,17310030011,幽系,空空颅,-640.036595,607.988927,,,,https://map.17173.com/rocom/maps/shijie
17173-84414001152,精灵分布,17310030009,水系,乖乖鹄与蓝珠天鹅,-695.122173,585.834256,,,,https://map.17173.com/rocom/maps/shijie
17173-276700327936,精灵分布,17310030018,恶系,叮叮恶魔,-1266.754377,358.772244,,,,https://map.17173.com/rocom/maps/shijie
17173-578548137984,精灵分布,17310030005,草系,格兰花,-1064.179344,375.590062,,,,https://map.17173.com/rocom/maps/shijie
17173-66273861632,精灵分布,17310030018,恶系,恶魔叮叮,-1138.733508,276.824689,,,,https://map.17173.com/rocom/maps/shijie
17173-168813641728,精灵分布,17310030018,恶系,乌达,-1133.724879,100.680142,,,,https://map.17173.com/rocom/maps/shijie
17173-319673540608,精灵分布,17310030005,草系,格兰花,-973.406531,226.179106,,,,https://map.17173.com/rocom/maps/shijie
17173-279858913280,精灵分布,17310030005,草系,格兰花,-982.910019,61.434825,,,,https://map.17173.com/rocom/maps/shijie
17173-119795748864,精灵分布,17310030014,地系,波波螺,-991.609894,81.889583,,,,https://map.17173.com/rocom/maps/shijie
17173-368842641408,精灵分布,17310030005,草系,格兰花,-875.384265,-66.631337,,,,https://map.17173.com/rocom/maps/shijie
17173-412626464768,精灵分布,17310030016,毒系,厉毒修罗,-1052.249838,-84.681056,,,,https://map.17173.com/rocom/maps/shijie
17173-57793855488,精灵分布,17310030005,草系,兽花蕾,-903.316429,-320.303529,,,,https://map.17173.com/rocom/maps/shijie
17173-723048083456,精灵分布,17310030008,虫系,小甲虫,-869.388212,-437.489605,,,,https://map.17173.com/rocom/maps/shijie
17173-182938714112,精灵分布,17310030008,虫系,小甲虫/铠甲虫家族,-769.903123,-171.082502,,,,https://map.17173.com/rocom/maps/shijie
17173-401010241536,精灵分布,17310030021,普通系,公平鸽,-859.587157,-523.522437,,,,https://map.17173.com/rocom/maps/shijie
17173-157679157248,精灵分布,17310030011,幽系,夜宿颅,-1062.141282,-390.331013,,,,https://map.17173.com/rocom/maps/shijie
17173-118936674304,精灵分布,17310030014,地系,波波螺,-856.499657,-654.958846,,,,https://map.17173.com/rocom/maps/shijie
17173-841318121472,精灵分布,17310030005,草系,兽花蕾,-1154.622789,-566.041709,,,,https://map.17173.com/rocom/maps/shijie
17173-626223620096,精灵分布,17310030018,恶系,瑰眼仔,-1123.158164,-508.947581,,,,https://map.17173.com/rocom/maps/shijie
17173-337013911552,精灵分布,17310030010,翼系,泥吼牙,-1129.40037,-508.60562,,,,https://map.17173.com/rocom/maps/shijie
17173-669418766336,精灵分布,17310030018,恶系,恶魔叮,-1175.525218,-576.179798,,,,https://map.17173.com/rocom/maps/shijie
17173-777345593344,精灵分布,17310030008,虫系,卡卡虫,-1104.480578,-1844.120332,,,,https://map.17173.com/rocom/maps/shijie
17173-545536868352,精灵分布,17310030014,地系,地鼠,-1585.37361,-2282.610386,,,,https://map.17173.com/rocom/maps/shijie
17173-753692585984,精灵分布,17310030021,普通系,绿耳松鼠,-1247.914153,-2324.998868,,,,https://map.17173.com/rocom/maps/shijie
17173-413699739648,精灵分布,17310030005,草系,伊贝儿,-1247.328388,-2244.132835,,,,https://map.17173.com/rocom/maps/shijie
17173-839571488768,精灵分布,17310030005,草系,伊贝儿,-1109.101012,-2107.9596,,,,https://map.17173.com/rocom/maps/shijie
17173-589687574528,精灵分布,17310030009,水系,板板壳,-1079.910576,-2105.532808,,,,https://map.17173.com/rocom/maps/shijie
17173-935740391424,精灵分布,17310030005,草系,蒲公英,-1000.920319,-2384.322664,,,,https://map.17173.com/rocom/maps/shijie
17173-218613305344,精灵分布,17310030005,草系,丢丢,-1037.328111,-2008.867422,,,,https://map.17173.com/rocom/maps/shijie
17173-77951610880,精灵分布,17310030011,幽系,锥尾羊,-1181.563963,-1402.269693,,,,https://map.17173.com/rocom/maps/shijie
17173-762552532992,精灵分布,17310030021,普通系,鸭吉吉,-1217.140047,-1363.212829,,,,https://map.17173.com/rocom/maps/shijie
17173-981882404864,精灵分布,17310030011,幽系,小灵菇,-1324.839723,-815.172148,,,,https://map.17173.com/rocom/maps/shijie
17173-913585717248,精灵分布,17310030005,草系,丢丢,-1862.80011,-1632.888816,,,,https://map.17173.com/rocom/maps/shijie
17173-937306271744,精灵分布,17310030005,草系,丢丢,-2099.54356,-1499.713705,,,,https://map.17173.com/rocom/maps/shijie
17173-419561385984,精灵分布,17310030007,火系,火苗,-1917.250513,-1632.383963,,,,https://map.17173.com/rocom/maps/shijie
17173-66367209472,精灵分布,17310030014,地系,布是石,-1798.744889,-2106.654714,,,,https://map.17173.com/rocom/maps/shijie
17173-401758240768,精灵分布,17310030014,地系,布是石,-1757.756787,-2290.462374,,,,https://map.17173.com/rocom/maps/shijie
17173-448507740160,精灵分布,17310030014,地系,地鼠家族,-1832.622692,-2398.739321,,,,https://map.17173.com/rocom/maps/shijie
17173-653441572864,精灵分布,17310030007,火系,可立鸡一族,18.567688,487.38821,,,,https://map.17173.com/rocom/maps/shijie
17173-573852651520,精灵分布,17310030015,龙系,寂灭骨龙,-1394.408616,-433.22562,,,,https://map.17173.com/rocom/maps/shijie
17173-329150332928,精灵分布,17310030010,翼系,小狮鹫,-479.946539,1521.655228,,,,https://map.17173.com/rocom/maps/shijie
17173-354876608512,精灵分布,17310030015,龙系,小骨龙,-1242.397581,-495.729934,,,,https://map.17173.com/rocom/maps/shijie
17173-460614819840,精灵分布,17310030010,翼系,精灵,370.504876,2416.809033,,,,https://map.17173.com/rocom/maps/shijie
17173-575157952512,精灵分布,17310030010,翼系,精灵,-643.768828,1915.601941,,,,https://map.17173.com/rocom/maps/shijie
17173-868849967104,精灵分布,17310030037,稀有精灵,罗隐,-1079.980982,-1861.184903,,,,https://map.17173.com/rocom/maps/shijie
17173-261386522624,精灵分布,17310030014,地系,罗隐,-1073.107248,-1899.563147,,,,https://map.17173.com/rocom/maps/shijie
17173-599931043840,精灵分布,17310030019,幻系,怖哭菇,-1350.472477,4.440823,,,,https://map.17173.com/rocom/maps/shijie
17173-970871758848,精灵分布,17310030019,幻系,怖哭菇,-1266.330842,104.895122,,,,https://map.17173.com/rocom/maps/shijie
17173-677642149888,精灵分布,17310030014,地系,布是石,-751.134337,-1735.263781,,,,https://map.17173.com/rocom/maps/shijie
17173-217722183680,精灵分布,17310030005,草系,草系 萌系 蒲公英,438.313409,-1242.43709,,,,https://map.17173.com/rocom/maps/shijie
17173-61161533440,精灵分布,17310030012,电系,电系 电咩咩,427.363027,-1246.546318,,,,https://map.17173.com/rocom/maps/shijie
17173-422164480000,精灵分布,17310030011,幽系,影狸,-254.776026,1508.468729,,,,https://map.17173.com/rocom/maps/shijie
17173-153430163456,精灵分布,17310030006,萌系,伪装精灵,-903.099542,-2939.842488,,,,https://map.17173.com/rocom/maps/shijie
17173-90496524288,精灵分布,17310030022,机械系,小箱怪,627.346235,1287.517991,,,,https://map.17173.com/rocom/maps/shijie
17173-305272365056,精灵分布,17310030010,翼系,魔翼鸟 绿翼鸟,-497.927682,-1999.790475,,,,https://map.17173.com/rocom/maps/shijie
17173-526522261504,精灵分布,17310030014,地系,动力猿,-540.382097,-2778.123717,,,,https://map.17173.com/rocom/maps/shijie
17173-768885071872,精灵分布,17310030007,火系,治愈兔,243.594503,210.211221,,,,https://map.17173.com/rocom/maps/shijie
17173-8570302464,精灵分布,17310030006,萌系,逗逗,-890.723078,735.784963,,,,https://map.17173.com/rocom/maps/shijie
17173-962883964928,精灵分布,17310030014,地系,棋绮后 棋齐垒 全家,336.072124,1125.815265,,,,https://map.17173.com/rocom/maps/shijie
17173-632162721792,精灵分布,17310030014,地系,奔波鼠,-36.21113,893.003309,,,,https://map.17173.com/rocom/maps/shijie
17173-412769349632,精灵分布,17310030008,虫系,毛毛,936.70059,-1720.999731,,,,https://map.17173.com/rocom/maps/shijie
17173-125554929664,精灵分布,17310030037,稀有精灵,罗隐&污染罗隐  恶魔狼,-1636.628344,-1914.187064,,,,https://map.17173.com/rocom/maps/shijie
17173-529808437248,精灵分布,17310030015,龙系,豆丁鱼，龙鱼,1645.959512,1246.484985,,,,https://map.17173.com/rocom/maps/shijie
17173-370566242304,精灵分布,17310030037,稀有精灵,灵狐（小概率刷新）,-1701.627785,-2806.447503,,,,https://map.17173.com/rocom/maps/shijie
17173-935298457600,精灵分布,17310030007,火系,奇丽叶&互主犬,1579.712101,-1452.837892,,,,https://map.17173.com/rocom/maps/shijie
17173-346464448512,精灵分布,17310030009,水系,小海龟,1432.49602,-1432.459227,,,,https://map.17173.com/rocom/maps/shijie
17173-107636584448,精灵分布,17310030009,水系,小鼠懒,1216.828749,-1399.03613,,,,https://map.17173.com/rocom/maps/shijie
17173-6712836096,精灵分布,17310030037,稀有精灵,我的灵狐在这个山崖上,-1789.650949,-2619.51257,,,,https://map.17173.com/rocom/maps/shijie
17173-404212596736,精灵分布,17310030014,地系,地系精灵 石石,-1318.207105,-1053.138617,,,,https://map.17173.com/rocom/maps/shijie
17173-405222731776,精灵分布,17310030009,水系,千棘盔,932.099783,-2000.725799,,,,https://map.17173.com/rocom/maps/shijie
17173-318151819264,精灵分布,17310030037,稀有精灵,恶魔狼,-1516.938544,-884.044747,,,,https://map.17173.com/rocom/maps/shijie
17173-507267919872,精灵分布,17310030007,火系,红丝绒,-743.291721,675.127519,,,,https://map.17173.com/rocom/maps/shijie
17173-764236124160,精灵分布,17310030013,光系,精英首领 · 钻石蜗,-525.621403,337.889783,,,,https://map.17173.com/rocom/maps/shijie
17173-466857979904,精灵分布,17310030008,虫系,毛毛家族,804.21124,-1844.991275,,,,https://map.17173.com/rocom/maps/shijie
17173-640167096320,精灵分布,17310030005,草系,春团家族,45.214705,-946.051313,,,,https://map.17173.com/rocom/maps/shijie
17173-873235234816,精灵分布,17310030008,虫系,毛毛,668.288908,-1873.237376,,,,https://map.17173.com/rocom/maps/shijie
17173-607272120320,精灵分布,17310030018,恶系,恶魔叮,-26.305762,-2455.80745,,,,https://map.17173.com/rocom/maps/shijie
17173-472225218560,精灵分布,17310030020,冰系,脆筒甜甜,1240.634252,1089.053546,,,,https://map.17173.com/rocom/maps/shijie
17173-563140952064,精灵分布,17310030020,冰系,脆筒甜甜,1504.172363,1074.450299,,,,https://map.17173.com/rocom/maps/shijie
17173-671882342400,精灵分布,17310030020,冰系,脆筒甜甜,1646.564691,834.682055,,,,https://map.17173.com/rocom/maps/shijie
17173-771162357760,精灵分布,17310030010,翼系,蓝色岚鸟,-1215.165125,-2902.914945,,,,https://map.17173.com/rocom/maps/shijie
17173-446204293120,收集,17310030036,乐谱,崭新乐章,-651.027474,-2076.577736,,,,https://map.17173.com/rocom/maps/shijie
17173-329165721600,收集,17310030036,乐谱,崭新乐章,580.429154,2598.864537,,,,https://map.17173.com/rocom/maps/shijie
17173-935595249664,收集,17310030036,乐谱,翻找物（乐章）,1305.507087,-638.851059,,,,https://map.17173.com/rocom/maps/shijie
17173-624864292864,收集,17310030036,乐谱,城门上方翻找（崭新乐章）,80.343268,826.8204,,,,https://map.17173.com/rocom/maps/shijie
17173-445113749504,收集,17310030036,乐谱,翻找物,379.628895,-322.80844,,,,https://map.17173.com/rocom/maps/shijie
17173-726210252800,收集,17310030036,乐谱,翻找物（乐章）,611.39507,-253.237448,,,,https://map.17173.com/rocom/maps/shijie
17173-864250421248,收集,17310030036,乐谱,翻找崭新乐章（丰收的颂歌）,-308.512451,91.47794,,,,https://map.17173.com/rocom/maps/shijie
17173-908161138688,收集,17310030036,乐谱,翻找崭新乐章（誓约回响）,383.642295,235.89681,,,,https://map.17173.com/rocom/maps/shijie
17173-750236618752,收集,17310030036,乐谱,翻找崭新乐章（海浪奏响乐章）,952.23249,433.342353,,,,https://map.17173.com/rocom/maps/shijie
17173-428135071744,收集,17310030036,乐谱,崭新乐章,239.663492,-1003.029995,,,,https://map.17173.com/rocom/maps/shijie
17173-429101473792,收集,17310030036,乐谱,乐章,1682.060483,978.515048,,,,https://map.17173.com/rocom/maps/shijie
17173-210139824128,收集,17310030036,乐谱,音乐,-545.462924,1741.309903,,,,https://map.17173.com/rocom/maps/shijie
17173-276575363072,收集,17310030036,乐谱,音乐,387.199443,-1672.510782,,,,https://map.17173.com/rocom/maps/shijie
17173-118907691008,收集,17310030036,乐谱,乐章,1094.40943,-1177.123322,,,,https://map.17173.com/rocom/maps/shijie
17173-852751134720,收集,17310030036,乐谱,乐章,-1237.80477,-140.842767,,,,https://map.17173.com/rocom/maps/shijie
17173-843762302976,收集,17310030036,乐谱,乐章,-2079.00511,-2001.592702,,,,https://map.17173.com/rocom/maps/shijie
17173-292405866496,收集,17310030036,乐谱,音乐,-1100.95399,-2566.11349,,,,https://map.17173.com/rocom/maps/shijie
17173-729060732928,收集,17310030036,乐谱,风车塔底,-319.176649,-2044.314167,,,,https://map.17173.com/rocom/maps/shijie
17173-755034693632,收集,17310030036,乐谱,乐曲,759.254928,-1545.589939,,,,https://map.17173.com/rocom/maps/shijie
17173-441528225792,收集,17310030036,乐谱,塔上音乐,792.774791,-1315.171973,,,,https://map.17173.com/rocom/maps/shijie
17173-632973885440,收集,17310030036,乐谱,唱片，在店里,818.091863,-1309.957321,,,,https://map.17173.com/rocom/maps/shijie
17173-343569879040,收集,17310030036,乐谱,乐章,-1490.532076,-2866.621832,,,,https://map.17173.com/rocom/maps/shijie
17173-97961791488,收集,17310030036,乐谱,乐章,-1197.230201,-2249.581299,,,,https://map.17173.com/rocom/maps/shijie
17173-162165407744,收集,17310030036,乐谱,乐章,-1022.901787,-1018.890133,,,,https://map.17173.com/rocom/maps/shijie
17173-11162210304,收集,17310030036,乐谱,乐章,-801.604397,-979.409558,,,,https://map.17173.com/rocom/maps/shijie
17173-876593266688,收集,17310030036,乐谱,牌子后面音乐,67.461724,-2320.461197,,,,https://map.17173.com/rocom/maps/shijie
17173-575527116800,收集,17310030036,乐谱,楼上红衣女人,-52.810488,-1366.060359,,,,https://map.17173.com/rocom/maps/shijie
17173-369665454080,收集,17310030036,乐谱,地下-乐章,505.795669,1834.930289,,,,https://map.17173.com/rocom/maps/shijie
17173-91703570432,收集,17310030036,乐谱,乐章,-759.055084,-2344.919841,,,,https://map.17173.com/rocom/maps/shijie
17173-366402334720,收集,17310030036,乐谱,乐章,-1880.180941,-1286.294745,,,,https://map.17173.com/rocom/maps/shijie
17173-16904196096,收集,17310030036,乐谱,商店街,823.464782,-1339.174698,,,,https://map.17173.com/rocom/maps/shijie
17173-291020742656,收集,17310030036,乐谱,乐章,-1597.406688,-2872.064095,,,,https://map.17173.com/rocom/maps/shijie
17173-398079823872,收集,17310030036,乐谱,音乐-追忆回响,-1895.374553,-2620.195454,,,,https://map.17173.com/rocom/maps/shijie
17173-900426768384,收集,17310030036,乐谱,乐章,-1737.220169,-2231.607639,,,,https://map.17173.com/rocom/maps/shijie
17173-847411306496,收集,17310030036,乐谱,音乐,-828.184163,-1827.325176,,,,https://map.17173.com/rocom/maps/shijie
17173-181219332096,收集,17310030036,乐谱,音乐,1207.690907,1350.312004,,,,https://map.17173.com/rocom/maps/shijie
17173-536789340160,收集,17310030036,乐谱,音乐,1348.273868,943.474853,,,,https://map.17173.com/rocom/maps/shijie
17173-822507220992,收集,17310030036,乐谱,爱的秘密基地,-40.323047,2074.408325,,,,https://map.17173.com/rocom/maps/shijie
17173-295282769920,收集,17310030036,乐谱,音乐,-337.731822,-1433.573321,,,,https://map.17173.com/rocom/maps/shijie
17173-510039871488,收集,17310030036,乐谱,乐谱,223.543754,2464.072897,,,,https://map.17173.com/rocom/maps/shijie
17173-826735579136,收集,17310030036,乐谱,音乐,788.684315,284.966238,,,,https://map.17173.com/rocom/maps/shijie
17173-723360423936,收集,17310030036,乐谱,音乐,1648.395144,837.262716,,,,https://map.17173.com/rocom/maps/shijie
17173-82995224576,收集,17310030036,乐谱,独角兽的梦境,-888.587773,-205.623048,,,,https://map.17173.com/rocom/maps/shijie
17173-698712891392,收集,17310030036,乐谱,音乐,-784.419675,1737.78314,,,,https://map.17173.com/rocom/maps/shijie
17173-226963968000,收集,17310030036,乐谱,音乐,-287.56548,1940.548983,,,,https://map.17173.com/rocom/maps/shijie
17173-778204004352,收集,17310030036,乐谱,音乐,-923.174718,1979.157969,,,,https://map.17173.com/rocom/maps/shijie
17173-245522432,收集,17310030036,乐谱,音乐,-772.555751,2343.637134,,,,https://map.17173.com/rocom/maps/shijie
17173-577489518592,收集,17310030036,乐谱,乐章,-1417.105127,-478.208843,,,,https://map.17173.com/rocom/maps/shijie
17173-67612708864,收集,17310030036,乐谱,音乐-追忆回响,1209.294439,-1451.936931,,,,https://map.17173.com/rocom/maps/shijie
17173-26641981440,收集,17310030036,乐谱,乐章,-366.879764,-1845.200216,,,,https://map.17173.com/rocom/maps/shijie
17173-477587144704,收集,17310030036,乐谱,地下,648.63203,405.337777,,,,https://map.17173.com/rocom/maps/shijie
17173-35134836736,收集,17310030036,乐谱,乐章,-147.214837,903.974557,,,,https://map.17173.com/rocom/maps/shijie
17173-910946353152,收集,17310030036,乐谱,乐章,-571.357381,56.895608,,,,https://map.17173.com/rocom/maps/shijie
17173-638088536064,收集,17310030036,乐谱,乐章,-646.48299,1777.124838,,,,https://map.17173.com/rocom/maps/shijie
17173-231514656768,收集,17310030036,乐谱,洞里桌子上,511.413955,243.041484,,,,https://map.17173.com/rocom/maps/shijie
17173-172766355456,收集,17310030036,乐谱,音符,118.166637,1748.092197,,,,https://map.17173.com/rocom/maps/shijie
17173-466957041664,收集,17310030036,乐谱,地下的崭新乐章《光的信仰》,-50.699991,120.796106,,,,https://map.17173.com/rocom/maps/shijie
17173-795356471296,收集,17310030036,乐谱,乐章,1125.696277,-1090.242114,,,,https://map.17173.com/rocom/maps/shijie
17173-519426240512,收集,17310030036,乐谱,乐谱,420.151854,1329.09998,,,,https://map.17173.com/rocom/maps/shijie
17173-188733235200,收集,17310030036,乐谱,乐章,1625.648349,-1346.995171,,,,https://map.17173.com/rocom/maps/shijie
17173-958897504256,地点,17310030025,克罗修斯的试炼,克罗修斯的试炼,-1848.866041,-2647.040521,,,,https://map.17173.com/rocom/maps/shijie
17173-703536545792,战斗,17310030026,露天对战,露天挑战（凯夫曼）,-118.85652,-1474.208129,,,,https://map.17173.com/rocom/maps/shijie
17173-463690383360,战斗,17310030026,露天对战,露天对战（莎拉）,429.295107,-1856.86865,,,,https://map.17173.com/rocom/maps/shijie
17173-322437668864,战斗,17310030026,露天对战,露天对战（崔妮蒂）,-394.626899,-2243.971374,,,,https://map.17173.com/rocom/maps/shijie
17173-955758133248,战斗,17310030026,露天对战,露天挑战（梅尔）,-1099.706881,-2685.91765,,,,https://map.17173.com/rocom/maps/shijie
17173-830103834624,战斗,17310030026,露天对战,露比（露天对战）,0.921284,2086.952545,,,,https://map.17173.com/rocom/maps/shijie
17173-941078495232,战斗,17310030026,露天对战,露天对战老师捷比,72.905318,2236.499462,,,,https://map.17173.com/rocom/maps/shijie
17173-208947269632,战斗,17310030026,露天对战,露天对战茱莉亚,303.062864,2646.244307,,,,https://map.17173.com/rocom/maps/shijie
17173-930273517568,战斗,17310030026,露天对战,露天对战（帕玛）,-1438.395854,-2839.592298,,,,https://map.17173.com/rocom/maps/shijie
17173-163364220928,战斗,17310030026,露天对战,露天对战鹿娜,147.912897,2306.721253,,,,https://map.17173.com/rocom/maps/shijie
17173-910253289472,战斗,17310030026,露天对战,露天挑战·埃德里克,-1688.878312,-2936.171348,,,,https://map.17173.com/rocom/maps/shijie
17173-891107344384,战斗,17310030026,露天对战,露天挑战·尼尔森,-1112.007805,-1962.663521,,,,https://map.17173.com/rocom/maps/shijie
17173-53637550080,战斗,17310030026,露天对战,露天对战·丹尼,-381.24596,-1418.004187,,,,https://map.17173.com/rocom/maps/shijie
17173-618054717440,战斗,17310030026,露天对战,露天挑战·史密斯,-1651.693163,-1332.850366,,,,https://map.17173.com/rocom/maps/shijie
17173-33704443904,战斗,17310030026,露天对战,露天挑战·温蒂,-1438.011685,-1458.6126,,,,https://map.17173.com/rocom/maps/shijie
17173-442620477440,战斗,17310030026,露天对战,露天对战·弗拉迪,-1091.258247,-1577.512311,,,,https://map.17173.com/rocom/maps/shijie
17173-514488471552,战斗,17310030026,露天对战,露天挑战·科林,-765.959141,-1639.741426,,,,https://map.17173.com/rocom/maps/shijie
17173-569589325824,战斗,17310030026,露天对战,露天对战·贝克特,-613.203423,-446.541308,,,,https://map.17173.com/rocom/maps/shijie
17173-16369016832,战斗,17310030026,露天对战,露天对战·邦迪,-761.567699,-468.528252,,,,https://map.17173.com/rocom/maps/shijie
17173-645501943808,战斗,17310030026,露天对战,露天对战·凯丽娜,-431.06464,-593.675195,,,,https://map.17173.com/rocom/maps/shijie
17173-163456319488,战斗,17310030026,露天对战,露天对战·贝妮赛,463.68744,-356.495296,,,,https://map.17173.com/rocom/maps/shijie
17173-203949883392,战斗,17310030026,露天对战,露天对战·亚罗,53.78869,-517.915078,,,,https://map.17173.com/rocom/maps/shijie
17173-386811367424,战斗,17310030026,露天对战,珍蓓,594.798297,-273.345856,,,,https://map.17173.com/rocom/maps/shijie
17173-536468766720,战斗,17310030026,露天对战,小达利,647.86686,37.977878,,,,https://map.17173.com/rocom/maps/shijie
17173-219350863872,战斗,17310030026,露天对战,罗德里,-427.736066,-244.689707,,,,https://map.17173.com/rocom/maps/shijie
17173-814693134336,战斗,17310030026,露天对战,撒曼查（露天对战）,55.422795,2575.168734,,,,https://map.17173.com/rocom/maps/shijie
17173-610464780288,战斗,17310030026,露天对战,露天对战（萨萨巫）,358.687378,1886.376471,,,,https://map.17173.com/rocom/maps/shijie
17173-50746535936,战斗,17310030026,露天对战,露天对战（海伦）,589.194529,1904.458888,,,,https://map.17173.com/rocom/maps/shijie
17173-618109054976,战斗,17310030026,露天对战,露天对战（唐斯）,1003.169737,-1825.13576,,,,https://map.17173.com/rocom/maps/shijie
17173-861355192320,战斗,17310030026,露天对战,露天对战（波特）,344.880968,153.267024,,,,https://map.17173.com/rocom/maps/shijie
17173-887141335040,战斗,17310030026,露天对战,露天对战（男爵波特）,-439.43259,786.111008,,,,https://map.17173.com/rocom/maps/shijie
17173-160584056832,战斗,17310030026,露天对战,露天对战（葛文）,572.42411,652.247408,,,,https://map.17173.com/rocom/maps/shijie
17173-890179268608,战斗,17310030026,露天对战,吉格斯,488.974467,465.871109,,,,https://map.17173.com/rocom/maps/shijie
17173-817947742208,战斗,17310030026,露天对战,露天对战（舞者伊丝）,-688.102771,1515.673976,,,,https://map.17173.com/rocom/maps/shijie
17173-283765116928,战斗,17310030026,露天对战,露天对战（婕妮）,734.521803,2524.58333,,,,https://map.17173.com/rocom/maps/shijie
17173-601961005056,战斗,17310030026,露天对战,露天对战（妮蔓）,386.458862,1744.526598,,,,https://map.17173.com/rocom/maps/shijie
17173-380589875200,战斗,17310030026,露天对战,露天对战（基恩）,-648.811941,662.295984,,,,https://map.17173.com/rocom/maps/shijie
17173-347180732416,战斗,17310030026,露天对战,露天对战（恩利）,405.726448,871.033978,,,,https://map.17173.com/rocom/maps/shijie
17173-85319667712,战斗,17310030026,露天对战,露天对战（婕德）,-137.770461,-1841.785316,,,,https://map.17173.com/rocom/maps/shijie
17173-365540241408,战斗,17310030026,露天对战,露天对战（拉缇）,-534.722427,-1879.931549,,,,https://map.17173.com/rocom/maps/shijie
17173-600206827520,战斗,17310030026,露天对战,露天对战（卡卡）,54.792557,-2342.071859,,,,https://map.17173.com/rocom/maps/shijie
17173-545400410112,战斗,17310030026,露天对战,塞塔,-1442.745022,-26.235525,,,,https://map.17173.com/rocom/maps/shijie
17173-492099268608,战斗,17310030026,露天对战,露天对战-阿道夫,542.884248,-2163.493864,,,,https://map.17173.com/rocom/maps/shijie
17173-372328767488,战斗,17310030026,露天对战,小贝拉,-1397.892501,-218.888962,,,,https://map.17173.com/rocom/maps/shijie
17173-795649056768,战斗,17310030026,露天对战,露天对战（苏比）,-922.613072,-87.93314,,,,https://map.17173.com/rocom/maps/shijie
17173-470917545984,战斗,17310030026,露天对战,露天对战（索林）,-1921.219688,-1685.406048,,,,https://map.17173.com/rocom/maps/shijie
17173-668573401088,战斗,17310030026,露天对战,露天对战,628.150624,-2187.974289,,,,https://map.17173.com/rocom/maps/shijie
17173-696871706624,战斗,17310030026,露天对战,塔拉,1170.821722,-1416.185557,,,,https://map.17173.com/rocom/maps/shijie
17173-901595684864,战斗,17310030026,露天对战,露天对战,721.066494,-912.111775,,,,https://map.17173.com/rocom/maps/shijie
17173-185965166592,战斗,17310030026,露天对战,露天对战,165.855304,-1022.519068,,,,https://map.17173.com/rocom/maps/shijie
17173-894816362496,战斗,17310030026,露天对战,长胡子的说着“好无聊啊”直接对战,971.184092,-1138.959254,,,,https://map.17173.com/rocom/maps/shijie
17173-68900937728,战斗,17310030026,露天对战,这有个老头可以打,780.107564,-1390.845056,,,,https://map.17173.com/rocom/maps/shijie
17173-980074180608,战斗,17310030026,露天对战,露天对战,152.395174,-1708.63045,,,,https://map.17173.com/rocom/maps/shijie
17173-545714954240,战斗,17310030026,露天对战,露天对决,17.178349,-1535.506809,,,,https://map.17173.com/rocom/maps/shijie
17173-668128821248,战斗,17310030026,露天对战,对战,-29.357355,-1354.61243,,,,https://map.17173.com/rocom/maps/shijie
17173-774239653888,战斗,17310030026,露天对战,露天对战,292.528378,-1188.298443,,,,https://map.17173.com/rocom/maps/shijie
17173-133507223552,战斗,17310030026,露天对战,依古,771.057716,-1472.482341,,,,https://map.17173.com/rocom/maps/shijie
17173-562970333184,战斗,17310030026,露天对战,神采飞扬的凯尔赛,895.345561,-2065.928062,,,,https://map.17173.com/rocom/maps/shijie
17173-522892697600,战斗,17310030026,露天对战,阿尔贝特,289.465564,-2070.813932,,,,https://map.17173.com/rocom/maps/shijie
17173-613493583872,战斗,17310030026,露天对战,汉默,19.520937,-1073.218485,,,,https://map.17173.com/rocom/maps/shijie
17173-55363858432,战斗,17310030026,露天对战,蛮不讲理的海员,903.565569,435.945281,,,,https://map.17173.com/rocom/maps/shijie
17173-933199761408,战斗,17310030026,露天对战,贩卖体验的商人,725.897223,1755.01602,,,,https://map.17173.com/rocom/maps/shijie
17173-846685978624,战斗,17310030026,露天对战,欧洛丝,-1005.344537,-2807.755307,,,,https://map.17173.com/rocom/maps/shijie
17173-363764408320,战斗,17310030026,露天对战,神情严肃的艺术家,-570.444021,1602.629995,,,,https://map.17173.com/rocom/maps/shijie
17173-100007006208,战斗,17310030026,露天对战,露天对决,312.267809,460.893809,,,,https://map.17173.com/rocom/maps/shijie
17173-774103461888,战斗,17310030026,露天对战,诺托斯,-993.172508,-2543.461045,,,,https://map.17173.com/rocom/maps/shijie
17173-982433665024,战斗,17310030026,露天对战,谨慎的村民,509.610494,1632.806234,,,,https://map.17173.com/rocom/maps/shijie
17173-545386446848,战斗,17310030026,露天对战,露天对战-邮差卡伦,-230.423911,875.684048,,,,https://map.17173.com/rocom/maps/shijie
17173-806538665984,战斗,17310030026,露天对战,战斗,-282.80312,-1817.003508,,,,https://map.17173.com/rocom/maps/shijie
17173-903008346112,战斗,17310030026,露天对战,贝迪,997.344684,-432.794927,,,,https://map.17173.com/rocom/maps/shijie
17173-145229402112,战斗,17310030026,露天对战,鲁恩,1023.668888,-343.205189,,,,https://map.17173.com/rocom/maps/shijie
17173-494324129792,战斗,17310030026,露天对战,对战,1396.070325,-1367.696388,,,,https://map.17173.com/rocom/maps/shijie
17173-307879964672,战斗,17310030026,露天对战,菲尔波 魔法师之家码头,1576.565114,-1457.764829,,,,https://map.17173.com/rocom/maps/shijie
17173-818588602368,战斗,17310030026,露天对战,隐藏免费蛋,179.213686,-1064.33759,,,,https://map.17173.com/rocom/maps/shijie
17173-894101045248,战斗,17310030026,露天对战,邮差坎特,-714.388653,972.347818,,,,https://map.17173.com/rocom/maps/shijie
17173-140884176896,战斗,17310030026,露天对战,村长,-814.432094,762.417497,,,,https://map.17173.com/rocom/maps/shijie
17173-84156428288,战斗,17310030026,露天对战,自满的洛克,219.574443,758.079668,,,,https://map.17173.com/rocom/maps/shijie
17173-358926303232,战斗,17310030026,露天对战,露天对战,349.368733,1155.396695,,,,https://map.17173.com/rocom/maps/shijie
17173-794479915008,战斗,17310030026,露天对战,魔法卫队,49.522005,814.500279,,,,https://map.17173.com/rocom/maps/shijie
17173-944260280320,战斗,17310030026,露天对战,伦娜,901.917553,1872.524373,,,,https://map.17173.com/rocom/maps/shijie
17173-930685923328,战斗,17310030026,露天对战,温妮（露天对战）,1456.477555,-1499.362859,,,,https://map.17173.com/rocom/maps/shijie
17173-291693842432,战斗,17310030026,露天对战,老路色,-319.687378,243.93728,,,,https://map.17173.com/rocom/maps/shijie
17173-333705891840,战斗,17310030026,露天对战,德雷克管家,-267.791746,212.346205,,,,https://map.17173.com/rocom/maps/shijie
17173-433447104512,战斗,17310030026,露天对战,老塞恩,-272.087146,352.771115,,,,https://map.17173.com/rocom/maps/shijie
17173-807603929088,战斗,17310030026,露天对战,地下的露天对战,-27.938292,125.794115,,,,https://map.17173.com/rocom/maps/shijie
17173-500965257216,战斗,17310030026,露天对战,露天对决，乔娜,191.431919,289.353462,,,,https://map.17173.com/rocom/maps/shijie
17173-530087002112,战斗,17310030026,露天对战,对战,124.371071,-1727.532506,,,,https://map.17173.com/rocom/maps/shijie
17173-855243304960,战斗,17310030026,露天对战,露天挑战弗里恩,500.682641,1837.982143,,,,https://map.17173.com/rocom/maps/shijie
17173-903154503680,战斗,17310030026,露天对战,对战,-488.046296,2403.108438,,,,https://map.17173.com/rocom/maps/shijie
17173-610096099328,战斗,17310030026,露天对战,露天对战,-641.948419,778.299665,,,,https://map.17173.com/rocom/maps/shijie
17173-20310597632,战斗,17310030026,露天对战,杰里科,493.217636,1249.601069,,,,https://map.17173.com/rocom/maps/shijie
17173-994384617472,战斗,17310030026,露天对战,怀念好友的守墓人,-337.367935,394.130495,,,,https://map.17173.com/rocom/maps/shijie
17173-445822177280,战斗,17310030026,露天对战,阴郁的执行官,-251.110444,937.629711,,,,https://map.17173.com/rocom/maps/shijie
17173-236681609216,战斗,17310030026,露天对战,擅长对战的富商,1361.935397,1055.150404,,,,https://map.17173.com/rocom/maps/shijie
17173-689342816256,战斗,17310030026,露天对战,擅长对战的骑士,1248.030055,1385.768717,,,,https://map.17173.com/rocom/maps/shijie
17173-375828746240,战斗,17310030026,露天对战,失落的魔法学生,947.53491,940.948992,,,,https://map.17173.com/rocom/maps/shijie
17173-821321977856,战斗,17310030026,露天对战,诱捕精灵的监视者,868.509,221.478343,,,,https://map.17173.com/rocom/maps/shijie
17173-563117531136,战斗,17310030026,露天对战,擅长对战的贵妇,1627.1791,827.309077,,,,https://map.17173.com/rocom/maps/shijie
17173-215060639744,战斗,17310030026,露天对战,露天对战 莱恩,56.584437,178.176,,,,https://map.17173.com/rocom/maps/shijie
17173-446119010304,战斗,17310030026,露天对战,露天对战-神情严肃的骑士,-871.560773,1747.362574,,,,https://map.17173.com/rocom/maps/shijie
17173-282485964800,战斗,17310030026,露天对战,露天对战-神情严肃的牧师,-373.961303,1962.81145,,,,https://map.17173.com/rocom/maps/shijie
17173-432538955776,战斗,17310030026,露天对战,露天对战-兰斯洛,-501.955344,1723.577535,,,,https://map.17173.com/rocom/maps/shijie
17173-409979498496,战斗,17310030026,露天对战,弗达,186.349185,1618.262007,,,,https://map.17173.com/rocom/maps/shijie
17173-914398076928,任务,17310030027,支线任务,支线任务-迎风再出发,-109.261639,-2226.306934,,,,https://map.17173.com/rocom/maps/shijie
17173-815208914944,任务,17310030027,支线任务,支线任务：令人头疼的研究,127.641203,-1800.790243,,,,https://map.17173.com/rocom/maps/shijie
17173-465882234880,任务,17310030027,支线任务,任务（给大爷和班班拍照）,498.651835,-1946.627163,,,,https://map.17173.com/rocom/maps/shijie
17173-208346611712,任务,17310030027,支线任务,方方支线任务,748.780624,-1581.041781,,,,https://map.17173.com/rocom/maps/shijie
17173-192127553536,任务,17310030027,支线任务,祭坛挑战,-1207.496457,-2591.98714,,,,https://map.17173.com/rocom/maps/shijie
17173-925542084608,任务,17310030027,支线任务,走失的代步精灵-风息山口,-560.177455,-1295.598454,,,,https://map.17173.com/rocom/maps/shijie
17173-871907753984,任务,17310030027,支线任务,走失的代步精灵·清风山,-253.712194,-2331.71668,,,,https://map.17173.com/rocom/maps/shijie
17173-393997938688,任务,17310030027,支线任务,走失的代步精灵·皇家办事处,-45.190929,-1757.034446,,,,https://map.17173.com/rocom/maps/shijie
17173-200621981696,任务,17310030027,支线任务,走失的代步精灵·始,730.341844,-1615.352206,,,,https://map.17173.com/rocom/maps/shijie
17173-923474972672,任务,17310030027,支线任务,迷茫无助的洛克,-873.870372,-1746.602246,,,,https://map.17173.com/rocom/maps/shijie
17173-174097907712,任务,17310030027,支线任务,考斯特,-119.980887,-1367.274416,,,,https://map.17173.com/rocom/maps/shijie
17173-925171187712,任务,17310030027,支线任务,员工放松计划,-13.796577,-918.250884,,,,https://map.17173.com/rocom/maps/shijie
17173-189820416000,任务,17310030027,支线任务,被绑走的小英,-1714.33629,-1320.632839,,,,https://map.17173.com/rocom/maps/shijie
17173-687809146880,任务,17310030027,支线任务,闻闻,582.097192,2587.560004,,,,https://map.17173.com/rocom/maps/shijie
17173-476849979392,任务,17310030027,支线任务,故乡的滋味,-729.846577,-1529.249778,,,,https://map.17173.com/rocom/maps/shijie
17173-197678792704,任务,17310030027,支线任务,遗失的歌谣,716.754952,-66.611506,,,,https://map.17173.com/rocom/maps/shijie
17173-135853453312,任务,17310030027,支线任务,对战,294.871235,-2074.916242,,,,https://map.17173.com/rocom/maps/shijie
17173-940436602880,任务,17310030027,支线任务,梦游记,1799.394266,-1428.970194,,,,https://map.17173.com/rocom/maps/shijie
17173-805644275712,任务,17310030027,支线任务,给小精灵撑伞,834.012807,-1349.421425,,,,https://map.17173.com/rocom/maps/shijie
17173-90156785664,任务,17310030027,支线任务,走失的代步精灵-终,756.436416,-1609.943826,,,,https://map.17173.com/rocom/maps/shijie
17173-262728232960,任务,17310030027,支线任务,等级晋升任务，每隔10级晋升,1236.544714,-1528.640515,,,,https://map.17173.com/rocom/maps/shijie
17173-794467958784,任务,17310030028,未分类任务,需要一只能发出圆号声音的精灵,692.40393,-2085.398351,,,,https://map.17173.com/rocom/maps/shijie
17173-219768516608,任务,17310030028,未分类任务,npc，白发懒人,-780.217228,-2116.111409,,,,https://map.17173.com/rocom/maps/shijie
17173-737687715840,任务,17310030028,未分类任务,被遗弃的额板板壳,-819.053512,-2646.407387,,,,https://map.17173.com/rocom/maps/shijie
17173-841792901120,任务,17310030028,未分类任务,古币兑换1号抽屉,662.597698,-162.217268,,,,https://map.17173.com/rocom/maps/shijie
17173-52617101312,任务,17310030028,未分类任务,古币兑换,-1418.731496,-316.194739,,,,https://map.17173.com/rocom/maps/shijie
17173-746057850880,任务,17310030028,未分类任务,彼名噩梦4,-1471.706472,-569.982716,,,,https://map.17173.com/rocom/maps/shijie
17173-719830568960,任务,17310030028,未分类任务,NPC，尖嘴狐仙,-1944.215374,-1904.240295,,,,https://map.17173.com/rocom/maps/shijie
17173-35730292736,任务,17310030028,未分类任务,完成任务获取华丽宝箱,247.291602,772.193371,,,,https://map.17173.com/rocom/maps/shijie
17173-803665907712,任务,17310030028,未分类任务,帮助地鼠,-395.404506,-1522.605634,,,,https://map.17173.com/rocom/maps/shijie
17173-600005447680,任务,17310030028,未分类任务,一张小纸条,768.011614,-1420.444187,,,,https://map.17173.com/rocom/maps/shijie
17173-336733618176,任务,17310030028,未分类任务,告示牌,822.10844,-1355.379704,,,,https://map.17173.com/rocom/maps/shijie
17173-118940442624,地点,17310030029,挑战小游戏,国王,852.404258,-2072.264003,,,,https://map.17173.com/rocom/maps/shijie
17173-412520943616,地点,17310030029,挑战小游戏,迷你挑战,-965.068732,-2131.82921,,,,https://map.17173.com/rocom/maps/shijie
17173-857450905600,地点,17310030029,挑战小游戏,迷你挑战,-1420.191808,-2842.07258,,,,https://map.17173.com/rocom/maps/shijie
17173-846149701632,地点,17310030029,挑战小游戏,迷你挑战,-1008.517703,-1954.333712,,,,https://map.17173.com/rocom/maps/shijie
17173-326646538240,地点,17310030029,挑战小游戏,噩梦圣杯,1173.813003,177.071417,,,,https://map.17173.com/rocom/maps/shijie
17173-158595436544,地点,17310030029,挑战小游戏,迷你挑战,1.317049,772.313986,,,,https://map.17173.com/rocom/maps/shijie
17173-680900812800,地点,17310030029,挑战小游戏,迷你挑战,8.867004,854.448093,,,,https://map.17173.com/rocom/maps/shijie
17173-228748156928,地点,17310030029,挑战小游戏,迷你挑战,-401.430099,183.986883,,,,https://map.17173.com/rocom/maps/shijie
17173-331370844160,地点,17310030029,挑战小游戏,迷你挑战,-580.941293,964.528205,,,,https://map.17173.com/rocom/maps/shijie
17173-223024111616,地点,17310030029,挑战小游戏,迷你挑战,-1157.201068,590.51638,,,,https://map.17173.com/rocom/maps/shijie
17173-49768566784,地点,17310030029,挑战小游戏,迷你挑战,526.16218,445.880328,,,,https://map.17173.com/rocom/maps/shijie
17173-738492837888,地点,17310030029,挑战小游戏,迷你挑战,-717.785478,535.279975,,,,https://map.17173.com/rocom/maps/shijie
17173-136431554560,地点,17310030029,挑战小游戏,迷你挑战,-1330.772431,-911.918014,,,,https://map.17173.com/rocom/maps/shijie
17173-601590394880,地点,17310030029,挑战小游戏,珍贵挑战宝箱,1192.637029,-1456.299624,,,,https://map.17173.com/rocom/maps/shijie
17173-817019195392,地点,17310030029,挑战小游戏,挑战小游戏,-231.497264,-1866.749924,,,,https://map.17173.com/rocom/maps/shijie
17173-929640579072,地点,17310030029,挑战小游戏,挑战,43.569025,-1570.442946,,,,https://map.17173.com/rocom/maps/shijie
17173-546262573056,地点,17310030029,挑战小游戏,挑战小游戏,43.679633,-1154.015658,,,,https://map.17173.com/rocom/maps/shijie
17173-851552579584,地点,17310030029,挑战小游戏,承重,-130.44275,-1454.547325,,,,https://map.17173.com/rocom/maps/shijie
17173-537486266368,地点,17310030029,挑战小游戏,承重,604.927973,-2024.919301,,,,https://map.17173.com/rocom/maps/shijie
17173-200152731648,地点,17310030029,挑战小游戏,限时挑战,826.034987,-1273.647739,,,,https://map.17173.com/rocom/maps/shijie
17173-105833652224,地点,17310030029,挑战小游戏,重量按钮,315.799845,-2180.000801,,,,https://map.17173.com/rocom/maps/shijie
17173-843402661888,地点,17310030029,挑战小游戏,限时挑战,1081.170209,-1106.870131,,,,https://map.17173.com/rocom/maps/shijie
17173-904216928256,地点,17310030029,挑战小游戏,重量按钮,-95.687191,-1590.617949,,,,https://map.17173.com/rocom/maps/shijie
17173-783854137344,地点,17310030029,挑战小游戏,20~40的重量,-43.318507,-1388.561448,,,,https://map.17173.com/rocom/maps/shijie
17173-857147535360,地点,17310030029,挑战小游戏,20-40kg重量按钮,13.90343,-919.794423,,,,https://map.17173.com/rocom/maps/shijie
17173-774412410880,地点,17310030029,挑战小游戏,小挑战,-878.460545,-2792.360711,,,,https://map.17173.com/rocom/maps/shijie
17173-309463535616,地点,17310030029,挑战小游戏,挑战,-1271.653969,-1566.736458,,,,https://map.17173.com/rocom/maps/shijie
17173-932121821184,地点,17310030029,挑战小游戏,挑战游戏,-574.922213,-1197.400186,,,,https://map.17173.com/rocom/maps/shijie
17173-56836370432,地点,17310030029,挑战小游戏,石碑宝箱,553.68775,1904.788915,,,,https://map.17173.com/rocom/maps/shijie
17173-798147391488,地点,17310030029,挑战小游戏,60-95kg按钮,593.057358,733.15259,,,,https://map.17173.com/rocom/maps/shijie
17173-152143253504,地点,17310030029,挑战小游戏,限时挑战,785.672727,842.824944,,,,https://map.17173.com/rocom/maps/shijie
17173-474796773376,地点,17310030029,挑战小游戏,60-80kg按钮,1272.235033,1244.363193,,,,https://map.17173.com/rocom/maps/shijie
17173-676558110720,地点,17310030029,挑战小游戏,40-60kg按钮,1215.182237,1424.31187,,,,https://map.17173.com/rocom/maps/shijie
17173-985416728576,地点,17310030029,挑战小游戏,限时挑战,1372.248858,1067.312345,,,,https://map.17173.com/rocom/maps/shijie
17173-983696187392,地点,17310030029,挑战小游戏,40-60kg按钮,1673.445072,837.805973,,,,https://map.17173.com/rocom/maps/shijie
17173-288676425728,地点,17310030029,挑战小游戏,小游戏,-154.022225,2269.175916,,,,https://map.17173.com/rocom/maps/shijie
17173-463601704960,地点,17310030029,挑战小游戏,称重,-262.740767,-602.176982,,,,https://map.17173.com/rocom/maps/shijie
17173-936814387200,地点,17310030029,挑战小游戏,体重游戏,-94.099146,887.163607,,,,https://map.17173.com/rocom/maps/shijie
17173-984400093184,地点,17310030029,挑战小游戏,限时挑战,-699.29832,1787.192985,,,,https://map.17173.com/rocom/maps/shijie
17173-327293349888,地点,17310030029,挑战小游戏,限时挑战,-351.009371,2008.555125,,,,https://map.17173.com/rocom/maps/shijie
17173-68957712384,地点,17310030029,挑战小游戏,60-95kg,-909.254887,2083.518458,,,,https://map.17173.com/rocom/maps/shijie
17173-790273232896,地点,17310030029,挑战小游戏,40-60kg,-825.398705,2425.706544,,,,https://map.17173.com/rocom/maps/shijie
17173-691492651008,地点,17310030029,挑战小游戏,60-95kg,-716.69898,2431.022721,,,,https://map.17173.com/rocom/maps/shijie
17173-717110784000,地点,17310030029,挑战小游戏,60-95kg,-511.78533,2137.210105,,,,https://map.17173.com/rocom/maps/shijie
17173-783091245056,地点,17310030029,挑战小游戏,0-20kg,-522.086026,2101.766823,,,,https://map.17173.com/rocom/maps/shijie
17173-815766085632,地点,17310030029,挑战小游戏,0-20kg,1022.258434,-1279.476767,,,,https://map.17173.com/rocom/maps/shijie
17173-464207302656,地点,17310030029,挑战小游戏,小游戏,-737.790091,-44.656243,,,,https://map.17173.com/rocom/maps/shijie
17173-817326669824,地点,17310030029,挑战小游戏,小游戏,598.033185,-253.933507,,,,https://map.17173.com/rocom/maps/shijie
17173-196496273408,地点,17310030029,挑战小游戏,压力机关,899.2347,-1750.680178,,,,https://map.17173.com/rocom/maps/shijie
17173-999181029376,地点,17310030029,挑战小游戏,唤醒艾诺拉,350.155743,2657.165528,,,,https://map.17173.com/rocom/maps/shijie
17173-621965197312,地点,17310030029,挑战小游戏,挑战5个靶子,754.559965,2432.543525,,,,https://map.17173.com/rocom/maps/shijie
17173-821020905472,地点,17310030029,挑战小游戏,迷你挑战,1022.58211,199.111325,,,,https://map.17173.com/rocom/maps/shijie
17173-480907489280,地点,17310030029,挑战小游戏,40-60kg,1290.122305,-679.885512,,,,https://map.17173.com/rocom/maps/shijie
17173-949905494016,地点,17310030029,挑战小游戏,地下-称重,286.526463,325.838317,,,,https://map.17173.com/rocom/maps/shijie
17173-36202921984,地点,17310030029,挑战小游戏,20-40g重量按钮,709.829696,288.389976,,,,https://map.17173.com/rocom/maps/shijie
17173-63524716544,地点,17310030029,挑战小游戏,5个木把,-1322.298766,355.687106,,,,https://map.17173.com/rocom/maps/shijie
17173-789189152768,地点,17310030029,挑战小游戏,40-60g重量按钮,548.325357,1146.706136,,,,https://map.17173.com/rocom/maps/shijie
17173-929322717184,地点,17310030029,挑战小游戏,挑战,55.12225,-314.139084,,,,https://map.17173.com/rocom/maps/shijie
17173-298539683840,地点,17310030029,挑战小游戏,墓碑限时挑战,-158.014601,169.551404,,,,https://map.17173.com/rocom/maps/shijie
17173-298220916736,地点,17310030029,挑战小游戏,墓碑限时挑战,-158.014601,169.551404,,,,https://map.17173.com/rocom/maps/shijie
17173-444190310400,地点,17310030029,挑战小游戏,精灵研究员,1266.220312,-289.007469,,,,https://map.17173.com/rocom/maps/shijie
17173-458469744640,收集,17310030033,魔法石,翻找物（魔法石）,1282.80206,-1498.045352,,,,https://map.17173.com/rocom/maps/shijie
17173-874048692224,收集,17310030033,魔法石,翻找物,-147.4508,-913.440265,,,,https://map.17173.com/rocom/maps/shijie
17173-130651348992,收集,17310030033,魔法石,翻找物,87.508814,-843.854481,,,,https://map.17173.com/rocom/maps/shijie
17173-40291704832,收集,17310030033,魔法石,翻找物,279.803712,-862.211633,,,,https://map.17173.com/rocom/maps/shijie
17173-32690298880,收集,17310030033,魔法石,翻找物,411.052447,-1171.736748,,,,https://map.17173.com/rocom/maps/shijie
17173-296025923584,收集,17310030033,魔法石,翻找物,984.116213,-1119.442761,,,,https://map.17173.com/rocom/maps/shijie
17173-931914194944,收集,17310030033,魔法石,翻找物,1078.531599,-1175.951578,,,,https://map.17173.com/rocom/maps/shijie
17173-477409452032,收集,17310030033,魔法石,翻找物,543.128181,-1358.555178,,,,https://map.17173.com/rocom/maps/shijie
17173-717227831296,收集,17310030033,魔法石,翻找物,691.278103,-1897.279387,,,,https://map.17173.com/rocom/maps/shijie
17173-630176874496,收集,17310030033,魔法石,翻找物,279.688,-2039.657852,,,,https://map.17173.com/rocom/maps/shijie
17173-350430220288,收集,17310030033,魔法石,翻找物,-1022.392797,-2770.068551,,,,https://map.17173.com/rocom/maps/shijie
17173-490205622272,收集,17310030033,魔法石,翻找物,-1011.824196,-2948.821986,,,,https://map.17173.com/rocom/maps/shijie
17173-526237777920,收集,17310030033,魔法石,翻找物,-723.567235,-2824.345243,,,,https://map.17173.com/rocom/maps/shijie
17173-32964222976,收集,17310030033,魔法石,翻找物,-761.503165,-2747.718005,,,,https://map.17173.com/rocom/maps/shijie
17173-128565436416,收集,17310030033,魔法石,翻找物,-935.35711,-2476.937378,,,,https://map.17173.com/rocom/maps/shijie
17173-547902009344,收集,17310030033,魔法石,魔法石X1,59.055756,2173.069221,,,,https://map.17173.com/rocom/maps/shijie
17173-410030817280,收集,17310030033,魔法石,翻找物,-1438.531861,-2729.618173,,,,https://map.17173.com/rocom/maps/shijie
17173-622605864960,收集,17310030033,魔法石,翻找物,-55.367207,2562.272412,,,,https://map.17173.com/rocom/maps/shijie
17173-519284482048,收集,17310030033,魔法石,翻找物,81.169099,2684.807641,,,,https://map.17173.com/rocom/maps/shijie
17173-132547354624,收集,17310030033,魔法石,翻找物,-1508.863092,-2929.998933,,,,https://map.17173.com/rocom/maps/shijie
17173-401392087040,收集,17310030033,魔法石,翻找物,-1440.898923,-2890.104017,,,,https://map.17173.com/rocom/maps/shijie
17173-277372030976,收集,17310030033,魔法石,翻找物,359.851618,2415.526988,,,,https://map.17173.com/rocom/maps/shijie
17173-913853464576,收集,17310030033,魔法石,翻找物,161.825316,2316.795933,,,,https://map.17173.com/rocom/maps/shijie
17173-404682842112,收集,17310030033,魔法石,魔法石X1,663.729323,2527.9416,,,,https://map.17173.com/rocom/maps/shijie
17173-797181616128,收集,17310030033,魔法石,魔法石X1,727.837879,2439.097524,,,,https://map.17173.com/rocom/maps/shijie
17173-498932142080,收集,17310030033,魔法石,翻找物,897.548104,1862.42372,,,,https://map.17173.com/rocom/maps/shijie
17173-685568290816,收集,17310030033,魔法石,翻找,843.4144,1724.6709,,,,https://map.17173.com/rocom/maps/shijie
17173-775403872256,收集,17310030033,魔法石,魔法石X3,386.507096,1630.419619,,,,https://map.17173.com/rocom/maps/shijie
17173-623347109888,收集,17310030033,魔法石,魔法石X1,205.486497,1602.410777,,,,https://map.17173.com/rocom/maps/shijie
17173-700765675520,收集,17310030033,魔法石,翻找物,-1620.289759,-1974.373588,,,,https://map.17173.com/rocom/maps/shijie
17173-941467918336,收集,17310030033,魔法石,翻找物,-1877.098141,-1527.302915,,,,https://map.17173.com/rocom/maps/shijie
17173-441384353792,收集,17310030033,魔法石,翻找物,-1094.439967,-1932.3259,,,,https://map.17173.com/rocom/maps/shijie
17173-684350898176,收集,17310030033,魔法石,翻找物,-1057.279177,-2036.185298,,,,https://map.17173.com/rocom/maps/shijie
17173-36591235072,收集,17310030033,魔法石,翻找物,-404.227651,-1298.892021,,,,https://map.17173.com/rocom/maps/shijie
17173-501099438080,收集,17310030033,魔法石,翻找物（魔法石x2）,1266.573189,-219.532792,,,,https://map.17173.com/rocom/maps/shijie
17173-500977577984,收集,17310030033,魔法石,翻找物（纤维化技能石）,958.311819,-44.108292,,,,https://map.17173.com/rocom/maps/shijie
17173-83568160768,收集,17310030033,魔法石,翻找物,-1798.93206,-1029.254461,,,,https://map.17173.com/rocom/maps/shijie
17173-143035801600,收集,17310030033,魔法石,翻找物,-1790.913425,-1057.204891,,,,https://map.17173.com/rocom/maps/shijie
17173-71165513728,收集,17310030033,魔法石,翻找物,-1556.302485,-1293.468066,,,,https://map.17173.com/rocom/maps/shijie
17173-360287277056,收集,17310030033,魔法石,翻找物,-1580.823279,-1207.649674,,,,https://map.17173.com/rocom/maps/shijie
17173-254545883136,收集,17310030033,魔法石,翻找物,-721.606261,-1242.330398,,,,https://map.17173.com/rocom/maps/shijie
17173-311960158208,收集,17310030033,魔法石,翻找物,-945.264264,-1155.771496,,,,https://map.17173.com/rocom/maps/shijie
17173-900813508608,收集,17310030033,魔法石,翻找物,-1015.699492,-1179.765396,,,,https://map.17173.com/rocom/maps/shijie
17173-583412207616,收集,17310030033,魔法石,翻找物,-1015.027892,-945.415877,,,,https://map.17173.com/rocom/maps/shijie
17173-826617520128,收集,17310030033,魔法石,翻找物,-762.734411,-945.077106,,,,https://map.17173.com/rocom/maps/shijie
17173-632078278656,收集,17310030033,魔法石,翻找物,-493.335422,-958.566354,,,,https://map.17173.com/rocom/maps/shijie
17173-179371286528,收集,17310030033,魔法石,翻找,459.388655,883.756767,,,,https://map.17173.com/rocom/maps/shijie
17173-585797353472,收集,17310030033,魔法石,翻找（魔法石）,-256.979725,1059.588468,,,,https://map.17173.com/rocom/maps/shijie
17173-221341560832,收集,17310030033,魔法石,翻找（魔法石）,-337.797024,993.084032,,,,https://map.17173.com/rocom/maps/shijie
17173-193578270720,收集,17310030033,魔法石,翻找（魔法石）,-151.738107,1292.577523,,,,https://map.17173.com/rocom/maps/shijie
17173-81958125568,收集,17310030033,魔法石,翻找物,-450.691092,-785.646908,,,,https://map.17173.com/rocom/maps/shijie
17173-548052889600,收集,17310030033,魔法石,翻找物,463.198137,-332.92613,,,,https://map.17173.com/rocom/maps/shijie
17173-71126970368,收集,17310030033,魔法石,翻找（魔法石）,342.388541,1433.581628,,,,https://map.17173.com/rocom/maps/shijie
17173-849417961472,收集,17310030033,魔法石,翻找（魔法石）,254.941915,1348.428943,,,,https://map.17173.com/rocom/maps/shijie
17173-7757795328,收集,17310030033,魔法石,翻找（魔法石）,349.051269,1321.849375,,,,https://map.17173.com/rocom/maps/shijie
17173-441277829120,收集,17310030033,魔法石,翻找（魔法石）,224.892668,1030.314573,,,,https://map.17173.com/rocom/maps/shijie
17173-133554888704,收集,17310030033,魔法石,翻找物,399.117681,-498.368719,,,,https://map.17173.com/rocom/maps/shijie
17173-196507844608,收集,17310030033,魔法石,翻找物（魔法石*1）,599.394209,-86.259081,,,,https://map.17173.com/rocom/maps/shijie
17173-183632871424,收集,17310030033,魔法石,翻找物（吹火）,821.277751,170.937274,,,,https://map.17173.com/rocom/maps/shijie
17173-224307601408,收集,17310030033,魔法石,翻找物,1088.95847,144.37126,,,,https://map.17173.com/rocom/maps/shijie
17173-406999199744,收集,17310030033,魔法石,地下翻找（魔法石）,279.189982,920.038944,,,,https://map.17173.com/rocom/maps/shijie
17173-214028165120,收集,17310030033,魔法石,翻找（魔法石）,633.212472,1257.785235,,,,https://map.17173.com/rocom/maps/shijie
17173-359625838592,收集,17310030033,魔法石,翻找（魔法石）,489.779852,1262.619457,,,,https://map.17173.com/rocom/maps/shijie
17173-368605921280,收集,17310030033,魔法石,地下-翻找物,417.242294,1702.423237,,,,https://map.17173.com/rocom/maps/shijie
17173-232792940544,收集,17310030033,魔法石,翻找（魔法石）,614.047696,1570.506358,,,,https://map.17173.com/rocom/maps/shijie
17173-51112255488,收集,17310030033,魔法石,翻找（魔法石）,521.720526,1617.03285,,,,https://map.17173.com/rocom/maps/shijie
17173-184733065216,收集,17310030033,魔法石,月兔暗港翻找（魔法石）,612.149162,1739.9619,,,,https://map.17173.com/rocom/maps/shijie
17173-134240423936,收集,17310030033,魔法石,翻找（魔法石）,-126.911222,-624.671332,,,,https://map.17173.com/rocom/maps/shijie
17173-240582279168,收集,17310030033,魔法石,翻找（魔法石）,10.68171,-264.893351,,,,https://map.17173.com/rocom/maps/shijie
17173-961975185408,收集,17310030033,魔法石,翻找（魔法石）,-626.379117,-2.472655,,,,https://map.17173.com/rocom/maps/shijie
17173-804532572160,收集,17310030033,魔法石,翻找（魔法石）,-542.145077,853.729553,,,,https://map.17173.com/rocom/maps/shijie
17173-978778972160,收集,17310030033,魔法石,翻找（魔法石）,-969.873849,675.000305,,,,https://map.17173.com/rocom/maps/shijie
17173-522994458624,收集,17310030033,魔法石,翻找（魔法石）,6.369301,1.775107,,,,https://map.17173.com/rocom/maps/shijie
17173-61235007488,收集,17310030033,魔法石,翻找（魔法石）,1.287813,94.737167,,,,https://map.17173.com/rocom/maps/shijie
17173-300545880064,收集,17310030033,魔法石,翻找（魔法石）,0.652574,339.862175,,,,https://map.17173.com/rocom/maps/shijie
17173-364759707648,收集,17310030033,魔法石,第一次翻找（魔法石）,-75.074535,568.051852,,,,https://map.17173.com/rocom/maps/shijie
17173-102321004544,收集,17310030033,魔法石,翻找（魔法石）,-379.217239,793.559248,,,,https://map.17173.com/rocom/maps/shijie
17173-805588422656,收集,17310030033,魔法石,信仰者村落翻找（雪球）,274.81359,218.562266,,,,https://map.17173.com/rocom/maps/shijie
17173-159561986048,收集,17310030033,魔法石,翻找（魔法石）,148.39484,410.79605,,,,https://map.17173.com/rocom/maps/shijie
17173-915368280064,收集,17310030033,魔法石,翻找（魔法石）,270.653529,301.354861,,,,https://map.17173.com/rocom/maps/shijie
17173-41843535872,收集,17310030033,魔法石,翻找（魔法石）,507.257313,-20.508948,,,,https://map.17173.com/rocom/maps/shijie
17173-299164614656,收集,17310030033,魔法石,1个魔法石,831.222057,329.691532,,,,https://map.17173.com/rocom/maps/shijie
17173-946044452864,收集,17310030033,魔法石,魔法石,196.474291,2664.502706,,,,https://map.17173.com/rocom/maps/shijie
17173-33890676736,收集,17310030033,魔法石,魔法石,304.606119,2687.652271,,,,https://map.17173.com/rocom/maps/shijie
17173-280800432128,收集,17310030033,魔法石,魔法石,-881.241105,-2049.290163,,,,https://map.17173.com/rocom/maps/shijie
17173-996930428928,收集,17310030033,魔法石,魔法石,-176.040075,-1731.304521,,,,https://map.17173.com/rocom/maps/shijie
17173-175340597248,收集,17310030033,魔法石,翻找物,727.548736,-1704.015907,,,,https://map.17173.com/rocom/maps/shijie
17173-405743869952,收集,17310030033,魔法石,魔法石,733.69153,-1250.270835,,,,https://map.17173.com/rocom/maps/shijie
17173-553897611264,收集,17310030033,魔法石,翻找物,-1775.624974,-2706.306066,,,,https://map.17173.com/rocom/maps/shijie
17173-642933321728,收集,17310030033,魔法石,翻找物,728.749359,-63.729606,,,,https://map.17173.com/rocom/maps/shijie
17173-299961024512,收集,17310030033,魔法石,魔法石,689.352034,-234.816625,,,,https://map.17173.com/rocom/maps/shijie
17173-609116069888,收集,17310030033,魔法石,魔法石,-174.155426,1397.624273,,,,https://map.17173.com/rocom/maps/shijie
17173-837994565632,收集,17310030033,魔法石,翻找物,347.05926,1282.373803,,,,https://map.17173.com/rocom/maps/shijie
17173-372161417216,收集,17310030033,魔法石,魔法石，翻找物,-469.919173,-1978.363144,,,,https://map.17173.com/rocom/maps/shijie
17173-697113354240,收集,17310030033,魔法石,魔法石,-507.85456,-1833.945073,,,,https://map.17173.com/rocom/maps/shijie
17173-605838036992,收集,17310030033,魔法石,翻找物（魔法石）,-1208.871635,360.249059,,,,https://map.17173.com/rocom/maps/shijie
17173-531073105920,收集,17310030033,魔法石,翻找物（魔法石）,-1389.078717,-574.338519,,,,https://map.17173.com/rocom/maps/shijie
17173-937591971840,收集,17310030033,魔法石,翻找物,-138.333443,-1905.365746,,,,https://map.17173.com/rocom/maps/shijie
17173-614398828544,收集,17310030033,魔法石,翻找物（魔法石）,-1494.80242,-290.538377,,,,https://map.17173.com/rocom/maps/shijie
17173-9416691712,收集,17310030033,魔法石,翻找物（技能石）,-1031.838812,22.043144,,,,https://map.17173.com/rocom/maps/shijie
17173-864358498304,收集,17310030033,魔法石,魔法石,-1644.16505,-2373.483227,,,,https://map.17173.com/rocom/maps/shijie
17173-696294506496,收集,17310030033,魔法石,翻找,679.893069,-1216.190048,,,,https://map.17173.com/rocom/maps/shijie
17173-571036483584,收集,17310030033,魔法石,翻找物,1195.948763,-1371.544363,,,,https://map.17173.com/rocom/maps/shijie
17173-838025609216,收集,17310030033,魔法石,翻找物,-352.91354,-580.145328,,,,https://map.17173.com/rocom/maps/shijie
17173-773300150272,收集,17310030033,魔法石,翻找,-1244.459056,-2913.154662,,,,https://map.17173.com/rocom/maps/shijie
17173-867259531264,收集,17310030033,魔法石,翻找物,-1012.866011,-2288.076911,,,,https://map.17173.com/rocom/maps/shijie
17173-207032586240,收集,17310030033,魔法石,翻找物,-35.152765,-1112.698616,,,,https://map.17173.com/rocom/maps/shijie
17173-786505986048,收集,17310030033,魔法石,拾取,282.33724,-1428.311863,,,,https://map.17173.com/rocom/maps/shijie
17173-856710172672,收集,17310030033,魔法石,翻找物,517.48289,-865.128024,,,,https://map.17173.com/rocom/maps/shijie
17173-52811976704,收集,17310030033,魔法石,翻找物,794.215831,-2164.662056,,,,https://map.17173.com/rocom/maps/shijie
17173-26041810944,收集,17310030033,魔法石,翻找,127.176628,-1762.356597,,,,https://map.17173.com/rocom/maps/shijie
17173-566026739712,收集,17310030033,魔法石,翻找物,544.550518,-2214.026493,,,,https://map.17173.com/rocom/maps/shijie
17173-757450141696,收集,17310030033,魔法石,翻找物,-298.008141,-1675.165916,,,,https://map.17173.com/rocom/maps/shijie
17173-779390320640,收集,17310030033,魔法石,翻找物,965.856646,-2110.197691,,,,https://map.17173.com/rocom/maps/shijie
17173-42394062848,收集,17310030033,魔法石,修改：雕像手上翻找物品,-84.648647,-425.461311,,,,https://map.17173.com/rocom/maps/shijie
17173-379418083328,收集,17310030033,魔法石,挖掘点,687.327599,-2151.78236,,,,https://map.17173.com/rocom/maps/shijie
17173-574808936448,收集,17310030033,魔法石,挖掘点,1159.733657,-1382.178244,,,,https://map.17173.com/rocom/maps/shijie
17173-877990670336,收集,17310030033,魔法石,挖掘点,460.091362,-2095.086248,,,,https://map.17173.com/rocom/maps/shijie
17173-453143130112,收集,17310030033,魔法石,挖掘点,171.080637,-2129.638729,,,,https://map.17173.com/rocom/maps/shijie
17173-513650024448,收集,17310030033,魔法石,挖掘点,83.118916,-2141.551293,,,,https://map.17173.com/rocom/maps/shijie
17173-828195364864,收集,17310030033,魔法石,挖掘点,818.847394,-1008.968384,,,,https://map.17173.com/rocom/maps/shijie
17173-45023969280,收集,17310030033,魔法石,挖掘点,659.016932,-1041.687162,,,,https://map.17173.com/rocom/maps/shijie
17173-1977962496,收集,17310030033,魔法石,挖掘点,632.04339,-1117.185305,,,,https://map.17173.com/rocom/maps/shijie
17173-322938552320,收集,17310030033,魔法石,挖掘点,530.194473,-1423.171941,,,,https://map.17173.com/rocom/maps/shijie
17173-367826128896,收集,17310030033,魔法石,挖掘点,443.92579,-1491.627164,,,,https://map.17173.com/rocom/maps/shijie
17173-809263153152,收集,17310030033,魔法石,翻找物,-356.367808,-1711.044806,,,,https://map.17173.com/rocom/maps/shijie
17173-499315634176,收集,17310030033,魔法石,翻找物,1138.195452,-1527.632145,,,,https://map.17173.com/rocom/maps/shijie
17173-792729272320,收集,17310030033,魔法石,挖掘点,939.257044,-1737.828375,,,,https://map.17173.com/rocom/maps/shijie
17173-789331910656,收集,17310030033,魔法石,翻找点,-578.565995,-2778.369308,,,,https://map.17173.com/rocom/maps/shijie
17173-740621557760,收集,17310030033,魔法石,翻找点,-626.237919,-2769.377994,,,,https://map.17173.com/rocom/maps/shijie
17173-336647303168,收集,17310030033,魔法石,翻找点,-620.396238,-2715.459028,,,,https://map.17173.com/rocom/maps/shijie
17173-183425622016,收集,17310030033,魔法石,翻找点,-686.79074,-2808.729897,,,,https://map.17173.com/rocom/maps/shijie
17173-71721226240,收集,17310030033,魔法石,挖掘点,-267.53465,-1435.683412,,,,https://map.17173.com/rocom/maps/shijie
17173-447380008960,收集,17310030033,魔法石,翻找物,123.230316,-226.355222,,,,https://map.17173.com/rocom/maps/shijie
17173-742981984256,收集,17310030033,魔法石,翻找点,-729.092971,-2388.474927,,,,https://map.17173.com/rocom/maps/shijie
17173-641333239808,收集,17310030033,魔法石,翻找点,-858.989679,-2884.066764,,,,https://map.17173.com/rocom/maps/shijie
17173-459484332032,收集,17310030033,魔法石,翻找点,-891.001886,-2923.551469,,,,https://map.17173.com/rocom/maps/shijie
17173-942249148416,收集,17310030033,魔法石,翻找物,-1798.012664,-1156.412998,,,,https://map.17173.com/rocom/maps/shijie
17173-414920806400,收集,17310030033,魔法石,挖掘点,-1639.774503,-1002.742925,,,,https://map.17173.com/rocom/maps/shijie
17173-352547086336,收集,17310030033,魔法石,翻找点,-1315.439907,-1713.283026,,,,https://map.17173.com/rocom/maps/shijie
17173-468792885248,收集,17310030033,魔法石,翻找点,-1225.494528,-1279.484436,,,,https://map.17173.com/rocom/maps/shijie
17173-714310664192,收集,17310030033,魔法石,翻找点,-1220.875628,-1430.667257,,,,https://map.17173.com/rocom/maps/shijie
17173-131450261504,收集,17310030033,魔法石,挖掘点,2037.159748,831.238058,,,,https://map.17173.com/rocom/maps/shijie
17173-732403752960,收集,17310030033,魔法石,挖掘点,-27.800366,-1288.850862,,,,https://map.17173.com/rocom/maps/shijie
17173-987100434432,收集,17310030033,魔法石,挖掘点,-38.965794,-1207.349279,,,,https://map.17173.com/rocom/maps/shijie
17173-224549163008,收集,17310030033,魔法石,翻找点,-969.27957,-2436.045308,,,,https://map.17173.com/rocom/maps/shijie
17173-808800169984,收集,17310030033,魔法石,翻找点,-995.034954,-2594.772699,,,,https://map.17173.com/rocom/maps/shijie
17173-707088748544,收集,17310030033,魔法石,翻找点,-1033.970765,-2873.275519,,,,https://map.17173.com/rocom/maps/shijie
17173-737187377152,收集,17310030033,魔法石,挖掘,-405.39012,-1777.064779,,,,https://map.17173.com/rocom/maps/shijie
17173-335569608704,收集,17310030033,魔法石,挖掘点,-298.502523,-1190.714817,,,,https://map.17173.com/rocom/maps/shijie
17173-865929306112,收集,17310030033,魔法石,翻找点,-504.780768,-1480.191839,,,,https://map.17173.com/rocom/maps/shijie
17173-981786738688,收集,17310030033,魔法石,翻找点,-1151.352383,-2567.791575,,,,https://map.17173.com/rocom/maps/shijie
17173-683690356736,收集,17310030033,魔法石,翻找点,-1174.855077,-2700.163379,,,,https://map.17173.com/rocom/maps/shijie
17173-600897024000,收集,17310030033,魔法石,翻找咕噜球,-1427.609138,-2499.317242,,,,https://map.17173.com/rocom/maps/shijie
17173-547517194240,收集,17310030033,魔法石,翻找,-865.363908,-1942.58089,,,,https://map.17173.com/rocom/maps/shijie
17173-340045283328,收集,17310030033,魔法石,翻找,-1158.67512,-2061.765513,,,,https://map.17173.com/rocom/maps/shijie
17173-929221505024,收集,17310030033,魔法石,翻找,-1140.860308,-1572.843231,,,,https://map.17173.com/rocom/maps/shijie
17173-645849120768,收集,17310030033,魔法石,翻找,-665.78788,-1693.83515,,,,https://map.17173.com/rocom/maps/shijie
17173-389112438784,收集,17310030033,魔法石,翻找点,-591.163704,-1463.151687,,,,https://map.17173.com/rocom/maps/shijie
17173-888283332608,收集,17310030033,魔法石,翻找,-1161.914335,-1490.363625,,,,https://map.17173.com/rocom/maps/shijie
17173-774358175744,收集,17310030033,魔法石,翻找,-1338.214923,-1470.380474,,,,https://map.17173.com/rocom/maps/shijie
17173-421134774272,收集,17310030033,魔法石,翻找,-682.323008,-1209.567178,,,,https://map.17173.com/rocom/maps/shijie
17173-285010030592,收集,17310030033,魔法石,魔法石,341.571597,2328.206835,,,,https://map.17173.com/rocom/maps/shijie
17173-805682765824,收集,17310030033,魔法石,魔法石,527.46889,2460.169223,,,,https://map.17173.com/rocom/maps/shijie
17173-597848076288,收集,17310030033,魔法石,翻找,-500.6093,-1442.054904,,,,https://map.17173.com/rocom/maps/shijie
17173-445402779648,收集,17310030033,魔法石,翻找点,-704.569536,-1397.739425,,,,https://map.17173.com/rocom/maps/shijie
17173-428004806656,收集,17310030033,魔法石,翻找,-669.287039,-1879.211388,,,,https://map.17173.com/rocom/maps/shijie
17173-592139042816,收集,17310030033,魔法石,魔法石,222.920518,2462.825272,,,,https://map.17173.com/rocom/maps/shijie
17173-826689867776,收集,17310030033,魔法石,翻找物,-1978.820414,-2485.678259,,,,https://map.17173.com/rocom/maps/shijie
17173-277489995776,收集,17310030033,魔法石,翻找物,-1854.481313,-2590.492311,,,,https://map.17173.com/rocom/maps/shijie
17173-863131836416,收集,17310030033,魔法石,翻找物,-1430.26511,-2867.101547,,,,https://map.17173.com/rocom/maps/shijie
17173-829543624704,收集,17310030033,魔法石,翻找物,-1864.156037,-2393.366806,,,,https://map.17173.com/rocom/maps/shijie
17173-889351405568,收集,17310030033,魔法石,翻找物,-1792.945313,-2203.631098,,,,https://map.17173.com/rocom/maps/shijie
17173-678524604416,收集,17310030033,魔法石,翻找物,-1524.510232,-1184.444232,,,,https://map.17173.com/rocom/maps/shijie
17173-585065357312,收集,17310030033,魔法石,翻找物,-1596.499832,-855.1804,,,,https://map.17173.com/rocom/maps/shijie
17173-311661174784,收集,17310030033,魔法石,翻找,-1285.908743,-884.760953,,,,https://map.17173.com/rocom/maps/shijie
17173-963500388352,收集,17310030033,魔法石,翻找,-1311.386116,-861.258514,,,,https://map.17173.com/rocom/maps/shijie
17173-291774377984,收集,17310030033,魔法石,翻找物,-954.693545,-1688.594629,,,,https://map.17173.com/rocom/maps/shijie
17173-559411875840,收集,17310030033,魔法石,翻找,-818.111715,-1689.971671,,,,https://map.17173.com/rocom/maps/shijie
17173-858903060480,收集,17310030033,魔法石,翻找点,-799.840917,-2541.566505,,,,https://map.17173.com/rocom/maps/shijie
17173-100893995008,收集,17310030033,魔法石,挖掘点,1308.073465,-1533.962433,,,,https://map.17173.com/rocom/maps/shijie
17173-487156088832,收集,17310030033,魔法石,翻找物,-393.414986,-1088.591214,,,,https://map.17173.com/rocom/maps/shijie
17173-791158341632,收集,17310030033,魔法石,挖掘点,-354.509112,2126.056285,,,,https://map.17173.com/rocom/maps/shijie
17173-572152295424,收集,17310030033,魔法石,翻找,-2106.832374,-1364.050037,,,,https://map.17173.com/rocom/maps/shijie
17173-102780317696,收集,17310030033,魔法石,翻找,-1483.331293,-1703.259629,,,,https://map.17173.com/rocom/maps/shijie
17173-962508521472,收集,17310030033,魔法石,翻找,-575.701498,-1269.311943,,,,https://map.17173.com/rocom/maps/shijie
17173-877870243840,收集,17310030033,魔法石,翻找,-788.741788,-1657.941342,,,,https://map.17173.com/rocom/maps/shijie
17173-358829621248,收集,17310030033,魔法石,翻找,-788.017057,-1674.356917,,,,https://map.17173.com/rocom/maps/shijie
17173-785319034880,收集,17310030033,魔法石,翻找,-817.166738,-1541.710487,,,,https://map.17173.com/rocom/maps/shijie
17173-204386959360,收集,17310030033,魔法石,翻找,-577.44985,-1395.480082,,,,https://map.17173.com/rocom/maps/shijie
17173-401406562304,收集,17310030033,魔法石,翻找,-1701.667886,-1215.661352,,,,https://map.17173.com/rocom/maps/shijie
17173-549169037312,收集,17310030033,魔法石,翻找,-1199.012559,-2114.019527,,,,https://map.17173.com/rocom/maps/shijie
17173-316799500288,收集,17310030033,魔法石,翻找,-1589.608007,-1711.109735,,,,https://map.17173.com/rocom/maps/shijie
17173-75100594176,收集,17310030033,魔法石,翻找,-849.197776,-1970.811675,,,,https://map.17173.com/rocom/maps/shijie
17173-330093305856,收集,17310030033,魔法石,翻找,-913.286034,-2037.188126,,,,https://map.17173.com/rocom/maps/shijie
17173-396527325184,收集,17310030033,魔法石,翻找物,-650.881697,-2775.860432,,,,https://map.17173.com/rocom/maps/shijie
17173-996526444544,收集,17310030033,魔法石,翻找,-1395.615494,-1200.069313,,,,https://map.17173.com/rocom/maps/shijie
17173-114035154944,收集,17310030033,魔法石,翻找,-1409.021257,-848.269414,,,,https://map.17173.com/rocom/maps/shijie
17173-869191946240,收集,17310030033,魔法石,翻找,-1228.242281,-888.425855,,,,https://map.17173.com/rocom/maps/shijie
17173-60827779072,收集,17310030033,魔法石,翻找物,-1497.132493,-2555.021597,,,,https://map.17173.com/rocom/maps/shijie
17173-243046035456,收集,17310030033,魔法石,翻找物品,-1664.488256,-2864.902696,,,,https://map.17173.com/rocom/maps/shijie
17173-826917216256,收集,17310030033,魔法石,拾取,-1360.286039,-2884.89944,,,,https://map.17173.com/rocom/maps/shijie
17173-281366511616,收集,17310030033,魔法石,拾取,-1402.456615,-2309.195296,,,,https://map.17173.com/rocom/maps/shijie
17173-840678252544,收集,17310030033,魔法石,翻找,-1286.980529,-2201.336746,,,,https://map.17173.com/rocom/maps/shijie
17173-185261297664,收集,17310030033,魔法石,翻找,-1137.252121,-2234.604684,,,,https://map.17173.com/rocom/maps/shijie
17173-755168448512,收集,17310030033,魔法石,翻找,-1165.558196,-1911.817671,,,,https://map.17173.com/rocom/maps/shijie
17173-70961152000,收集,17310030033,魔法石,拾取,-1051.80412,-2442.732134,,,,https://map.17173.com/rocom/maps/shijie
17173-586148065280,收集,17310030033,魔法石,翻找,737.80683,308.373918,,,,https://map.17173.com/rocom/maps/shijie
17173-881793363968,收集,17310030033,魔法石,地下翻找物,430.824911,418.596825,,,,https://map.17173.com/rocom/maps/shijie
17173-62796787712,收集,17310030033,魔法石,地下一层翻找物,568.499868,442.809832,,,,https://map.17173.com/rocom/maps/shijie
17173-221683646464,收集,17310030033,魔法石,地下翻找物,665.416316,252.299825,,,,https://map.17173.com/rocom/maps/shijie
17173-890662686720,收集,17310030033,魔法石,地下二层房间里翻找物,605.967352,377.806025,,,,https://map.17173.com/rocom/maps/shijie
17173-950982025216,收集,17310030033,魔法石,翻找,727.679769,-1705.393268,,,,https://map.17173.com/rocom/maps/shijie
17173-995021778944,收集,17310030033,魔法石,拾取,-1095.500858,-1312.745238,,,,https://map.17173.com/rocom/maps/shijie
17173-123647913984,收集,17310030033,魔法石,翻找物,-1081.255712,-1179.384012,,,,https://map.17173.com/rocom/maps/shijie
17173-171761664000,收集,17310030033,魔法石,拾取,-938.359073,-843.477241,,,,https://map.17173.com/rocom/maps/shijie
17173-678933110784,收集,17310030033,魔法石,翻找物品,-1792.250237,-2921.48382,,,,https://map.17173.com/rocom/maps/shijie
17173-173732724736,收集,17310030033,魔法石,翻找,94.954894,2149.193307,,,,https://map.17173.com/rocom/maps/shijie
17173-384479948800,收集,17310030033,魔法石,翻找物,215.315367,2588.126771,,,,https://map.17173.com/rocom/maps/shijie
17173-454343593984,收集,17310030033,魔法石,翻找物,721.921166,2679.684106,,,,https://map.17173.com/rocom/maps/shijie
17173-875209109504,收集,17310030033,魔法石,翻找物,883.199163,2496.491255,,,,https://map.17173.com/rocom/maps/shijie
17173-30198759424,收集,17310030033,魔法石,翻找物,1154.639776,-209.316662,,,,https://map.17173.com/rocom/maps/shijie
17173-525933568000,收集,17310030033,魔法石,魔法石,1125.945119,69.306641,,,,https://map.17173.com/rocom/maps/shijie
17173-942030454784,收集,17310030033,魔法石,翻找物,-84.269134,2351.625088,,,,https://map.17173.com/rocom/maps/shijie
17173-435872919552,收集,17310030033,魔法石,翻找,1009.738318,1882.061329,,,,https://map.17173.com/rocom/maps/shijie
17173-933647073280,收集,17310030033,魔法石,翻找,-613.598748,1226.553011,,,,https://map.17173.com/rocom/maps/shijie
17173-752932167680,收集,17310030033,魔法石,翻找,371.122794,1478.787528,,,,https://map.17173.com/rocom/maps/shijie
17173-44481769472,收集,17310030033,魔法石,地下-翻找物,517.90251,1751.548687,,,,https://map.17173.com/rocom/maps/shijie
17173-864351096832,收集,17310030033,魔法石,翻找,339.364617,2061.750223,,,,https://map.17173.com/rocom/maps/shijie
17173-959474757632,收集,17310030033,魔法石,翻找,-198.222286,75.256918,,,,https://map.17173.com/rocom/maps/shijie
17173-243001753600,收集,17310030033,魔法石,地下-翻找物,79.725399,131.495941,,,,https://map.17173.com/rocom/maps/shijie
17173-107256311808,收集,17310030033,魔法石,翻开,677.92879,138.05363,,,,https://map.17173.com/rocom/maps/shijie
17173-828020363264,收集,17310030033,魔法石,翻找物,1446.440181,-283.322033,,,,https://map.17173.com/rocom/maps/shijie
17173-949505949696,收集,17310030033,魔法石,翻找物,1393.523509,-495.893393,,,,https://map.17173.com/rocom/maps/shijie
17173-219402260480,收集,17310030033,魔法石,翻找物,840.682162,-455.72477,,,,https://map.17173.com/rocom/maps/shijie
17173-732421967872,收集,17310030033,魔法石,翻找,24.86208,-666.907713,,,,https://map.17173.com/rocom/maps/shijie
17173-234997760000,收集,17310030033,魔法石,翻找物品,-1726.4125,-2841.021089,,,,https://map.17173.com/rocom/maps/shijie
17173-887131463680,收集,17310030033,魔法石,翻找,660.170439,-1040.894237,,,,https://map.17173.com/rocom/maps/shijie
17173-182745509888,收集,17310030033,魔法石,1,-1062.329868,-1557.965663,,,,https://map.17173.com/rocom/maps/shijie
17173-295396577280,收集,17310030033,魔法石,挖掘箱子,763.019719,-726.839636,,,,https://map.17173.com/rocom/maps/shijie
17173-622072651776,收集,17310030033,魔法石,翻找,-1508.304897,-1408.237702,,,,https://map.17173.com/rocom/maps/shijie
17173-962873921536,收集,17310030033,魔法石,翻找,-316.809686,-188.579813,,,,https://map.17173.com/rocom/maps/shijie
17173-196241715200,收集,17310030033,魔法石,翻找,831.273247,1890.738723,,,,https://map.17173.com/rocom/maps/shijie
17173-596365733888,收集,17310030033,魔法石,翻找,733.086815,1873.973405,,,,https://map.17173.com/rocom/maps/shijie
17173-444293955584,收集,17310030033,魔法石,翻找,672.905913,1764.282134,,,,https://map.17173.com/rocom/maps/shijie
17173-680634265600,收集,17310030033,魔法石,翻找物,1292.52155,-1509.510918,,,,https://map.17173.com/rocom/maps/shijie
17173-876186554368,收集,17310030033,魔法石,地下-翻找物,-48.329487,175.344962,,,,https://map.17173.com/rocom/maps/shijie
17173-749556662272,收集,17310030033,魔法石,翻找,353.284182,176.633736,,,,https://map.17173.com/rocom/maps/shijie
17173-130806476800,收集,17310030033,魔法石,地下-翻找物,262.198513,463.415082,,,,https://map.17173.com/rocom/maps/shijie
17173-272383909888,收集,17310030033,魔法石,翻找,267.233482,518.229825,,,,https://map.17173.com/rocom/maps/shijie
17173-768734593024,收集,17310030033,魔法石,翻找,446.02912,678.97902,,,,https://map.17173.com/rocom/maps/shijie
17173-447895920640,收集,17310030033,魔法石,翻找物,-1849.494847,-2408.855479,,,,https://map.17173.com/rocom/maps/shijie
17173-989269221376,收集,17310030033,魔法石,翻找点,-1192.093272,-2804.836186,,,,https://map.17173.com/rocom/maps/shijie
17173-513438355456,收集,17310030033,魔法石,翻找物,-1846.675185,-1004.016777,,,,https://map.17173.com/rocom/maps/shijie
17173-586990419968,收集,17310030033,魔法石,翻找点,1367.211355,-433.683522,,,,https://map.17173.com/rocom/maps/shijie
17173-251232055296,收集,17310030033,魔法石,翻找点,1447.10525,-454.69079,,,,https://map.17173.com/rocom/maps/shijie
17173-272416428032,收集,17310030033,魔法石,翻找,732.607133,88.56117,,,,https://map.17173.com/rocom/maps/shijie
17173-922158620672,收集,17310030033,魔法石,翻找给俩普通咕噜球,821.739469,171.204251,,,,https://map.17173.com/rocom/maps/shijie
17173-387222917120,收集,17310030033,魔法石,船体残骸翻找,942.575069,-54.851204,,,,https://map.17173.com/rocom/maps/shijie
17173-966794485760,收集,17310030033,魔法石,翻找物,952.664911,85.795971,,,,https://map.17173.com/rocom/maps/shijie
17173-368260898816,收集,17310030033,魔法石,翻找,634.178501,2127.480169,,,,https://map.17173.com/rocom/maps/shijie
17173-238294077440,收集,17310030033,魔法石,地下-翻找物,608.938202,1834.941683,,,,https://map.17173.com/rocom/maps/shijie
17173-85193142272,收集,17310030033,魔法石,翻找,479.146394,1250.352231,,,,https://map.17173.com/rocom/maps/shijie
17173-462037864448,收集,17310030033,魔法石,翻找,-1576.568496,-141.841063,,,,https://map.17173.com/rocom/maps/shijie
17173-898829639680,收集,17310030033,魔法石,翻找,-1515.002621,-102.727893,,,,https://map.17173.com/rocom/maps/shijie
17173-146777088000,收集,17310030033,魔法石,翻找,-1416.078703,123.471934,,,,https://map.17173.com/rocom/maps/shijie
17173-952622989312,收集,17310030033,魔法石,翻找,-1340.781752,348.688702,,,,https://map.17173.com/rocom/maps/shijie
17173-587866873856,收集,17310030033,魔法石,翻找,-1246.428947,310.040784,,,,https://map.17173.com/rocom/maps/shijie
17173-938883612672,收集,17310030033,魔法石,翻找,-1270.703466,110.102362,,,,https://map.17173.com/rocom/maps/shijie
17173-691830571008,收集,17310030033,魔法石,翻找,-1367.596155,-179.437263,,,,https://map.17173.com/rocom/maps/shijie
17173-225333116928,收集,17310030033,魔法石,上面鸟窝旁边翻找,-1503.07479,-511.775097,,,,https://map.17173.com/rocom/maps/shijie
17173-866095038464,收集,17310030033,魔法石,翻找,-1456.93867,-521.586795,,,,https://map.17173.com/rocom/maps/shijie
17173-365948678144,收集,17310030033,魔法石,翻找,-765.420043,-236.296618,,,,https://map.17173.com/rocom/maps/shijie
17173-401915191296,收集,17310030033,魔法石,翻找,-698.183919,-108.320042,,,,https://map.17173.com/rocom/maps/shijie
17173-17721331712,收集,17310030033,魔法石,翻找,-1358.685225,-432.429021,,,,https://map.17173.com/rocom/maps/shijie
17173-388114018304,收集,17310030033,魔法石,屋子里翻找,223.218369,-266.588936,,,,https://map.17173.com/rocom/maps/shijie
17173-438643154944,收集,17310030033,魔法石,翻找,499.246588,456.373598,,,,https://map.17173.com/rocom/maps/shijie
17173-856486481920,收集,17310030033,魔法石,翻找,568.005361,1164.402771,,,,https://map.17173.com/rocom/maps/shijie
17173-832682041344,收集,17310030033,魔法石,翻找,632.245319,1101.134413,,,,https://map.17173.com/rocom/maps/shijie
17173-362822623232,收集,17310030033,魔法石,翻找物品,434.192006,1846.490008,,,,https://map.17173.com/rocom/maps/shijie
17173-54911074304,收集,17310030033,魔法石,翻找物（石像手上）,104.160808,-364.296456,,,,https://map.17173.com/rocom/maps/shijie
17173-835240878080,收集,17310030033,魔法石,翻找,-1143.282619,-205.938848,,,,https://map.17173.com/rocom/maps/shijie
17173-168403091456,收集,17310030033,魔法石,鸟巢内翻找点,-1498.067371,-319.706026,,,,https://map.17173.com/rocom/maps/shijie
17173-776562946048,收集,17310030033,魔法石,翻找点,-449.502903,-1296.793959,,,,https://map.17173.com/rocom/maps/shijie
17173-350188969984,收集,17310030033,魔法石,翻找,-356.839158,-1330.742377,,,,https://map.17173.com/rocom/maps/shijie
17173-73312174080,收集,17310030033,魔法石,翻找物,-1238.500273,-487.978535,,,,https://map.17173.com/rocom/maps/shijie
17173-344944119808,收集,17310030033,魔法石,翻找物,-362.333526,-421.851685,,,,https://map.17173.com/rocom/maps/shijie
17173-197302714368,收集,17310030033,魔法石,地下-翻找物,246.741354,1630.089014,,,,https://map.17173.com/rocom/maps/shijie
17173-892177149952,收集,17310030033,魔法石,翻找物,457.975906,1857.882759,,,,https://map.17173.com/rocom/maps/shijie
17173-534671687680,收集,17310030033,魔法石,翻找物,477.767937,2126.885065,,,,https://map.17173.com/rocom/maps/shijie
17173-522998714368,收集,17310030033,魔法石,翻找物,592.380479,1816.421579,,,,https://map.17173.com/rocom/maps/shijie
17173-519634583552,收集,17310030033,魔法石,翻找物,469.930764,1780.081637,,,,https://map.17173.com/rocom/maps/shijie
17173-47353294848,收集,17310030033,魔法石,地下翻找，一艘船里,751.115381,1936.819429,,,,https://map.17173.com/rocom/maps/shijie
17173-698426490880,收集,17310030033,魔法石,地下-翻找物,590.179306,1709.953438,,,,https://map.17173.com/rocom/maps/shijie
17173-25866686464,收集,17310030034,魔法,翻找物,-622.694613,-453.040509,,,,https://map.17173.com/rocom/maps/shijie
17173-532988035072,收集,17310030034,魔法,翻找（杠杆置换）,-844.907789,849.480388,,,,https://map.17173.com/rocom/maps/shijie
17173-188849659904,收集,17310030034,魔法,水晶球,1271.27503,1107.315356,,,,https://map.17173.com/rocom/maps/shijie
17173-651525914624,收集,17310030034,魔法,水晶球,1229.060056,1099.884064,,,,https://map.17173.com/rocom/maps/shijie
17173-211820097536,收集,17310030034,魔法,水晶球,1351.297758,1121.984514,,,,https://map.17173.com/rocom/maps/shijie
17173-248126144512,收集,17310030034,魔法,水晶球,1379.897115,1036.787595,,,,https://map.17173.com/rocom/maps/shijie
17173-763794698240,收集,17310030034,魔法,水晶球,1331.938965,961.48508,,,,https://map.17173.com/rocom/maps/shijie
17173-373903060992,收集,17310030034,魔法,翻找,-1200.814039,-2783.377761,,,,https://map.17173.com/rocom/maps/shijie
17173-158088585216,收集,802,眠枭之星（蓝）,在副本里有一个,-1955.144614,-1460.110662,,,,https://map.17173.com/rocom/maps/shijie
17173-187933073408,收集,802,眠枭之星（蓝）,帐篷顶,-978.766275,561.991074,,,,https://map.17173.com/rocom/maps/shijie
17173-209041715200,收集,802,眠枭之星（蓝）,眠枭之星雕像,546.83495,1807.331442,,,,https://map.17173.com/rocom/maps/shijie
17173-251410923520,收集,802,眠枭之星（蓝）,路灯用魔法,223.494651,792.691926,,,,https://map.17173.com/rocom/maps/shijie
17173-333276368896,收集,802,眠枭之星（蓝）,瀑布后,-1048.767816,714.754738,,,,https://map.17173.com/rocom/maps/shijie
17173-641653051392,收集,802,眠枭之星（蓝）,悬浮石头上用星星魔法,-1125.683213,553.974981,,,,https://map.17173.com/rocom/maps/shijie
17173-657940250624,收集,802,眠枭之星（蓝）,山顶,-804.232968,840.313017,,,,https://map.17173.com/rocom/maps/shijie
17173-712811229184,收集,802,眠枭之星（蓝）,镜中世界左侧隐藏入口眠枭之星,-829.843938,949.855121,,,,https://map.17173.com/rocom/maps/shijie
17173-786282827776,收集,802,眠枭之星（蓝）,星星,-313.757621,-18.553762,,,,https://map.17173.com/rocom/maps/shijie
17173-917763149824,收集,802,眠枭之星（蓝）,星星,-354.047816,377.689787,,,,https://map.17173.com/rocom/maps/shijie
17173-924175654912,收集,802,眠枭之星（蓝）,眠枭之星,-1541.394323,-2384.519988,,,,https://map.17173.com/rocom/maps/shijie
17173-937401094144,收集,802,眠枭之星（蓝）,星星,-266.975075,1032.034078,,,,https://map.17173.com/rocom/maps/shijie
17173-937458155520,收集,802,眠枭之星（蓝）,秘境内,-962.884634,-956.952615,,,,https://map.17173.com/rocom/maps/shijie
17173-984250109952,收集,802,眠枭之星（蓝）,眠枭之星,-210.395444,561.448529,,,,https://map.17173.com/rocom/maps/shijie
17173-534767415296,收集,802,眠枭之星（蓝）,眠枭之星,-158.828586,-923.151124,,,,https://map.17173.com/rocom/maps/shijie
17173-98310967296,收集,802,眠枭之星（蓝）,眠枭之星（用星星魔法）,-1695.165482,-1453.733037,,,,https://map.17173.com/rocom/maps/shijie
143b99k25mr,收集,802,眠枭之星（蓝）,,-1209.0,-2600.0,G,,,https://wiki.biligame.com/rocom/Data:Mapnew/type/802/json?action=raw
1sfl6ne0b2,收集,802,眠枭之星（蓝）,,829.0,-1375.0,G,,,https://wiki.biligame.com/rocom/Data:Mapnew/type/802/json?action=raw
1r4s92cph69,收集,802,眠枭之星（蓝）,,-1275.0,-1765.0,G,,,https://wiki.biligame.com/rocom/Data:Mapnew/type/802/json?action=raw
1qu5f9avzhv,收集,802,眠枭之星（蓝）,,-1275.0,-1768.0,G,,,https://wiki.biligame.com/rocom/Data:Mapnew/type/802/json?action=raw
3uvfn16hmu,收集,802,眠枭之星（蓝）,,-1661.0,-2405.0,G,,,https://wiki.biligame.com/rocom/Data:Mapnew/type/802/json?action=raw
s2vc1kyfsq,收集,802,眠枭之星（蓝）,,-811.0,-1824.0,G,,,https://wiki.biligame.com/rocom/Data:Mapnew/type/802/json?action=raw
yod5sm2ih6,收集,802,眠枭之星（蓝）,,-844.0,-1841.0,G,,,https://wiki.biligame.com/rocom/Data:Mapnew/type/802/json?action=raw
